date,index_name,close_value,normalized_index
2022-01-03,BSE_SMALLCAP,26554.6,100.0
2022-01-04,BSE_SMALLCAP,27079.92,101.97826365300173
2022-01-05,BSE_SMALLCAP,27313.35,102.8573203889345
2022-01-06,BSE_SMALLCAP,27377.05,103.09720349769908
2022-01-07,BSE_SMALLCAP,26316.86,99.10471255451033
2022-01-10,BSE_SMALLCAP,26476.06,99.70423203512763
2022-01-11,BSE_SMALLCAP,26462.96,99.65489971605673
2022-01-12,BSE_SMALLCAP,26090.99,98.25412546225513
2022-01-13,BSE_SMALLCAP,26085.36,98.23292386253229
2022-01-14,BSE_SMALLCAP,26081.45,98.21819948332869
2022-01-17,BSE_SMALLCAP,26102.25,98.2965286617008
2022-01-18,BSE_SMALLCAP,26391.97,99.38756373660308
2022-01-19,BSE_SMALLCAP,26333.58,99.16767716327868
2022-01-20,BSE_SMALLCAP,26262.97,98.90177219766068
2022-01-21,BSE_SMALLCAP,26153.44,98.48930128866562
2022-01-24,BSE_SMALLCAP,26260.93,98.89408991285879
2022-01-25,BSE_SMALLCAP,26477.73,99.7105209643527
2022-01-26,BSE_SMALLCAP,26974.24,101.5802911736573
2022-01-27,BSE_SMALLCAP,27192.24,102.40124121621115
2022-01-28,BSE_SMALLCAP,27620.86,104.01534950630023
2022-01-31,BSE_SMALLCAP,27966.74,105.3178733628072
2022-02-01,BSE_SMALLCAP,28046.09,105.61669164664502
2022-02-02,BSE_SMALLCAP,27785.09,104.6338110911104
2022-02-03,BSE_SMALLCAP,27961.09,105.29659644656671
2022-02-04,BSE_SMALLCAP,28591.9,107.67211707199506
2022-02-07,BSE_SMALLCAP,29046.44,109.38383556897864
2022-02-08,BSE_SMALLCAP,29586.64,111.4181347111235
2022-02-09,BSE_SMALLCAP,28860.83,108.68486062678406
2022-02-10,BSE_SMALLCAP,28105.41,105.84008043804087
2022-02-11,BSE_SMALLCAP,27937.21,105.20666852447411
2022-02-14,BSE_SMALLCAP,28141.65,105.97655396805075
2022-02-15,BSE_SMALLCAP,28015.93,105.50311433800547
2022-02-16,BSE_SMALLCAP,27958.44,105.28661700797602
2022-02-17,BSE_SMALLCAP,27410.49,103.2231327152358
2022-02-18,BSE_SMALLCAP,27200.23,102.43133016501848
2022-02-21,BSE_SMALLCAP,26886.5,101.2498776106588
2022-02-22,BSE_SMALLCAP,26588.16,100.12638111664269
2022-02-23,BSE_SMALLCAP,26337.19,99.18127179471729
2022-02-24,BSE_SMALLCAP,25958.59,97.7555301153096
2022-02-25,BSE_SMALLCAP,25128.56,94.62978165741531
2022-02-28,BSE_SMALLCAP,25643.29,96.56816521431317
2022-03-01,BSE_SMALLCAP,25620.14,96.48098634511535
2022-03-02,BSE_SMALLCAP,25395.42,95.6347299526259
2022-03-03,BSE_SMALLCAP,25363.09,95.51298080181965
2022-03-04,BSE_SMALLCAP,25498.62,96.02336318377984
2022-03-07,BSE_SMALLCAP,25556.97,96.2430991240689
2022-03-08,BSE_SMALLCAP,25316.04,95.3357986940116
2022-03-09,BSE_SMALLCAP,25685.3,96.72636755966951
2022-03-10,BSE_SMALLCAP,25492.73,96.00118246932735
2022-03-11,BSE_SMALLCAP,25428.82,95.7605085371273
2022-03-14,BSE_SMALLCAP,26062.13,98.14544372726384
2022-03-15,BSE_SMALLCAP,26836.05,101.0598916948476
2022-03-16,BSE_SMALLCAP,27285.8,102.75357188585028
2022-03-17,BSE_SMALLCAP,27053.4,101.87839395057732
2022-03-18,BSE_SMALLCAP,26913.66,101.35215744164854
2022-03-21,BSE_SMALLCAP,26643.56,100.33500787057609
2022-03-22,BSE_SMALLCAP,26574.97,100.07670987324231
2022-03-23,BSE_SMALLCAP,26791.53,100.89223712652422
2022-03-24,BSE_SMALLCAP,26121.24,98.36804169522419
2022-03-25,BSE_SMALLCAP,25767.85,97.03723648633382
2022-03-28,BSE_SMALLCAP,25825.38,97.25388444939861
2022-03-29,BSE_SMALLCAP,25809.4,97.19370655178389
2022-03-30,BSE_SMALLCAP,25667.9,96.66084218930054
2022-03-31,BSE_SMALLCAP,25193.81,94.87550179629895
2022-04-01,BSE_SMALLCAP,25004.44,94.16236734878326
2022-04-04,BSE_SMALLCAP,24854.87,93.5991127714219
2022-04-05,BSE_SMALLCAP,24418.09,91.95427534212529
2022-04-06,BSE_SMALLCAP,24154.27,90.96077515759981
2022-04-07,BSE_SMALLCAP,24106.48,90.78080633863813
2022-04-08,BSE_SMALLCAP,24282.19,91.44249960458828
2022-04-11,BSE_SMALLCAP,24609.58,92.67539334051352
2022-04-12,BSE_SMALLCAP,24272.32,91.40533090312036
2022-04-13,BSE_SMALLCAP,24172.09,91.02788217483977
2022-04-14,BSE_SMALLCAP,24107.08,90.78306583416811
2022-04-15,BSE_SMALLCAP,24058.23,90.59910523977014
2022-04-18,BSE_SMALLCAP,23986.53,90.32909552393934
2022-04-19,BSE_SMALLCAP,23617.29,88.9386019747991
2022-04-20,BSE_SMALLCAP,23790.24,89.58990156131142
2022-04-21,BSE_SMALLCAP,23703.83,89.26449654673767
2022-04-22,BSE_SMALLCAP,23731.62,89.36914884803386
2022-04-25,BSE_SMALLCAP,23774.75,89.53156891837949
2022-04-26,BSE_SMALLCAP,23592.64,88.84577436677638
2022-04-27,BSE_SMALLCAP,23860.99,89.85633374255309
2022-04-28,BSE_SMALLCAP,23729.12,89.35973428332568
2022-04-29,BSE_SMALLCAP,23801.61,89.63271900160424
2022-05-02,BSE_SMALLCAP,23850.04,89.81509794913123
2022-05-03,BSE_SMALLCAP,23952.33,90.20030427873138
2022-05-04,BSE_SMALLCAP,24329.36,91.62013361150234
2022-05-05,BSE_SMALLCAP,24104.56,90.77357595294225
2022-05-06,BSE_SMALLCAP,24118.22,90.82501713450777
2022-05-09,BSE_SMALLCAP,24121.48,90.83729372688725
2022-05-10,BSE_SMALLCAP,24041.14,90.53474727542498
2022-05-11,BSE_SMALLCAP,24221.69,91.21466713865017
2022-05-12,BSE_SMALLCAP,23850.92,89.8184118759085
2022-05-13,BSE_SMALLCAP,24334.85,91.64080799560152
2022-05-16,BSE_SMALLCAP,24844.8,93.56119090477732
2022-05-17,BSE_SMALLCAP,24645.61,92.8110760470879
2022-05-18,BSE_SMALLCAP,24629.7,92.75116175728499
2022-05-19,BSE_SMALLCAP,24042.64,90.5403960142499
2022-05-20,BSE_SMALLCAP,23842.76,89.78768273670099
2022-05-23,BSE_SMALLCAP,24636.16,92.77548899249095
2022-05-24,BSE_SMALLCAP,24859.72,93.6173770269558
2022-05-25,BSE_SMALLCAP,25114.46,94.57668351246113
2022-05-26,BSE_SMALLCAP,24960.57,93.99716056728401
2022-05-27,BSE_SMALLCAP,24943.08,93.93129627258556
2022-05-30,BSE_SMALLCAP,24940.21,93.92048835230055
2022-05-31,BSE_SMALLCAP,24478.05,92.18007426208642
2022-06-01,BSE_SMALLCAP,24535.83,92.39766368162203
2022-06-02,BSE_SMALLCAP,24810.04,93.4302907970747
2022-06-03,BSE_SMALLCAP,25442.88,95.81345604904612
2022-06-06,BSE_SMALLCAP,25545.76,96.2008842159174
2022-06-07,BSE_SMALLCAP,25516.3,96.08994298539612
2022-06-08,BSE_SMALLCAP,25487.6,95.98186378254616
2022-06-09,BSE_SMALLCAP,25636.4,96.5422186739774
2022-06-10,BSE_SMALLCAP,25929.65,97.64654711424764
2022-06-13,BSE_SMALLCAP,26334.67,99.17178191349144
2022-06-14,BSE_SMALLCAP,25589.12,96.36417042621618
2022-06-15,BSE_SMALLCAP,25988.2,97.86703621971336
2022-06-16,BSE_SMALLCAP,25577.7,96.32116469462919
2022-06-17,BSE_SMALLCAP,25249.59,95.085559564068
2022-06-20,BSE_SMALLCAP,25194.17,94.87685749361692
2022-06-21,BSE_SMALLCAP,25387.94,95.60656157501903
2022-06-22,BSE_SMALLCAP,24947.61,93.94835546383679
2022-06-23,BSE_SMALLCAP,24760.5,93.24373178281729
2022-06-24,BSE_SMALLCAP,24876.75,93.68150904174794
2022-06-27,BSE_SMALLCAP,25061.61,94.37765961453007
2022-06-28,BSE_SMALLCAP,25239.52,95.04763769742343
2022-06-29,BSE_SMALLCAP,25589.17,96.36435871751033
2022-06-30,BSE_SMALLCAP,26016.57,97.97387270002184
2022-07-01,BSE_SMALLCAP,26073.95,98.18995578920415
2022-07-04,BSE_SMALLCAP,26067.77,98.1666829852455
2022-07-05,BSE_SMALLCAP,25801.08,97.16237488043504
2022-07-06,BSE_SMALLCAP,25613.36,96.45545404562675
2022-07-07,BSE_SMALLCAP,25152.21,94.71884343955473
2022-07-08,BSE_SMALLCAP,25659.38,96.62875735277504
2022-07-11,BSE_SMALLCAP,25653.42,96.60631303051072
2022-07-12,BSE_SMALLCAP,25937.88,97.67753986126698
2022-07-13,BSE_SMALLCAP,26937.51,101.44197238896461
2022-07-14,BSE_SMALLCAP,27801.44,104.69538234430193
2022-07-15,BSE_SMALLCAP,28252.12,106.39256475337606
2022-07-18,BSE_SMALLCAP,28125.03,105.9139659418707
2022-07-19,BSE_SMALLCAP,28459.31,107.1728062181317
2022-07-20,BSE_SMALLCAP,28477.62,107.24175849005447
2022-07-21,BSE_SMALLCAP,28129.1,105.92929285321564
2022-07-22,BSE_SMALLCAP,27795.62,104.67346523766128
2022-07-25,BSE_SMALLCAP,28145.88,105.992483411537
2022-07-26,BSE_SMALLCAP,28454.87,107.15608595120996
2022-07-27,BSE_SMALLCAP,28960.9,109.06170682292336
2022-07-28,BSE_SMALLCAP,28887.07,108.78367589796119
2022-07-29,BSE_SMALLCAP,28731.38,108.19737446619419
2022-08-01,BSE_SMALLCAP,28321.15,106.6525197140985
2022-08-02,BSE_SMALLCAP,27697.83,104.30520512453587
2022-08-03,BSE_SMALLCAP,27393.99,103.16099658816175
2022-08-04,BSE_SMALLCAP,27166.93,102.30592816310546
2022-08-05,BSE_SMALLCAP,26761.23,100.77813260226101
2022-08-08,BSE_SMALLCAP,26590.6,100.13556973179789
2022-08-09,BSE_SMALLCAP,27318.08,102.8751327453624
2022-08-10,BSE_SMALLCAP,27078.11,101.971447508153
2022-08-11,BSE_SMALLCAP,26411.91,99.46265430471557
2022-08-12,BSE_SMALLCAP,26486.52,99.74362257386669
2022-08-15,BSE_SMALLCAP,26741.83,100.7050755801255
2022-08-16,BSE_SMALLCAP,26434.33,99.54708412101859
2022-08-17,BSE_SMALLCAP,26732.53,100.67005339941102
2022-08-18,BSE_SMALLCAP,27429.18,103.29351600099419
2022-08-19,BSE_SMALLCAP,27360.27,103.03401293937775
2022-08-22,BSE_SMALLCAP,27663.3,104.1751711567864
2022-08-23,BSE_SMALLCAP,28039.98,105.59368245049822
2022-08-24,BSE_SMALLCAP,28220.21,106.27239724944077
2022-08-25,BSE_SMALLCAP,28598.18,107.69576645854202
2022-08-26,BSE_SMALLCAP,28830.53,108.57075610252085
2022-08-29,BSE_SMALLCAP,28474.91,107.23155310191079
2022-08-30,BSE_SMALLCAP,27624.41,104.02871818818586
2022-08-31,BSE_SMALLCAP,27715.82,104.37295233217598
2022-09-01,BSE_SMALLCAP,27646.84,104.1131856627477
2022-09-02,BSE_SMALLCAP,27049.82,101.86491229391518
2022-09-05,BSE_SMALLCAP,26988.5,101.63399185075279
2022-09-06,BSE_SMALLCAP,26957.43,101.51698764055945
2022-09-07,BSE_SMALLCAP,27088.73,102.01144057903339
2022-09-08,BSE_SMALLCAP,27530.17,103.67382675694607
2022-09-09,BSE_SMALLCAP,27243.29,102.5934866275523
2022-09-12,BSE_SMALLCAP,26493.84,99.77118841933225
2022-09-13,BSE_SMALLCAP,26365.48,99.28780700895514
2022-09-14,BSE_SMALLCAP,26683.67,100.48605514675424
2022-09-15,BSE_SMALLCAP,27202.57,102.44014219758535
2022-09-16,BSE_SMALLCAP,26995.6,101.66072921452405
2022-09-19,BSE_SMALLCAP,27234.79,102.56147710754446
2022-09-20,BSE_SMALLCAP,26841.93,101.08203475104125
2022-09-21,BSE_SMALLCAP,26863.67,101.16390380574363
2022-09-22,BSE_SMALLCAP,25841.96,97.31632184254329
2022-09-23,BSE_SMALLCAP,25743.31,96.94482311915827
2022-09-26,BSE_SMALLCAP,25876.15,97.44507542949246
2022-09-27,BSE_SMALLCAP,25730.42,96.89628162352285
2022-09-28,BSE_SMALLCAP,25252.67,95.09715830778848
2022-09-29,BSE_SMALLCAP,25297.88,95.26741129597133
2022-09-30,BSE_SMALLCAP,25960.24,97.76174372801701
2022-10-03,BSE_SMALLCAP,25681.36,96.71153020568943
2022-10-04,BSE_SMALLCAP,25446.41,95.82674941441408
2022-10-05,BSE_SMALLCAP,25380.02,95.5767362340235
2022-10-06,BSE_SMALLCAP,25990.58,97.87599888531555
2022-10-07,BSE_SMALLCAP,25533.02,96.15290759416449
2022-10-10,BSE_SMALLCAP,25280.35,95.20139636823752
2022-10-11,BSE_SMALLCAP,25536.38,96.16556076913228
2022-10-12,BSE_SMALLCAP,25120.8,94.60055884856108
2022-10-13,BSE_SMALLCAP,24841.79,93.54985576886868
2022-10-14,BSE_SMALLCAP,25478.64,95.94812198263202
2022-10-17,BSE_SMALLCAP,26121.27,98.36815467000068
2022-10-18,BSE_SMALLCAP,26354.64,99.24698545638044
2022-10-19,BSE_SMALLCAP,26493.76,99.77088715326158
2022-10-20,BSE_SMALLCAP,26297.74,99.03270996362214
2022-10-21,BSE_SMALLCAP,26318.14,99.10953281164092
2022-10-24,BSE_SMALLCAP,26059.94,98.13719656857945
2022-10-25,BSE_SMALLCAP,26632.96,100.29509011621339
2022-10-26,BSE_SMALLCAP,26706.23,100.57101217868092
2022-10-27,BSE_SMALLCAP,26667.86,100.42651743953968
2022-10-28,BSE_SMALLCAP,26707.0,100.57391186461105
2022-10-31,BSE_SMALLCAP,26491.69,99.76309189368321
2022-11-01,BSE_SMALLCAP,26700.01,100.54758874168695
2022-11-02,BSE_SMALLCAP,26637.64,100.3127141813471
2022-11-03,BSE_SMALLCAP,27752.52,104.51115814209216
2022-11-04,BSE_SMALLCAP,27604.73,103.95460673480301
2022-11-07,BSE_SMALLCAP,27946.12,105.24022203309408
2022-11-08,BSE_SMALLCAP,28690.65,108.04399237796842
2022-11-09,BSE_SMALLCAP,27622.31,104.02080995383099
2022-11-10,BSE_SMALLCAP,27477.8,103.47661045543899
2022-11-11,BSE_SMALLCAP,28086.31,105.76815316367035
2022-11-14,BSE_SMALLCAP,27244.48,102.59796796035339
2022-11-15,BSE_SMALLCAP,27719.02,104.38500297500246
2022-11-16,BSE_SMALLCAP,27865.23,104.93560437739602
2022-11-17,BSE_SMALLCAP,28487.28,107.27813636808689
2022-11-18,BSE_SMALLCAP,28389.71,106.9107047366558
2022-11-21,BSE_SMALLCAP,28514.47,107.38052917385312
2022-11-22,BSE_SMALLCAP,28075.96,105.72917686577843
2022-11-23,BSE_SMALLCAP,28007.33,105.47072823540933
2022-11-24,BSE_SMALLCAP,27727.05,104.41524255684513
2022-11-25,BSE_SMALLCAP,27522.75,103.64588432889217
2022-11-28,BSE_SMALLCAP,27599.18,103.93370640115084
2022-11-29,BSE_SMALLCAP,27320.7,102.88499920917657
2022-11-30,BSE_SMALLCAP,26507.41,99.82229067656829
2022-12-01,BSE_SMALLCAP,26616.42,100.23280335610403
2022-12-02,BSE_SMALLCAP,26715.71,100.60671220805435
2022-12-05,BSE_SMALLCAP,27011.5,101.7206058460681
2022-12-06,BSE_SMALLCAP,27028.43,101.78436127827194
2022-12-07,BSE_SMALLCAP,26644.82,100.33975281118903
2022-12-08,BSE_SMALLCAP,27233.46,102.55646855911971
2022-12-09,BSE_SMALLCAP,27125.2,102.1487802489964
2022-12-12,BSE_SMALLCAP,26782.2,100.85710197103327
2022-12-13,BSE_SMALLCAP,27347.04,102.98419106294203
2022-12-14,BSE_SMALLCAP,28019.79,105.51765042591492
2022-12-15,BSE_SMALLCAP,26985.68,101.62337222176197
2022-12-16,BSE_SMALLCAP,26660.06,100.39714399765015
2022-12-19,BSE_SMALLCAP,26611.41,100.21393656842884
2022-12-20,BSE_SMALLCAP,26733.39,100.67329200967063
2022-12-21,BSE_SMALLCAP,26996.14,101.66276276050101
2022-12-22,BSE_SMALLCAP,27974.84,105.34837655246172
2022-12-23,BSE_SMALLCAP,27572.94,103.8348911299737
2022-12-26,BSE_SMALLCAP,27652.79,104.13559232675318
2022-12-27,BSE_SMALLCAP,27112.64,102.10148147590247
2022-12-28,BSE_SMALLCAP,27217.46,102.49621534498732
2022-12-29,BSE_SMALLCAP,27869.89,104.95315312601208
2022-12-30,BSE_SMALLCAP,26829.94,101.03688249870079
2023-01-02,BSE_SMALLCAP,26319.71,99.11544515827767
2023-01-03,BSE_SMALLCAP,26625.99,100.26884230980697
2023-01-04,BSE_SMALLCAP,26945.39,101.47164709692483
2023-01-05,BSE_SMALLCAP,26656.53,100.38385063228216
2023-01-06,BSE_SMALLCAP,26979.32,101.59942156914434
2023-01-09,BSE_SMALLCAP,27491.18,103.5269972057572
2023-01-10,BSE_SMALLCAP,27721.88,104.39577323702862
2023-01-11,BSE_SMALLCAP,28308.89,106.60635068876955
2023-01-12,BSE_SMALLCAP,28456.61,107.16263848824687
2023-01-13,BSE_SMALLCAP,28373.67,106.85030088948808
2023-01-16,BSE_SMALLCAP,28506.27,107.34964940161026
2023-01-17,BSE_SMALLCAP,28862.01,108.68930430132633
2023-01-18,BSE_SMALLCAP,28244.49,106.36383150188668
2023-01-19,BSE_SMALLCAP,28370.68,106.8390410700971
2023-01-20,BSE_SMALLCAP,28340.36,106.72486122931622
2023-01-23,BSE_SMALLCAP,28152.72,106.01824166057858
2023-01-24,BSE_SMALLCAP,27733.13,104.43813877821546
2023-01-25,BSE_SMALLCAP,27038.85,101.82360118397567
2023-01-26,BSE_SMALLCAP,26865.0,101.16891235416841
2023-01-27,BSE_SMALLCAP,26663.21,100.40900634918243
2023-01-30,BSE_SMALLCAP,27032.92,101.80126983648783
2023-01-31,BSE_SMALLCAP,27479.07,103.48139305431074
2023-02-01,BSE_SMALLCAP,27175.46,102.3380506578898
2023-02-02,BSE_SMALLCAP,26871.75,101.1943316788805
2023-02-03,BSE_SMALLCAP,26682.32,100.48097128181182
2023-02-06,BSE_SMALLCAP,27118.76,102.12452833030812
2023-02-07,BSE_SMALLCAP,26886.79,101.25096970016496
2023-02-08,BSE_SMALLCAP,27648.21,104.11834484420778
2023-02-09,BSE_SMALLCAP,27716.21,104.37442100427046
2023-02-10,BSE_SMALLCAP,27906.7,105.0917731767754
2023-02-13,BSE_SMALLCAP,27745.16,104.48344166359125
2023-02-14,BSE_SMALLCAP,28395.1,106.93100253816665
2023-02-15,BSE_SMALLCAP,28587.01,107.65370218342585
2023-02-16,BSE_SMALLCAP,28417.7,107.01611020312866
2023-02-17,BSE_SMALLCAP,27923.07,105.1534197464846
2023-02-20,BSE_SMALLCAP,28210.37,106.23534152274937
2023-02-21,BSE_SMALLCAP,27981.12,105.3720259390087
2023-02-22,BSE_SMALLCAP,27932.27,105.18806534461073
2023-02-23,BSE_SMALLCAP,27591.83,103.90602758090878
2023-02-24,BSE_SMALLCAP,27260.96,102.66002877090976
2023-02-27,BSE_SMALLCAP,27050.6,101.86784963810413
2023-02-28,BSE_SMALLCAP,27045.63,101.84913348346427
2023-03-01,BSE_SMALLCAP,26623.1,100.2579590730043
2023-03-02,BSE_SMALLCAP,26549.03,99.97902434983015
2023-03-03,BSE_SMALLCAP,26304.3,99.0574137814164
2023-03-06,BSE_SMALLCAP,26278.84,98.96153585442823
2023-03-07,BSE_SMALLCAP,26633.83,100.29836638473184
2023-03-08,BSE_SMALLCAP,26730.38,100.66195687376201
2023-03-09,BSE_SMALLCAP,26524.9,99.88815497126676
2023-03-10,BSE_SMALLCAP,26526.22,99.89312586143268
2023-03-13,BSE_SMALLCAP,26765.75,100.79515413525341
2023-03-14,BSE_SMALLCAP,27046.37,101.85192019461789
2023-03-15,BSE_SMALLCAP,27143.73,102.21856100261348
2023-03-16,BSE_SMALLCAP,27848.3,104.87184894519217
2023-03-17,BSE_SMALLCAP,27529.04,103.66957137369796
2023-03-20,BSE_SMALLCAP,27750.68,104.50422902246692
2023-03-21,BSE_SMALLCAP,27744.49,104.48091856024946
2023-03-22,BSE_SMALLCAP,28159.19,106.04260655404336
2023-03-23,BSE_SMALLCAP,28183.23,106.13313700827729
2023-03-24,BSE_SMALLCAP,29029.68,109.32072032717497
2023-03-27,BSE_SMALLCAP,29086.31,109.5339790469448
2023-03-28,BSE_SMALLCAP,29404.31,110.73151167782606
2023-03-29,BSE_SMALLCAP,29343.92,110.5040934527351
2023-03-30,BSE_SMALLCAP,29504.71,111.10960059650682
2023-03-31,BSE_SMALLCAP,29276.56,110.25042742123776
2023-04-03,BSE_SMALLCAP,29472.3,110.98755017962989
2023-04-04,BSE_SMALLCAP,28701.76,108.0858307035316
2023-04-05,BSE_SMALLCAP,28508.84,107.35932757413029
2023-04-06,BSE_SMALLCAP,28257.51,106.41286255488691
2023-04-07,BSE_SMALLCAP,29033.77,109.33612255503755
2023-04-10,BSE_SMALLCAP,28763.73,108.31919893351811
2023-04-11,BSE_SMALLCAP,28591.86,107.67196643895973
2023-04-12,BSE_SMALLCAP,28311.79,106.61727158383106
2023-04-13,BSE_SMALLCAP,28493.92,107.30314145195183
2023-04-14,BSE_SMALLCAP,28383.3,106.88656579274401
2023-04-17,BSE_SMALLCAP,28224.95,106.2902472641275
2023-04-18,BSE_SMALLCAP,29094.78,109.56587559217613
2023-04-19,BSE_SMALLCAP,29177.41,109.87704578491109
2023-04-20,BSE_SMALLCAP,29473.93,110.99368847581962
2023-04-21,BSE_SMALLCAP,29661.79,111.70113652625157
2023-04-24,BSE_SMALLCAP,29339.61,110.48786274317821
2023-04-25,BSE_SMALLCAP,29126.16,109.68404720839328
2023-04-26,BSE_SMALLCAP,28697.68,108.07046613392784
2023-04-27,BSE_SMALLCAP,28233.41,106.3221061511
2023-04-28,BSE_SMALLCAP,28267.09,106.44893916684867
2023-05-01,BSE_SMALLCAP,28326.79,106.67375897208018
2023-05-02,BSE_SMALLCAP,28296.73,106.56055824602895
2023-05-03,BSE_SMALLCAP,28464.9,107.19385718481922
2023-05-04,BSE_SMALLCAP,28419.55,107.0230769810127
2023-05-05,BSE_SMALLCAP,28932.47,108.95464439306186
2023-05-08,BSE_SMALLCAP,28753.15,108.27935649567308
2023-05-09,BSE_SMALLCAP,29167.28,109.83889796871351
2023-05-10,BSE_SMALLCAP,29495.28,111.07408885842753
2023-05-11,BSE_SMALLCAP,28486.5,107.27519902389793
2023-05-12,BSE_SMALLCAP,27916.81,105.12984567645532
2023-05-15,BSE_SMALLCAP,27276.83,102.71979242767732
2023-05-16,BSE_SMALLCAP,27410.84,103.22445075429493
2023-05-17,BSE_SMALLCAP,27020.31,101.75378277209977
2023-05-18,BSE_SMALLCAP,27433.6,103.31016095139825
2023-05-19,BSE_SMALLCAP,27040.02,101.82800720025908
2023-05-22,BSE_SMALLCAP,27125.66,102.15051252890272
2023-05-23,BSE_SMALLCAP,26766.34,100.79737597252453
2023-05-24,BSE_SMALLCAP,26998.58,101.6719513756562
2023-05-25,BSE_SMALLCAP,26898.61,101.29548176210525
2023-05-26,BSE_SMALLCAP,26749.94,100.73561642803884
2023-05-29,BSE_SMALLCAP,26515.15,99.85143816890483
2023-05-30,BSE_SMALLCAP,26129.72,98.39997589871436
2023-05-31,BSE_SMALLCAP,26279.51,98.96405895777004
2023-06-01,BSE_SMALLCAP,26051.42,98.10511173205396
2023-06-02,BSE_SMALLCAP,26949.53,101.48723761608159
2023-06-05,BSE_SMALLCAP,27569.9,103.82344301928856
2023-06-06,BSE_SMALLCAP,27487.27,103.5122728265536
2023-06-07,BSE_SMALLCAP,27350.33,102.996580630098
2023-06-08,BSE_SMALLCAP,27296.16,102.79258584200102
2023-06-09,BSE_SMALLCAP,27889.4,105.02662438899478
2023-06-12,BSE_SMALLCAP,28734.98,108.21093143937397
2023-06-13,BSE_SMALLCAP,27982.17,105.37598005618611
2023-06-14,BSE_SMALLCAP,28525.82,107.4232712976283
2023-06-15,BSE_SMALLCAP,28432.07,107.07022512107132
2023-06-16,BSE_SMALLCAP,28129.75,105.93174064003976
2023-06-19,BSE_SMALLCAP,28589.56,107.66330503942821
2023-06-20,BSE_SMALLCAP,28642.34,107.86206532954743
2023-06-21,BSE_SMALLCAP,29211.43,110.0051591814601
2023-06-22,BSE_SMALLCAP,29620.48,111.5455702590135
2023-06-23,BSE_SMALLCAP,29778.37,112.1401565077237
2023-06-26,BSE_SMALLCAP,30477.38,114.7725064583914
2023-06-27,BSE_SMALLCAP,30434.97,114.61279778268174
2023-06-28,BSE_SMALLCAP,29997.23,112.96434516053718
2023-06-29,BSE_SMALLCAP,30827.26,116.09009361843145
2023-06-30,BSE_SMALLCAP,30748.14,115.7921414745468
2023-07-03,BSE_SMALLCAP,30844.17,116.15377373411764
2023-07-04,BSE_SMALLCAP,30626.53,115.33417938888178
2023-07-05,BSE_SMALLCAP,30691.23,115.57782832352963
2023-07-06,BSE_SMALLCAP,30849.58,116.17414685214615
2023-07-07,BSE_SMALLCAP,30399.48,114.47914862208431
2023-07-10,BSE_SMALLCAP,29965.02,112.84304790883691
2023-07-11,BSE_SMALLCAP,29621.69,111.55012690833226
2023-07-12,BSE_SMALLCAP,29590.55,111.4328590903271
2023-07-13,BSE_SMALLCAP,29790.0,112.1839530627462
2023-07-14,BSE_SMALLCAP,30351.62,114.29891619531081
2023-07-17,BSE_SMALLCAP,31422.38,118.33121191808576
2023-07-18,BSE_SMALLCAP,31523.16,118.71073185060217
2023-07-19,BSE_SMALLCAP,31349.07,118.05513922258291
2023-07-20,BSE_SMALLCAP,30353.51,114.30603360623017
2023-07-21,BSE_SMALLCAP,30484.41,114.79898021435082
2023-07-24,BSE_SMALLCAP,30434.28,114.61019936282226
2023-07-25,BSE_SMALLCAP,30305.69,114.12595181249199
2023-07-26,BSE_SMALLCAP,30052.41,113.17214343277624
2023-07-27,BSE_SMALLCAP,29814.18,112.27501073260377
2023-07-28,BSE_SMALLCAP,29971.67,112.86809065096067
2023-07-31,BSE_SMALLCAP,30261.21,113.95844787720395
2023-08-01,BSE_SMALLCAP,30271.81,113.99836563156667
2023-08-02,BSE_SMALLCAP,30625.64,115.33082780384566
2023-08-03,BSE_SMALLCAP,31199.01,117.49003939053875
2023-08-04,BSE_SMALLCAP,31181.08,117.42251813245164
2023-08-07,BSE_SMALLCAP,31736.8,119.51526289230492
2023-08-08,BSE_SMALLCAP,31343.06,118.03250660902445
2023-08-09,BSE_SMALLCAP,31491.68,118.59218365179669
2023-08-10,BSE_SMALLCAP,31347.35,118.04866200206368
2023-08-11,BSE_SMALLCAP,31584.09,118.94018362167007
2023-08-14,BSE_SMALLCAP,30676.35,115.5217928343865
2023-08-15,BSE_SMALLCAP,31203.05,117.50525332710717
2023-08-16,BSE_SMALLCAP,31204.5,117.51071377463794
2023-08-17,BSE_SMALLCAP,31415.25,118.30436157953801
2023-08-18,BSE_SMALLCAP,31097.04,117.10603812522125
2023-08-21,BSE_SMALLCAP,31847.62,119.9325917166894
2023-08-22,BSE_SMALLCAP,32022.95,120.59285396880391
2023-08-23,BSE_SMALLCAP,31877.62,120.04556649318762
2023-08-24,BSE_SMALLCAP,30986.61,116.69017797293124
2023-08-25,BSE_SMALLCAP,30859.64,116.21203106053188
2023-08-28,BSE_SMALLCAP,29904.82,112.61634519066376
2023-08-29,BSE_SMALLCAP,29979.19,112.89640966160289
2023-08-30,BSE_SMALLCAP,30247.27,113.9059522643911
2023-08-31,BSE_SMALLCAP,30567.67,115.11252287739224
2023-09-01,BSE_SMALLCAP,30227.95,113.83319650832624
2023-09-04,BSE_SMALLCAP,29985.37,112.91968246556152
2023-09-05,BSE_SMALLCAP,29968.13,112.85475962733389
2023-09-06,BSE_SMALLCAP,29762.89,112.08186152305062
2023-09-07,BSE_SMALLCAP,29106.84,109.61129145232842
2023-09-08,BSE_SMALLCAP,28878.35,108.75083789625903
2023-09-11,BSE_SMALLCAP,29059.36,109.43249003939056
2023-09-12,BSE_SMALLCAP,28895.48,108.81534649363954
2023-09-13,BSE_SMALLCAP,28822.07,108.53889721554835
2023-09-14,BSE_SMALLCAP,28635.46,107.83615644747049
2023-09-15,BSE_SMALLCAP,29601.16,111.47281450294864
2023-09-18,BSE_SMALLCAP,29673.85,111.74655238640385
2023-09-19,BSE_SMALLCAP,29787.26,112.17363469982602
2023-09-20,BSE_SMALLCAP,29573.41,111.36831283468777
2023-09-21,BSE_SMALLCAP,29789.24,112.18109103507491
2023-09-22,BSE_SMALLCAP,29851.06,112.41389439117894
2023-09-25,BSE_SMALLCAP,29160.16,109.81208528842461
2023-09-26,BSE_SMALLCAP,29792.45,112.19317933616023
2023-09-27,BSE_SMALLCAP,29768.41,112.10264888192629
2023-09-28,BSE_SMALLCAP,30011.8,113.01921324365647
2023-09-29,BSE_SMALLCAP,29770.23,112.10950268503386
2023-10-02,BSE_SMALLCAP,29976.65,112.88684446385938
2023-10-03,BSE_SMALLCAP,30276.32,114.01534950630024
2023-10-04,BSE_SMALLCAP,29689.29,111.80469673804163
2023-10-05,BSE_SMALLCAP,29926.01,112.69614304113036
2023-10-06,BSE_SMALLCAP,29902.95,112.60930309626205
2023-10-09,BSE_SMALLCAP,29500.98,111.0955540659622
2023-10-10,BSE_SMALLCAP,30214.47,113.78243317541971
2023-10-11,BSE_SMALLCAP,29847.52,112.40056336755215
2023-10-12,BSE_SMALLCAP,29965.71,112.84564632869636
2023-10-13,BSE_SMALLCAP,29475.99,111.00144607713919
2023-10-16,BSE_SMALLCAP,29050.28,109.39829634037042
2023-10-17,BSE_SMALLCAP,29500.91,111.09529045815039
2023-10-18,BSE_SMALLCAP,29378.69,110.63503121869658
2023-10-19,BSE_SMALLCAP,29993.32,112.94962078133355
2023-10-20,BSE_SMALLCAP,29843.74,112.38632854571338
2023-10-23,BSE_SMALLCAP,29677.05,111.75860302923036
2023-10-24,BSE_SMALLCAP,29386.6,110.66481890143326
2023-10-25,BSE_SMALLCAP,29207.64,109.99088670136248
2023-10-26,BSE_SMALLCAP,29480.18,111.01722488759009
2023-10-27,BSE_SMALLCAP,29536.7,111.23006936651278
2023-10-30,BSE_SMALLCAP,29432.26,110.83676651126359
2023-10-31,BSE_SMALLCAP,29736.37,111.98199182062618
2023-11-01,BSE_SMALLCAP,29985.49,112.92013436466752
2023-11-02,BSE_SMALLCAP,29890.89,112.56388723610975
2023-11-03,BSE_SMALLCAP,30550.91,115.04940763558858
2023-11-06,BSE_SMALLCAP,29926.42,112.6976870297425
2023-11-07,BSE_SMALLCAP,30116.75,113.41443667010613
2023-11-08,BSE_SMALLCAP,30087.01,113.30244100833752
2023-11-09,BSE_SMALLCAP,30319.07,114.17633856281022
2023-11-10,BSE_SMALLCAP,30384.65,114.42330142423536
2023-11-13,BSE_SMALLCAP,30517.29,114.92280056939288
2023-11-14,BSE_SMALLCAP,29791.34,112.18899926942979
2023-11-15,BSE_SMALLCAP,29906.17,112.6214290556062
2023-11-16,BSE_SMALLCAP,30363.05,114.34195958515663
2023-11-17,BSE_SMALLCAP,30131.52,113.4700579184021
2023-11-20,BSE_SMALLCAP,30572.19,115.12954441038463
2023-11-21,BSE_SMALLCAP,30444.61,114.64910034419648
2023-11-22,BSE_SMALLCAP,30217.12,113.79241261401039
2023-11-23,BSE_SMALLCAP,30000.97,112.97842934934062
2023-11-24,BSE_SMALLCAP,29600.64,111.47085627348933
2023-11-27,BSE_SMALLCAP,29651.28,111.66155769621835
2023-11-28,BSE_SMALLCAP,29416.95,110.77911171699067
2023-11-29,BSE_SMALLCAP,29215.48,110.02041077628735
2023-11-30,BSE_SMALLCAP,28960.4,109.0598239099817
2023-12-01,BSE_SMALLCAP,29112.78,109.63366045807506
2023-12-04,BSE_SMALLCAP,28626.99,107.80425990223917
2023-12-05,BSE_SMALLCAP,28883.51,108.77026955781672
2023-12-06,BSE_SMALLCAP,29105.97,109.60801518380998
2023-12-07,BSE_SMALLCAP,29332.73,110.46195386110129
2023-12-08,BSE_SMALLCAP,28957.48,109.04882769840253
2023-12-11,BSE_SMALLCAP,29074.15,109.48818660420419
2023-12-12,BSE_SMALLCAP,29625.29,111.56368388151205
2023-12-13,BSE_SMALLCAP,29154.4,109.79039413133695
2023-12-14,BSE_SMALLCAP,29248.55,110.14494663824723
2023-12-15,BSE_SMALLCAP,28821.01,108.53490544011206
2023-12-18,BSE_SMALLCAP,28732.52,108.20166750770113
2023-12-19,BSE_SMALLCAP,28740.08,108.23013715137868
2023-12-20,BSE_SMALLCAP,28509.29,107.36102219577776
2023-12-21,BSE_SMALLCAP,28234.42,106.32590963524211
2023-12-22,BSE_SMALLCAP,28355.05,106.78018121154152
2023-12-25,BSE_SMALLCAP,27980.85,105.3710091660202
2023-12-26,BSE_SMALLCAP,28201.98,106.20374624358868
2023-12-27,BSE_SMALLCAP,28911.6,108.8760516068779
2023-12-28,BSE_SMALLCAP,28424.4,107.0413412365466
2023-12-29,BSE_SMALLCAP,27922.2,105.15014347796617
2024-01-01,BSE_SMALLCAP,27361.38,103.03819300610817
2024-01-02,BSE_SMALLCAP,27200.79,102.43343902751315
2024-01-03,BSE_SMALLCAP,27545.85,103.73287490679581
2024-01-04,BSE_SMALLCAP,27930.0,105.1795169198557
2024-01-05,BSE_SMALLCAP,28113.62,105.87099786854255
2024-01-08,BSE_SMALLCAP,28211.95,106.24129152764495
2024-01-09,BSE_SMALLCAP,28735.72,108.2137181505276
2024-01-10,BSE_SMALLCAP,28561.91,107.55917995375566
2024-01-11,BSE_SMALLCAP,28804.51,108.47276931303804
2024-01-12,BSE_SMALLCAP,29629.21,111.5784459189745
2024-01-15,BSE_SMALLCAP,30161.77,113.58397415137114
2024-01-16,BSE_SMALLCAP,29718.08,111.9131148652211
2024-01-17,BSE_SMALLCAP,29501.59,111.09785121975102
2024-01-18,BSE_SMALLCAP,30366.65,114.35551655833642
2024-01-19,BSE_SMALLCAP,30146.9,113.52797632048686
2024-01-22,BSE_SMALLCAP,30844.19,116.1538490506353
2024-01-23,BSE_SMALLCAP,30682.12,115.54352164973301
2024-01-24,BSE_SMALLCAP,30619.5,115.30770563292236
2024-01-25,BSE_SMALLCAP,30254.09,113.93163519691505
2024-01-26,BSE_SMALLCAP,29963.82,112.83852891777697
2024-01-29,BSE_SMALLCAP,29904.13,112.61374677080431
2024-01-30,BSE_SMALLCAP,30002.13,112.98279770736521
2024-01-31,BSE_SMALLCAP,29856.53,112.43449345876044
2024-02-01,BSE_SMALLCAP,30169.22,113.61202955420153
2024-02-02,BSE_SMALLCAP,30023.74,113.06417720470276
2024-02-05,BSE_SMALLCAP,29197.88,109.95413224074173
2024-02-06,BSE_SMALLCAP,29134.83,109.71669691880128
2024-02-07,BSE_SMALLCAP,28965.0,109.07714670904475
2024-02-08,BSE_SMALLCAP,29589.39,111.42849073230249
2024-02-09,BSE_SMALLCAP,29980.46,112.90119226047463
2024-02-12,BSE_SMALLCAP,30417.75,114.54795026097173
2024-02-13,BSE_SMALLCAP,30737.34,115.75147055500743
2024-02-14,BSE_SMALLCAP,30947.09,116.54135253402424
2024-02-15,BSE_SMALLCAP,31156.93,117.33157343737055
2024-02-16,BSE_SMALLCAP,31580.57,118.92692791456095
2024-02-19,BSE_SMALLCAP,31858.23,119.97254712931094
2024-02-20,BSE_SMALLCAP,31648.99,119.1845857214946
2024-02-21,BSE_SMALLCAP,31056.46,116.95322091087796
2024-02-22,BSE_SMALLCAP,30276.6,114.01640393754755
2024-02-23,BSE_SMALLCAP,29943.68,112.76268518448782
2024-02-26,BSE_SMALLCAP,29661.0,111.69816152380379
2024-02-27,BSE_SMALLCAP,29643.18,111.63105450656383
2024-02-28,BSE_SMALLCAP,29613.75,111.52022625081908
2024-02-29,BSE_SMALLCAP,30357.45,114.32087096021029
2024-03-01,BSE_SMALLCAP,30616.47,115.29629518049605
2024-03-04,BSE_SMALLCAP,30323.31,114.19230566455532
2024-03-05,BSE_SMALLCAP,30927.26,116.4666762067589
2024-03-06,BSE_SMALLCAP,30850.89,116.17908008405324
2024-03-07,BSE_SMALLCAP,31116.28,117.17849261521545
2024-03-08,BSE_SMALLCAP,31341.27,118.02576578069338
2024-03-11,BSE_SMALLCAP,31381.24,118.17628584124786
2024-03-12,BSE_SMALLCAP,32025.15,120.60113878574712
2024-03-13,BSE_SMALLCAP,31789.63,119.71421147371831
2024-03-14,BSE_SMALLCAP,31869.11,120.01351931492097
2024-03-15,BSE_SMALLCAP,31495.76,118.60754822140042
2024-03-18,BSE_SMALLCAP,31671.72,119.27018294382141
2024-03-19,BSE_SMALLCAP,31873.85,120.03136932960767
2024-03-20,BSE_SMALLCAP,31934.59,120.26010559375777
2024-03-21,BSE_SMALLCAP,31987.56,120.45958139079482
2024-03-22,BSE_SMALLCAP,31932.93,120.25385432279154
2024-03-25,BSE_SMALLCAP,32122.98,120.96954953190784
2024-03-26,BSE_SMALLCAP,32422.55,122.09767799176036
2024-03-27,BSE_SMALLCAP,31905.46,120.15040708577797
2024-03-28,BSE_SMALLCAP,31805.71,119.77476595392136
2024-03-29,BSE_SMALLCAP,31669.24,119.2608436956309
2024-04-01,BSE_SMALLCAP,31983.58,120.4445934037794
2024-04-02,BSE_SMALLCAP,32546.98,122.56625970641622
2024-04-03,BSE_SMALLCAP,32763.83,123.38287904920429
2024-04-04,BSE_SMALLCAP,32852.35,123.71622995639173
2024-04-05,BSE_SMALLCAP,32527.53,122.49301439298652
2024-04-08,BSE_SMALLCAP,33401.58,125.78453450626259
2024-04-09,BSE_SMALLCAP,33000.86,124.27549275831684
2024-04-10,BSE_SMALLCAP,32454.97,122.21976606689616
2024-04-11,BSE_SMALLCAP,32803.63,123.5327589193586
2024-04-12,BSE_SMALLCAP,32595.18,122.74777251399004
2024-04-15,BSE_SMALLCAP,32965.92,124.14391480195522
2024-04-16,BSE_SMALLCAP,33650.78,126.72297831637455
2024-04-17,BSE_SMALLCAP,33550.26,126.34443749858784
2024-04-18,BSE_SMALLCAP,33787.06,127.23618506774721
2024-04-19,BSE_SMALLCAP,33602.75,126.5421056992009
2024-04-22,BSE_SMALLCAP,33661.25,126.76240651337245
2024-04-23,BSE_SMALLCAP,33625.6,126.62815482063372
2024-04-24,BSE_SMALLCAP,34100.33,128.41590534220063
2024-04-25,BSE_SMALLCAP,33867.82,127.54031316608045
2024-04-26,BSE_SMALLCAP,33577.05,126.44532397400074
2024-04-29,BSE_SMALLCAP,33509.29,126.19015161215007
2024-04-30,BSE_SMALLCAP,33842.75,127.44590391118678
2024-05-01,BSE_SMALLCAP,33493.93,126.13230852658297
2024-05-02,BSE_SMALLCAP,32972.81,124.16986134229097
2024-05-03,BSE_SMALLCAP,33538.08,126.29856973932954
2024-05-06,BSE_SMALLCAP,32543.93,122.55477393747223
2024-05-07,BSE_SMALLCAP,31984.81,120.44922536961582
2024-05-08,BSE_SMALLCAP,32983.03,124.20834808281805
2024-05-09,BSE_SMALLCAP,32214.92,121.3157795636161
2024-05-10,BSE_SMALLCAP,32043.0,120.66835877776356
2024-05-13,BSE_SMALLCAP,31778.86,119.67365352895544
2024-05-14,BSE_SMALLCAP,30806.42,116.01161380702403
2024-05-15,BSE_SMALLCAP,30402.73,114.49138755620496
2024-05-16,BSE_SMALLCAP,30536.45,114.99495379331641
2024-05-17,BSE_SMALLCAP,30879.61,116.28723460342087
2024-05-20,BSE_SMALLCAP,31377.87,118.1635950080212
2024-05-21,BSE_SMALLCAP,31238.09,117.63720786605711
2024-05-22,BSE_SMALLCAP,30469.31,114.74211624351338
2024-05-23,BSE_SMALLCAP,30512.96,114.90649454331829
2024-05-24,BSE_SMALLCAP,31121.98,117.19995782275012
2024-05-27,BSE_SMALLCAP,31809.83,119.79028115656045
2024-05-28,BSE_SMALLCAP,32268.94,121.51920947783059
2024-05-29,BSE_SMALLCAP,31687.7,119.33036084143613
2024-05-30,BSE_SMALLCAP,31624.96,119.09409292551949
2024-05-31,BSE_SMALLCAP,31748.58,119.5596243212099
2024-06-03,BSE_SMALLCAP,31944.41,120.29708600393153
2024-06-04,BSE_SMALLCAP,31188.91,117.45200454911769
2024-06-05,BSE_SMALLCAP,32113.4,120.9334729199461
2024-06-06,BSE_SMALLCAP,32729.43,123.25333463881964
2024-06-07,BSE_SMALLCAP,32751.58,123.33674768213419
2024-06-10,BSE_SMALLCAP,32833.07,123.64362483336222
2024-06-11,BSE_SMALLCAP,32629.81,122.87818306432786
2024-06-12,BSE_SMALLCAP,33217.28,125.09049279597508
2024-06-13,BSE_SMALLCAP,32712.14,123.18822350929783
2024-06-14,BSE_SMALLCAP,32787.1,123.47050981750809
2024-06-17,BSE_SMALLCAP,32431.97,122.13315207158082
2024-06-18,BSE_SMALLCAP,32447.21,122.19054325804193
2024-06-19,BSE_SMALLCAP,33000.73,124.27500320095201
2024-06-20,BSE_SMALLCAP,32731.29,123.26033907496254
2024-06-21,BSE_SMALLCAP,32836.97,123.65831155430698
2024-06-24,BSE_SMALLCAP,32802.32,123.52782568745153
2024-06-25,BSE_SMALLCAP,32493.34,122.36426080603738
2024-06-26,BSE_SMALLCAP,32239.44,121.40811761427399
2024-06-27,BSE_SMALLCAP,31992.44,120.4779586211052
2024-06-28,BSE_SMALLCAP,31224.26,117.58512649409143
2024-07-01,BSE_SMALLCAP,31178.79,117.41389439117893
2024-07-02,BSE_SMALLCAP,31234.74,117.62459234934815
2024-07-03,BSE_SMALLCAP,30607.32,115.26183787366409
2024-07-04,BSE_SMALLCAP,30437.49,114.62228766390758
2024-07-05,BSE_SMALLCAP,30364.12,114.34598901885174
2024-07-08,BSE_SMALLCAP,30728.06,115.71652369081065
2024-07-09,BSE_SMALLCAP,31494.07,118.6011839756577
2024-07-10,BSE_SMALLCAP,31688.88,119.3348045159784
2024-07-11,BSE_SMALLCAP,31112.04,117.16252551347037
2024-07-12,BSE_SMALLCAP,30737.86,115.75342878446673
2024-07-15,BSE_SMALLCAP,30791.16,115.95414730404525
2024-07-16,BSE_SMALLCAP,30620.54,115.31162209184099
2024-07-17,BSE_SMALLCAP,30625.44,115.330074638669
2024-07-18,BSE_SMALLCAP,31001.15,116.74493308127407
2024-07-19,BSE_SMALLCAP,30949.63,116.55091773176775
2024-07-22,BSE_SMALLCAP,32039.98,120.65698598359606
2024-07-23,BSE_SMALLCAP,31369.39,118.13166080453104
2024-07-24,BSE_SMALLCAP,31627.15,119.10234008420389
2024-07-25,BSE_SMALLCAP,30926.4,116.4634375964993
2024-07-26,BSE_SMALLCAP,30584.92,115.17748337387872
2024-07-29,BSE_SMALLCAP,30965.79,116.61177347804148
2024-07-30,BSE_SMALLCAP,30115.28,113.40890090605771
2024-07-31,BSE_SMALLCAP,30261.13,113.9581466111333
2024-08-01,BSE_SMALLCAP,29765.26,112.09078653039397
2024-08-02,BSE_SMALLCAP,29757.68,112.06224157019878
2024-08-05,BSE_SMALLCAP,29520.13,111.16766963162692
2024-08-06,BSE_SMALLCAP,29546.99,111.26881971485167
2024-08-07,BSE_SMALLCAP,29731.45,111.96346395728047
2024-08-08,BSE_SMALLCAP,30192.46,113.69954734772882
2024-08-09,BSE_SMALLCAP,30272.31,114.0002485445083
2024-08-12,BSE_SMALLCAP,30553.49,115.05912346636742
2024-08-13,BSE_SMALLCAP,30546.78,115.03385477469064
2024-08-14,BSE_SMALLCAP,30005.06,112.9938315772032
2024-08-15,BSE_SMALLCAP,29556.16,111.30335233820131
2024-08-16,BSE_SMALLCAP,30195.11,113.70952678631951
2024-08-19,BSE_SMALLCAP,29709.82,111.88200914342525
2024-08-20,BSE_SMALLCAP,29809.66,112.25798919961136
2024-08-21,BSE_SMALLCAP,29903.18,112.61016923621521
2024-08-22,BSE_SMALLCAP,29973.56,112.87520806188007
2024-08-23,BSE_SMALLCAP,30423.16,114.56832337900025
2024-08-26,BSE_SMALLCAP,30173.77,113.62916406197043
2024-08-27,BSE_SMALLCAP,30106.91,113.37738094341469
2024-08-28,BSE_SMALLCAP,29986.43,112.92367424099781
2024-08-29,BSE_SMALLCAP,29080.05,109.51040497691548
2024-08-30,BSE_SMALLCAP,28795.65,108.43940409571225
2024-09-02,BSE_SMALLCAP,29244.94,110.13135200680861
2024-09-03,BSE_SMALLCAP,30098.31,113.34499484081854
2024-09-04,BSE_SMALLCAP,30519.2,114.92999329682993
2024-09-05,BSE_SMALLCAP,30705.89,115.63303533097844
2024-09-06,BSE_SMALLCAP,30147.69,113.53095132293463
2024-09-09,BSE_SMALLCAP,30246.83,113.90429530100248
2024-09-10,BSE_SMALLCAP,30309.89,114.14176828120175
2024-09-11,BSE_SMALLCAP,31331.8,117.99010340957877
2024-09-12,BSE_SMALLCAP,30604.27,115.2503521047201
2024-09-13,BSE_SMALLCAP,30099.76,113.35045528834928
2024-09-16,BSE_SMALLCAP,30631.45,115.3527072522275
2024-09-17,BSE_SMALLCAP,31316.54,117.93263690659998
2024-09-18,BSE_SMALLCAP,31483.12,118.55994818223586
2024-09-19,BSE_SMALLCAP,31346.65,118.0460259239454
2024-09-20,BSE_SMALLCAP,31619.15,119.07221347713768
2024-09-23,BSE_SMALLCAP,32611.3,122.80847762722844
2024-09-24,BSE_SMALLCAP,32343.05,121.79829483404005
2024-09-25,BSE_SMALLCAP,32575.59,122.67399998493671
2024-09-26,BSE_SMALLCAP,32507.76,122.4185640152742
2024-09-27,BSE_SMALLCAP,32697.99,123.1349370730495
2024-09-30,BSE_SMALLCAP,33076.34,124.55973729598637
2024-10-01,BSE_SMALLCAP,32831.98,123.63952008314945
2024-10-02,BSE_SMALLCAP,33305.02,125.42090635897358
2024-10-03,BSE_SMALLCAP,33102.21,124.65715921158669
2024-10-04,BSE_SMALLCAP,33389.76,125.74002244432228
2024-10-07,BSE_SMALLCAP,32526.0,122.48725267938512
2024-10-08,BSE_SMALLCAP,32895.33,123.87808515285488
2024-10-09,BSE_SMALLCAP,32516.54,122.45162796652936
2024-10-10,BSE_SMALLCAP,32315.15,121.6932282918967
2024-10-11,BSE_SMALLCAP,31342.41,118.0300588222003
2024-10-14,BSE_SMALLCAP,31267.26,117.74705700707221
2024-10-15,BSE_SMALLCAP,31870.94,120.02041077628735
2024-10-16,BSE_SMALLCAP,31208.8,117.52690682593601
2024-10-17,BSE_SMALLCAP,31315.41,117.9283815233519
2024-10-18,BSE_SMALLCAP,30464.24,114.72302350628519
2024-10-21,BSE_SMALLCAP,30422.67,114.56647812431744
2024-10-22,BSE_SMALLCAP,30808.72,116.02027520655555
2024-10-23,BSE_SMALLCAP,30784.4,115.92869032107433
2024-10-24,BSE_SMALLCAP,31141.45,117.27327845269745
2024-10-25,BSE_SMALLCAP,30947.48,116.54282120611872
2024-10-28,BSE_SMALLCAP,32098.9,120.8788684446386
2024-10-29,BSE_SMALLCAP,32615.67,122.82493428633833
2024-10-30,BSE_SMALLCAP,32733.86,123.27001724748254
2024-10-31,BSE_SMALLCAP,33543.71,126.31977133905237
2024-11-01,BSE_SMALLCAP,34222.75,128.87691774683105
2024-11-04,BSE_SMALLCAP,33993.08,128.01202051621942
2024-11-05,BSE_SMALLCAP,34254.28,128.9956542369307
2024-11-06,BSE_SMALLCAP,34138.45,128.559458624871
2024-11-07,BSE_SMALLCAP,34600.55,130.29964676553217
2024-11-08,BSE_SMALLCAP,35387.83,133.26440616691647
2024-11-11,BSE_SMALLCAP,34694.22,130.65239167601848
2024-11-12,BSE_SMALLCAP,34776.37,130.96175427232947
2024-11-13,BSE_SMALLCAP,35513.76,133.73863662039724
2024-11-14,BSE_SMALLCAP,35915.63,135.25200906810872
2024-11-15,BSE_SMALLCAP,36154.89,136.15302056894097
2024-11-18,BSE_SMALLCAP,36723.84,138.29558720522996
2024-11-19,BSE_SMALLCAP,36075.02,135.85224405564384
2024-11-20,BSE_SMALLCAP,36386.2,137.0240937540012
2024-11-21,BSE_SMALLCAP,37040.06,139.48641666603902
2024-11-22,BSE_SMALLCAP,37360.2,140.69200816431052
2024-11-25,BSE_SMALLCAP,36760.39,138.43322814126367
2024-11-26,BSE_SMALLCAP,36595.04,137.81054883146425
2024-11-27,BSE_SMALLCAP,36626.79,137.93011380325822
2024-11-28,BSE_SMALLCAP,36239.2,136.47051734915985
2024-11-29,BSE_SMALLCAP,35814.92,134.87275274340416
2024-12-02,BSE_SMALLCAP,36085.33,135.8910697205004
2024-12-03,BSE_SMALLCAP,36945.06,139.12866320712794
2024-12-04,BSE_SMALLCAP,36017.96,135.6373660307442
2024-12-05,BSE_SMALLCAP,35803.23,134.82873023882868
2024-12-06,BSE_SMALLCAP,35471.92,133.58107446544102
2024-12-09,BSE_SMALLCAP,36243.44,136.48648445090495
2024-12-10,BSE_SMALLCAP,36634.67,137.9597885112184
2024-12-11,BSE_SMALLCAP,37374.7,140.74661263961798
2024-12-12,BSE_SMALLCAP,37863.38,142.58689643225654
2024-12-13,BSE_SMALLCAP,38515.82,145.04387187154015
2024-12-16,BSE_SMALLCAP,38696.78,145.7253357233775
2024-12-17,BSE_SMALLCAP,38980.65,146.79434071686265
2024-12-18,BSE_SMALLCAP,39293.25,147.97153788797422
2024-12-19,BSE_SMALLCAP,39339.46,148.14555670204032
2024-12-20,BSE_SMALLCAP,39370.34,148.26184540531585
2024-12-23,BSE_SMALLCAP,39658.63,149.34749534920505
2024-12-24,BSE_SMALLCAP,39935.01,150.38829430682446
2024-12-25,BSE_SMALLCAP,40080.76,150.93716342931168
2024-12-26,BSE_SMALLCAP,40209.98,151.42378344994842
2024-12-27,BSE_SMALLCAP,40637.66,153.03435186370723
2024-12-30,BSE_SMALLCAP,40594.86,152.8731745159031
2024-12-31,BSE_SMALLCAP,39942.39,150.416086101843
2025-01-01,BSE_SMALLCAP,40085.12,150.95358243016278
2025-01-02,BSE_SMALLCAP,39617.6,149.19298351321427
2025-01-03,BSE_SMALLCAP,40220.72,151.46422841993478
2025-01-06,BSE_SMALLCAP,39923.38,150.34449775180195
2025-01-07,BSE_SMALLCAP,39675.82,149.41222989613854
2025-01-08,BSE_SMALLCAP,39933.13,150.38121455416388
2025-01-09,BSE_SMALLCAP,39955.18,150.4642510148901
2025-01-10,BSE_SMALLCAP,40644.33,153.05946992234868
2025-01-13,BSE_SMALLCAP,40555.66,152.72555414127876
2025-01-14,BSE_SMALLCAP,40419.5,152.21279928901208
2025-01-15,BSE_SMALLCAP,40022.8,150.7188961611171
2025-01-16,BSE_SMALLCAP,39398.85,148.369209101248
2025-01-17,BSE_SMALLCAP,39140.44,147.39608203475106
2025-01-20,BSE_SMALLCAP,39392.4,148.34491952430088
2025-01-21,BSE_SMALLCAP,40128.05,151.11524933533175
2025-01-22,BSE_SMALLCAP,40633.17,153.01744330549133
2025-01-23,BSE_SMALLCAP,40342.01,151.92098544131716
2025-01-24,BSE_SMALLCAP,40461.7,152.37171714128627
2025-01-27,BSE_SMALLCAP,40506.36,152.5398989252333
2025-01-28,BSE_SMALLCAP,41191.47,155.11990389612347
2025-01-29,BSE_SMALLCAP,41979.28,158.0866591852259
2025-01-30,BSE_SMALLCAP,40891.03,153.98849916775248
2025-01-31,BSE_SMALLCAP,41718.09,157.10306312277345
2025-02-03,BSE_SMALLCAP,40849.61,153.83251865966727
2025-02-04,BSE_SMALLCAP,41033.82,154.52622144562525
2025-02-05,BSE_SMALLCAP,39890.85,150.22199543581903
2025-02-06,BSE_SMALLCAP,40485.18,152.46013873302556
2025-02-07,BSE_SMALLCAP,40324.49,151.85500817184217
2025-02-10,BSE_SMALLCAP,40733.43,153.39500500854842
2025-02-11,BSE_SMALLCAP,40600.07,152.89279446875494
2025-02-12,BSE_SMALLCAP,41179.76,155.07580607503033
2025-02-13,BSE_SMALLCAP,40268.16,151.64287919983735
2025-02-14,BSE_SMALLCAP,40638.98,153.03932275387317
2025-02-17,BSE_SMALLCAP,40903.68,154.03613686517593
2025-02-18,BSE_SMALLCAP,41146.18,154.94934964186996
2025-02-19,BSE_SMALLCAP,41469.68,156.16759431510926
2025-02-20,BSE_SMALLCAP,42157.23,158.7567879011546
2025-02-21,BSE_SMALLCAP,42768.28,161.05789580712946
2025-02-24,BSE_SMALLCAP,41969.79,158.05092149759366
2025-02-25,BSE_SMALLCAP,42066.62,158.4155664178711
2025-02-26,BSE_SMALLCAP,42304.46,159.3112304459491
2025-02-27,BSE_SMALLCAP,42295.84,159.27876902683528
2025-02-28,BSE_SMALLCAP,42416.92,159.73473522478216
2025-03-03,BSE_SMALLCAP,42729.36,160.91132986375243
2025-03-04,BSE_SMALLCAP,43210.87,162.72461268480794
2025-03-05,BSE_SMALLCAP,43584.9,164.13314453992908
2025-03-06,BSE_SMALLCAP,44141.31,166.2284877196418
2025-03-07,BSE_SMALLCAP,45395.01,170.949703629503
2025-03-10,BSE_SMALLCAP,45297.14,170.58114225030693
2025-03-11,BSE_SMALLCAP,45245.3,170.385921836518
2025-03-12,BSE_SMALLCAP,45720.97,172.17721223441512
2025-03-13,BSE_SMALLCAP,45750.9,172.28992340310154
2025-03-14,BSE_SMALLCAP,45569.23,171.60578581488707
2025-03-17,BSE_SMALLCAP,45315.33,170.6496426231237
2025-03-18,BSE_SMALLCAP,45744.38,172.26537021834258
2025-03-19,BSE_SMALLCAP,46064.96,173.4726186800027
2025-03-20,BSE_SMALLCAP,47305.18,178.14307125695737
2025-03-21,BSE_SMALLCAP,46671.55,175.7569310025382
2025-03-24,BSE_SMALLCAP,46061.68,173.46026677110558
2025-03-25,BSE_SMALLCAP,46137.13,173.74439833399865
2025-03-26,BSE_SMALLCAP,45670.98,171.98895859851027
2025-03-27,BSE_SMALLCAP,44589.33,167.91565303186644
2025-03-28,BSE_SMALLCAP,44361.17,167.05644219833852
2025-03-31,BSE_SMALLCAP,45743.91,172.26360028017746
2025-04-01,BSE_SMALLCAP,47381.75,178.43142054483968
2025-04-02,BSE_SMALLCAP,47773.1,179.90517650425915
2025-04-03,BSE_SMALLCAP,47075.11,177.27666769599242
2025-04-04,BSE_SMALLCAP,46601.24,175.49215578468514
2025-04-07,BSE_SMALLCAP,46694.46,175.843206073524
2025-04-08,BSE_SMALLCAP,46402.49,174.74369789038434
2025-04-09,BSE_SMALLCAP,46540.96,175.26515180044134
2025-04-10,BSE_SMALLCAP,46602.17,175.49565800275658
2025-04-11,BSE_SMALLCAP,45850.77,172.66601643406418
2025-04-14,BSE_SMALLCAP,45852.39,172.67211707199505
2025-04-15,BSE_SMALLCAP,46180.52,173.9077975190739
2025-04-16,BSE_SMALLCAP,45974.67,173.13260226100186
2025-04-17,BSE_SMALLCAP,46615.06,175.544199498392
2025-04-18,BSE_SMALLCAP,46684.41,175.8053595233971
2025-04-21,BSE_SMALLCAP,46633.49,175.61360366942074
2025-04-22,BSE_SMALLCAP,46706.88,175.88997763099425
2025-04-23,BSE_SMALLCAP,46391.03,174.70054152576202
2025-04-24,BSE_SMALLCAP,46686.01,175.81138484481033
2025-04-25,BSE_SMALLCAP,46167.51,173.85880412433252
2025-04-28,BSE_SMALLCAP,47755.56,179.8391239182665
2025-04-29,BSE_SMALLCAP,49152.45,185.0995684363538
2025-04-30,BSE_SMALLCAP,49135.04,185.034005407726
2025-05-01,BSE_SMALLCAP,49559.78,186.63350229338798
2025-05-02,BSE_SMALLCAP,50010.89,188.33230400759192
2025-05-05,BSE_SMALLCAP,50460.77,190.02647375595942
2025-05-06,BSE_SMALLCAP,50978.4,191.9757782079188
2025-05-07,BSE_SMALLCAP,51552.42,194.137437581436
2025-05-08,BSE_SMALLCAP,52087.35,196.15189082117598
2025-05-09,BSE_SMALLCAP,51560.11,194.1663967824784
2025-05-12,BSE_SMALLCAP,51916.11,195.50703079692408
2025-05-13,BSE_SMALLCAP,51419.84,193.63816438583146
2025-05-14,BSE_SMALLCAP,51831.05,195.18670964729276
2025-05-15,BSE_SMALLCAP,52545.44,197.8769780000452
2025-05-16,BSE_SMALLCAP,52857.0,199.0502587122382
2025-05-19,BSE_SMALLCAP,53446.3,201.26945990525184
2025-05-20,BSE_SMALLCAP,53647.63,202.02763363033145
2025-05-21,BSE_SMALLCAP,55079.57,207.42007034562752
2025-05-22,BSE_SMALLCAP,55433.48,208.7528337839772
2025-05-23,BSE_SMALLCAP,54771.35,206.25936749188466
2025-05-26,BSE_SMALLCAP,54442.32,205.02029780151085
2025-05-27,BSE_SMALLCAP,54810.27,206.40593343526172
2025-05-28,BSE_SMALLCAP,55856.33,210.3452132587198
2025-05-29,BSE_SMALLCAP,56208.48,211.67134884351492
2025-05-30,BSE_SMALLCAP,56424.96,212.4865748307261
2025-06-02,BSE_SMALLCAP,55597.2,209.36937479758683
2025-06-03,BSE_SMALLCAP,57118.39,215.09791147296517
2025-06-04,BSE_SMALLCAP,56116.96,211.32670045867758
2025-06-05,BSE_SMALLCAP,54966.92,206.99585005987663
2025-06-06,BSE_SMALLCAP,54648.9,205.79824211247774
2025-06-09,BSE_SMALLCAP,55138.92,207.6435721117998
2025-06-10,BSE_SMALLCAP,54873.27,206.643180465908
2025-06-11,BSE_SMALLCAP,54445.48,205.032197811302
2025-06-12,BSE_SMALLCAP,53866.98,202.85366753782776
2025-06-13,BSE_SMALLCAP,55242.36,208.03310914116574
2025-06-16,BSE_SMALLCAP,55539.29,209.15129582068644
2025-06-17,BSE_SMALLCAP,56273.48,211.91612752592772
2025-06-18,BSE_SMALLCAP,57942.32,218.20068839297147
2025-06-19,BSE_SMALLCAP,59634.15,224.57182559707172
2025-06-20,BSE_SMALLCAP,58938.35,221.95156394748935
2025-06-23,BSE_SMALLCAP,59184.89,222.87999066075184
2025-06-24,BSE_SMALLCAP,59877.05,225.4865447041191
2025-06-25,BSE_SMALLCAP,60009.88,225.9867593561944
2025-06-26,BSE_SMALLCAP,59492.99,224.04024161538868
2025-06-27,BSE_SMALLCAP,57375.53,216.06625594059034
2025-06-30,BSE_SMALLCAP,58497.48,220.29132429033012
2025-07-01,BSE_SMALLCAP,60058.23,226.16883703765075
2025-07-02,BSE_SMALLCAP,60717.87,228.65292642329393
2025-07-03,BSE_SMALLCAP,60741.34,228.74131035677436
2025-07-04,BSE_SMALLCAP,60320.87,227.15789354763393
2025-07-07,BSE_SMALLCAP,60472.49,227.728868068056
2025-07-08,BSE_SMALLCAP,61646.45,232.14979702198488
2025-07-09,BSE_SMALLCAP,62163.82,234.09812235921464
2025-07-10,BSE_SMALLCAP,60359.81,227.30453480752865
2025-07-11,BSE_SMALLCAP,61760.28,232.57846098227805
2025-07-14,BSE_SMALLCAP,62388.31,234.94351261175092
2025-07-15,BSE_SMALLCAP,61512.19,231.64419723889645
2025-07-16,BSE_SMALLCAP,62062.91,233.7181128693334
2025-07-17,BSE_SMALLCAP,62286.47,234.56000090379825
2025-07-18,BSE_SMALLCAP,62507.67,235.39300158917854
2025-07-21,BSE_SMALLCAP,61684.57,232.29335030465532
2025-07-22,BSE_SMALLCAP,61505.58,231.61930512980803
2025-07-23,BSE_SMALLCAP,60189.81,226.66434440737197
2025-07-24,BSE_SMALLCAP,61264.97,230.71320976403337
2025-07-25,BSE_SMALLCAP,60584.88,228.15210923907722
2025-07-28,BSE_SMALLCAP,61578.47,231.8937961784399
2025-07-29,BSE_SMALLCAP,62149.46,234.0440450995308
2025-07-30,BSE_SMALLCAP,61853.45,232.9293229798227
2025-07-31,BSE_SMALLCAP,61258.84,230.6901252513689
2025-08-01,BSE_SMALLCAP,61480.78,231.52591264790283
2025-08-04,BSE_SMALLCAP,62456.79,235.2013963682375
2025-08-05,BSE_SMALLCAP,63209.53,238.03608414361355
2025-08-06,BSE_SMALLCAP,63752.17,240.07957190091358
2025-08-07,BSE_SMALLCAP,63653.66,239.70860039315224
2025-08-08,BSE_SMALLCAP,64423.76,242.6086629058619
2025-08-11,BSE_SMALLCAP,63106.13,237.64669774728296
2025-08-12,BSE_SMALLCAP,63367.05,238.62927703674694
2025-08-13,BSE_SMALLCAP,63420.05,238.8288658085605
2025-08-14,BSE_SMALLCAP,62398.27,234.98102023754828
2025-08-15,BSE_SMALLCAP,62141.03,234.0122991873348
2025-08-18,BSE_SMALLCAP,63661.07,239.73650516294728
2025-08-19,BSE_SMALLCAP,64212.71,241.8138853531968
2025-08-20,BSE_SMALLCAP,65100.35,245.15658304022656
2025-08-21,BSE_SMALLCAP,64745.56,243.82050567509964
2025-08-22,BSE_SMALLCAP,63301.11,238.38095847800383
2025-08-25,BSE_SMALLCAP,64677.98,243.56601116190794
2025-08-26,BSE_SMALLCAP,64070.33,241.27770706393622
2025-08-27,BSE_SMALLCAP,63823.75,240.3491297176384
2025-08-28,BSE_SMALLCAP,62686.62,236.0668961309905
2025-08-29,BSE_SMALLCAP,63953.73,240.8386117659464
2025-09-01,BSE_SMALLCAP,64293.37,242.11763686894176
2025-09-02,BSE_SMALLCAP,64221.84,241.8482673435111
2025-09-03,BSE_SMALLCAP,64816.36,244.08712614763544
2025-09-04,BSE_SMALLCAP,64530.86,243.01198285796056
2025-09-05,BSE_SMALLCAP,64038.05,241.15614620442415
2025-09-08,BSE_SMALLCAP,63043.37,237.41035451484868
2025-09-09,BSE_SMALLCAP,61954.08,233.30827803845665
2025-09-10,BSE_SMALLCAP,62925.38,236.96602471888107
2025-09-11,BSE_SMALLCAP,64086.53,241.33871344324524
2025-09-12,BSE_SMALLCAP,62642.8,235.90187764078541
2025-09-15,BSE_SMALLCAP,62643.08,235.9029320720327
2025-09-16,BSE_SMALLCAP,62779.6,236.41704262161736
2025-09-17,BSE_SMALLCAP,62261.02,234.4641606350689
2025-09-18,BSE_SMALLCAP,61605.69,231.99630195898266
2025-09-19,BSE_SMALLCAP,61736.39,232.48849540192663
2025-09-22,BSE_SMALLCAP,61186.87,230.41909876254962
2025-09-23,BSE_SMALLCAP,61257.8,230.6862087924503
2025-09-24,BSE_SMALLCAP,60390.72,227.42093648558068
2025-09-25,BSE_SMALLCAP,59946.92,225.74966295858349
2025-09-26,BSE_SMALLCAP,59760.2,225.04650794965846
2025-09-29,BSE_SMALLCAP,59526.72,224.16726292243152
2025-09-30,BSE_SMALLCAP,60522.99,227.91904227516136
2025-10-01,BSE_SMALLCAP,60104.5,226.34308180126985
2025-10-02,BSE_SMALLCAP,60938.43,229.4835169801089
2025-10-03,BSE_SMALLCAP,58518.22,220.36942751914924
2025-10-06,BSE_SMALLCAP,58561.7,220.53316562855397
2025-10-07,BSE_SMALLCAP,56926.72,214.37611562591795
2025-10-08,BSE_SMALLCAP,57949.49,218.22768936455455
2025-10-09,BSE_SMALLCAP,59641.19,224.59833701128997
2025-10-10,BSE_SMALLCAP,59653.95,224.64638894956056
2025-10-13,BSE_SMALLCAP,61138.75,230.2378872210465
2025-10-14,BSE_SMALLCAP,60510.43,227.87174350206746
2025-10-15,BSE_SMALLCAP,61383.81,231.1607405120017
2025-10-16,BSE_SMALLCAP,62151.96,234.05345966423897
2025-10-17,BSE_SMALLCAP,62064.36,233.72357331686416
2025-10-20,BSE_SMALLCAP,62100.98,233.86147786070967
2025-10-21,BSE_SMALLCAP,62432.12,235.10849344369714
2025-10-22,BSE_SMALLCAP,62655.24,235.94872451477335
2025-10-23,BSE_SMALLCAP,62999.73,237.2460138733026
2025-10-24,BSE_SMALLCAP,64942.0,244.56026451161006
2025-10-27,BSE_SMALLCAP,66819.39,251.6301883666107
2025-10-28,BSE_SMALLCAP,67658.02,254.78832292710115
2025-10-29,BSE_SMALLCAP,69674.88,262.3834665180421
2025-10-30,BSE_SMALLCAP,68673.97,258.6142137332139
2025-10-31,BSE_SMALLCAP,69511.77,261.7692226582212
2025-11-03,BSE_SMALLCAP,70397.44,265.1045016682609
2025-11-04,BSE_SMALLCAP,70046.84,263.78420311358485
2025-11-05,BSE_SMALLCAP,72223.38,271.9806737815671
2025-11-06,BSE_SMALLCAP,73913.59,278.3457103477364
2025-11-07,BSE_SMALLCAP,74517.79,280.62102234641077
2025-11-10,BSE_SMALLCAP,73842.5,278.0779977856944
2025-11-11,BSE_SMALLCAP,72338.85,272.4155136963088
2025-11-12,BSE_SMALLCAP,71361.43,268.7347201614786
2025-11-13,BSE_SMALLCAP,73052.97,275.1047652760727
2025-11-14,BSE_SMALLCAP,72829.17,274.2619734433959
2025-11-17,BSE_SMALLCAP,74055.29,278.87932787539637
2025-11-18,BSE_SMALLCAP,74484.52,280.4957333192743
2025-11-19,BSE_SMALLCAP,72475.31,272.92939829634037
2025-11-20,BSE_SMALLCAP,72265.47,272.13917739299404
2025-11-21,BSE_SMALLCAP,71363.39,268.74210118020983
2025-11-24,BSE_SMALLCAP,72243.38,272.0559902992326
2025-11-25,BSE_SMALLCAP,73190.26,275.6217755115875
2025-11-26,BSE_SMALLCAP,73055.37,275.11380325819255
2025-11-27,BSE_SMALLCAP,74685.48,281.25251368877707
2025-11-28,BSE_SMALLCAP,75868.06,285.7059040618198
2025-12-01,BSE_SMALLCAP,75473.32,284.2193819526561
2025-12-02,BSE_SMALLCAP,76100.64,286.5817598457518
2025-12-03,BSE_SMALLCAP,75323.76,283.65616503355346
2025-12-04,BSE_SMALLCAP,75027.45,282.54031316608047
2025-12-05,BSE_SMALLCAP,75717.9,285.1404276471873
2025-12-08,BSE_SMALLCAP,75833.69,285.5764726262117
2025-12-09,BSE_SMALLCAP,74412.42,280.2242172730902
2025-12-10,BSE_SMALLCAP,74896.54,282.047328899701
2025-12-11,BSE_SMALLCAP,74619.95,281.0057391186461
2025-12-12,BSE_SMALLCAP,73853.06,278.11776490702175
2025-12-15,BSE_SMALLCAP,72792.85,274.1251986473154
2025-12-16,BSE_SMALLCAP,72650.05,273.5874387111838
2025-12-17,BSE_SMALLCAP,72959.31,274.7520580238452
2025-12-18,BSE_SMALLCAP,72778.14,274.0698033485724
2025-12-19,BSE_SMALLCAP,73139.87,275.43201554532925
2025-12-22,BSE_SMALLCAP,72927.04,274.6305348225919
2025-12-23,BSE_SMALLCAP,73579.58,277.08788684446387
2025-12-24,BSE_SMALLCAP,73482.28,276.7214719860213
2025-12-25,BSE_SMALLCAP,71886.73,270.7129084979627
2025-12-26,BSE_SMALLCAP,70752.27,266.4407296664232
2025-12-29,BSE_SMALLCAP,70288.68,264.69493044519595
2025-12-30,BSE_SMALLCAP,71578.16,269.5508876051607
2025-12-31,BSE_SMALLCAP,70687.19,266.19564971793966
2026-01-01,BSE_SMALLCAP,71124.08,267.84090138808347
2026-01-02,BSE_SMALLCAP,71577.2,269.54727241231274
2026-01-05,BSE_SMALLCAP,70430.49,265.22896221370314
2026-01-06,BSE_SMALLCAP,70217.76,264.4278580735541
2026-01-07,BSE_SMALLCAP,70418.66,265.184412493504
2026-01-08,BSE_SMALLCAP,70196.48,264.347721298758
2026-01-09,BSE_SMALLCAP,70800.69,266.62307095569133
2026-01-12,BSE_SMALLCAP,71372.41,268.77606892967697
2026-01-13,BSE_SMALLCAP,71633.28,269.7584599278468
2026-01-14,BSE_SMALLCAP,72601.95,273.4063024861983
2026-01-15,BSE_SMALLCAP,72650.1,273.587627002478
2026-01-16,BSE_SMALLCAP,72816.28,274.2134319477605
2026-01-19,BSE_SMALLCAP,73154.3,275.48635641282493
2026-01-20,BSE_SMALLCAP,72100.73,271.5187952369834
2026-01-21,BSE_SMALLCAP,72734.74,273.90636650523834
2026-01-22,BSE_SMALLCAP,72170.7,271.78229007403615
2026-01-23,BSE_SMALLCAP,72009.36,271.17471172602865
2026-01-26,BSE_SMALLCAP,72608.98,273.4327762421577
2026-01-27,BSE_SMALLCAP,73112.16,275.3276645101038
2026-01-28,BSE_SMALLCAP,71737.63,270.1514238587665
2026-01-29,BSE_SMALLCAP,70397.83,265.1059703403554
2026-01-30,BSE_SMALLCAP,69482.28,261.6581684529234
2026-02-02,BSE_SMALLCAP,69726.09,262.5763144615246
2026-02-03,BSE_SMALLCAP,71050.88,267.5652429334278
2026-02-04,BSE_SMALLCAP,70628.63,265.9751229542151
2026-02-05,BSE_SMALLCAP,69762.84,262.7147085627349
2026-02-06,BSE_SMALLCAP,68911.97,259.51048029343315
2026-02-09,BSE_SMALLCAP,69380.27,261.2740165545706
2026-02-10,BSE_SMALLCAP,70472.14,265.38580886174145
2026-02-11,BSE_SMALLCAP,71524.24,269.34783427353454
2026-02-12,BSE_SMALLCAP,70908.98,267.0308722405911
2026-02-13,BSE_SMALLCAP,69482.99,261.6608421893006
2026-02-16,BSE_SMALLCAP,69613.38,262.1518682262207
2026-02-17,BSE_SMALLCAP,71108.54,267.78238045385734
2026-02-18,BSE_SMALLCAP,71586.54,269.58244522606253
2026-02-19,BSE_SMALLCAP,70302.44,264.74674820934985
2026-02-20,BSE_SMALLCAP,70287.18,264.68928170637105
2026-02-23,BSE_SMALLCAP,69360.06,261.19790921346964
2026-02-24,BSE_SMALLCAP,69727.68,262.58230212467896
2026-02-25,BSE_SMALLCAP,69735.98,262.6135584795101
2026-02-26,BSE_SMALLCAP,69522.59,261.8099688942782
2026-02-27,BSE_SMALLCAP,68966.76,259.71680989357776
2026-03-02,BSE_SMALLCAP,69424.7,261.44133219856445
2026-03-03,BSE_SMALLCAP,70633.48,265.993387209749
2026-03-04,BSE_SMALLCAP,72287.04,272.2204062572963
2026-03-05,BSE_SMALLCAP,72754.29,273.97998840125626
2026-03-06,BSE_SMALLCAP,74099.67,279.0464552280961
2026-03-09,BSE_SMALLCAP,73120.68,275.3597493466292
2026-03-10,BSE_SMALLCAP,72833.76,274.2792585842001
2026-03-11,BSE_SMALLCAP,71924.06,270.8534867781853
2026-03-12,BSE_SMALLCAP,71489.87,269.2184028379264
2026-03-13,BSE_SMALLCAP,70531.17,265.60810556363117
2026-03-16,BSE_SMALLCAP,72192.84,271.8656654590919
2026-03-17,BSE_SMALLCAP,71872.15,270.65800275658455
2026-03-18,BSE_SMALLCAP,71782.69,270.3211119730669
2026-03-19,BSE_SMALLCAP,70311.39,264.7804523510051
2026-03-20,BSE_SMALLCAP,68431.22,257.70005950004895
2026-03-23,BSE_SMALLCAP,70112.32,264.0307893924217
2026-03-24,BSE_SMALLCAP,69930.39,263.3456726894775
2026-03-25,BSE_SMALLCAP,72240.96,272.04687700059503
2026-03-26,BSE_SMALLCAP,72141.98,271.6741355546685
2026-03-27,BSE_SMALLCAP,70959.65,267.22168663809657
2026-03-30,BSE_SMALLCAP,71031.71,267.4930520512454
2026-03-31,BSE_SMALLCAP,71155.43,267.95896002952406
2026-04-01,BSE_SMALLCAP,71348.05,268.6843334111604
2026-04-02,BSE_SMALLCAP,71330.28,268.6174146852146
2026-04-03,BSE_SMALLCAP,69899.51,263.22938398620204
2026-04-06,BSE_SMALLCAP,68477.32,257.87366407326795
2026-04-07,BSE_SMALLCAP,69640.27,262.253131284222
2026-04-08,BSE_SMALLCAP,71615.98,269.6933111400661
2026-04-09,BSE_SMALLCAP,71382.29,268.81327528940375
2026-04-10,BSE_SMALLCAP,69644.93,262.270680032838
2026-04-13,BSE_SMALLCAP,70866.93,266.8725192621994
2026-04-14,BSE_SMALLCAP,70089.25,263.94391178929453
2026-04-15,BSE_SMALLCAP,70477.97,265.407763626641
2026-04-16,BSE_SMALLCAP,70017.76,263.6746928968992
2026-04-17,BSE_SMALLCAP,69589.51,262.0619779623869
2026-04-20,BSE_SMALLCAP,68811.19,259.1309603609168
2026-04-21,BSE_SMALLCAP,70206.26,264.38455107589647
2026-04-22,BSE_SMALLCAP,70697.91,266.23601937140836
2026-04-23,BSE_SMALLCAP,71073.65,267.6509907887899
2026-04-24,BSE_SMALLCAP,71161.83,267.98306131517705
2026-04-27,BSE_SMALLCAP,71593.75,269.60959683068097
2026-04-28,BSE_SMALLCAP,70478.28,265.4089310326648
2026-04-29,BSE_SMALLCAP,71041.47,267.5298065118661
2026-04-30,BSE_SMALLCAP,72293.74,272.2456372907143
2026-05-01,BSE_SMALLCAP,72566.07,273.2711846535064
2026-05-04,BSE_SMALLCAP,73494.88,276.7689213921505
2026-05-05,BSE_SMALLCAP,73134.17,275.4105503377946
2026-05-06,BSE_SMALLCAP,73602.81,277.1753669797323
2026-05-07,BSE_SMALLCAP,73261.24,275.8890738327823
2026-05-08,BSE_SMALLCAP,71659.04,269.8554676025999
2026-05-11,BSE_SMALLCAP,71476.92,269.169635392738
2026-05-12,BSE_SMALLCAP,72652.8,273.5977947323628
2026-05-13,BSE_SMALLCAP,71372.79,268.77749994351257
2026-05-14,BSE_SMALLCAP,73057.74,275.12272826553595
2026-05-15,BSE_SMALLCAP,72553.23,273.2228314491651
2026-05-18,BSE_SMALLCAP,73173.39,275.5582460289366
2026-05-19,BSE_SMALLCAP,74782.71,281.6186649394079
2026-05-20,BSE_SMALLCAP,76755.97,289.04961852183806
2026-05-21,BSE_SMALLCAP,78542.05,295.7756848154369
2026-05-22,BSE_SMALLCAP,77776.16,292.89147642969584
2026-05-25,BSE_SMALLCAP,79075.39,297.78415039202247
2026-05-26,BSE_SMALLCAP,78483.7,295.5559488751478
2026-05-27,BSE_SMALLCAP,77524.06,291.9421117245223
2026-05-28,BSE_SMALLCAP,76951.24,289.78497134206503
2026-05-29,BSE_SMALLCAP,78367.62,295.1188118066173
2022-01-03,CRISIL_GILT,1451.06,100.0
2022-01-04,CRISIL_GILT,1453.26,100.15161330337823
2022-01-05,CRISIL_GILT,1455.5,100.30598321227242
2022-01-06,CRISIL_GILT,1454.41,100.2308657119623
2022-01-07,CRISIL_GILT,1454.33,100.22535250093034
2022-01-10,CRISIL_GILT,1456.61,100.3824790153405
2022-01-11,CRISIL_GILT,1453.45,100.16470717957908
2022-01-12,CRISIL_GILT,1451.21,100.01033727068489
2022-01-13,CRISIL_GILT,1450.67,99.97312309621933
2022-01-14,CRISIL_GILT,1451.29,100.01585048171681
2022-01-17,CRISIL_GILT,1451.63,100.03928162860257
2022-01-18,CRISIL_GILT,1451.98,100.06340192686727
2022-01-19,CRISIL_GILT,1452.89,100.12611470235552
2022-01-20,CRISIL_GILT,1452.45,100.09579204167989
2022-01-21,CRISIL_GILT,1450.36,99.95175940347056
2022-01-24,CRISIL_GILT,1450.91,99.98966272931513
2022-01-25,CRISIL_GILT,1453.66,100.17917935853791
2022-01-26,CRISIL_GILT,1457.24,100.42589555221701
2022-01-27,CRISIL_GILT,1450.36,99.95175940347056
2022-01-28,CRISIL_GILT,1447.15,99.73054181081417
2022-01-31,CRISIL_GILT,1451.01,99.99655424310504
2022-02-01,CRISIL_GILT,1450.41,99.95520516036554
2022-02-02,CRISIL_GILT,1444.13,99.52241809435863
2022-02-03,CRISIL_GILT,1448.99,99.85734566454867
2022-02-04,CRISIL_GILT,1453.09,100.13989772993534
2022-02-07,CRISIL_GILT,1449.18,99.87043954074953
2022-02-08,CRISIL_GILT,1445.31,99.60373795707966
2022-02-09,CRISIL_GILT,1456.63,100.3838573180985
2022-02-10,CRISIL_GILT,1453.68,100.1805576612959
2022-02-11,CRISIL_GILT,1458.56,100.51686353424394
2022-02-14,CRISIL_GILT,1464.67,100.93793502680799
2022-02-15,CRISIL_GILT,1459.74,100.59818339696498
2022-02-16,CRISIL_GILT,1456.81,100.39626204292036
2022-02-17,CRISIL_GILT,1461.01,100.68570562209696
2022-02-18,CRISIL_GILT,1456.42,100.36938513913967
2022-02-21,CRISIL_GILT,1452.91,100.12749300511352
2022-02-22,CRISIL_GILT,1452.61,100.10681846374374
2022-02-23,CRISIL_GILT,1452.57,100.10406185822778
2022-02-24,CRISIL_GILT,1456.98,100.40797761636323
2022-02-25,CRISIL_GILT,1459.47,100.5795763097322
2022-02-28,CRISIL_GILT,1460.64,100.66020702107426
2022-03-01,CRISIL_GILT,1460.52,100.65193720452635
2022-03-02,CRISIL_GILT,1457.07,100.41417997877413
2022-03-03,CRISIL_GILT,1461.96,100.75117500310118
2022-03-04,CRISIL_GILT,1462.89,100.81526608134743
2022-03-07,CRISIL_GILT,1465.73,101.01098507298114
2022-03-08,CRISIL_GILT,1466.97,101.09643984397614
2022-03-09,CRISIL_GILT,1467.8,101.15363940843245
2022-03-10,CRISIL_GILT,1468.61,101.2094606701308
2022-03-11,CRISIL_GILT,1469.04,101.23909417942744
2022-03-14,CRISIL_GILT,1468.94,101.23220266563754
2022-03-15,CRISIL_GILT,1467.14,101.108155417419
2022-03-16,CRISIL_GILT,1469.53,101.27286259699805
2022-03-17,CRISIL_GILT,1474.12,101.58918307995535
2022-03-18,CRISIL_GILT,1475.43,101.67946191060328
2022-03-21,CRISIL_GILT,1481.84,102.12120794453709
2022-03-22,CRISIL_GILT,1480.54,102.03161826526814
2022-03-23,CRISIL_GILT,1489.0,102.61464033189532
2022-03-24,CRISIL_GILT,1491.09,102.75867297010461
2022-03-25,CRISIL_GILT,1481.13,102.07227819662867
2022-03-28,CRISIL_GILT,1488.71,102.59465494190454
2022-03-29,CRISIL_GILT,1485.57,102.37826140890107
2022-03-30,CRISIL_GILT,1486.78,102.46164872575909
2022-03-31,CRISIL_GILT,1489.12,102.6229101484432
2022-04-01,CRISIL_GILT,1489.8,102.66977244221466
2022-04-04,CRISIL_GILT,1489.81,102.67046159359366
2022-04-05,CRISIL_GILT,1487.83,102.53400962055326
2022-04-06,CRISIL_GILT,1486.33,102.43063691370446
2022-04-07,CRISIL_GILT,1491.21,102.76694278665252
2022-04-08,CRISIL_GILT,1487.82,102.53332046917424
2022-04-11,CRISIL_GILT,1488.45,102.57673700605076
2022-04-12,CRISIL_GILT,1491.54,102.78968478215924
2022-04-13,CRISIL_GILT,1488.01,102.5464143453751
2022-04-14,CRISIL_GILT,1490.18,102.69596019461635
2022-04-15,CRISIL_GILT,1494.55,102.99711934723581
2022-04-18,CRISIL_GILT,1496.31,103.1184099899384
2022-04-19,CRISIL_GILT,1500.99,103.4409328353066
2022-04-20,CRISIL_GILT,1501.26,103.45953992253938
2022-04-21,CRISIL_GILT,1498.49,103.26864499055863
2022-04-22,CRISIL_GILT,1498.34,103.25830771987374
2022-04-25,CRISIL_GILT,1493.62,102.93302826898956
2022-04-26,CRISIL_GILT,1503.02,103.58083056524197
2022-04-27,CRISIL_GILT,1503.42,103.60839662040165
2022-04-28,CRISIL_GILT,1496.73,103.14735434785605
2022-04-29,CRISIL_GILT,1494.7,103.0074566179207
2022-05-02,CRISIL_GILT,1494.38,102.98540377379297
2022-05-03,CRISIL_GILT,1489.99,102.6828663184155
2022-05-04,CRISIL_GILT,1485.58,102.37895056028007
2022-05-05,CRISIL_GILT,1484.72,102.31968354168677
2022-05-06,CRISIL_GILT,1487.17,102.48852562953978
2022-05-09,CRISIL_GILT,1491.16,102.76349702975756
2022-05-10,CRISIL_GILT,1495.78,103.08188496685182
2022-05-11,CRISIL_GILT,1493.99,102.95852687001228
2022-05-12,CRISIL_GILT,1484.38,102.29625239480104
2022-05-13,CRISIL_GILT,1491.47,102.78486072250632
2022-05-16,CRISIL_GILT,1491.08,102.75798381872563
2022-05-17,CRISIL_GILT,1489.87,102.67459650186758
2022-05-18,CRISIL_GILT,1494.95,103.02468540239549
2022-05-19,CRISIL_GILT,1494.21,102.97368820035008
2022-05-20,CRISIL_GILT,1496.48,103.13012556338126
2022-05-23,CRISIL_GILT,1497.84,103.22385015092415
2022-05-24,CRISIL_GILT,1493.6,102.93164996623159
2022-05-25,CRISIL_GILT,1489.94,102.67942056152054
2022-05-26,CRISIL_GILT,1489.54,102.65185450636088
2022-05-27,CRISIL_GILT,1489.9,102.67666395600459
2022-05-30,CRISIL_GILT,1487.99,102.54503604261713
2022-05-31,CRISIL_GILT,1486.05,102.4113406750927
2022-06-01,CRISIL_GILT,1486.21,102.42236709715658
2022-06-02,CRISIL_GILT,1484.0,102.27006464239936
2022-06-03,CRISIL_GILT,1487.77,102.5298747122793
2022-06-06,CRISIL_GILT,1489.32,102.63669317602304
2022-06-07,CRISIL_GILT,1487.77,102.5298747122793
2022-06-08,CRISIL_GILT,1490.4,102.71112152495418
2022-06-09,CRISIL_GILT,1495.84,103.08601987512577
2022-06-10,CRISIL_GILT,1496.93,103.16113737543591
2022-06-13,CRISIL_GILT,1491.92,102.81587253456095
2022-06-14,CRISIL_GILT,1498.27,103.25348366022081
2022-06-15,CRISIL_GILT,1505.01,103.71797168966135
2022-06-16,CRISIL_GILT,1510.15,104.0721954984632
2022-06-17,CRISIL_GILT,1512.99,104.26791449009689
2022-06-20,CRISIL_GILT,1515.36,104.43124336691798
2022-06-21,CRISIL_GILT,1516.33,104.4980910506802
2022-06-22,CRISIL_GILT,1517.14,104.55391231237854
2022-06-23,CRISIL_GILT,1513.13,104.27756260940279
2022-06-24,CRISIL_GILT,1509.22,104.00810442021695
2022-06-27,CRISIL_GILT,1506.31,103.8075613689303
2022-06-28,CRISIL_GILT,1499.13,103.31275067881411
2022-06-29,CRISIL_GILT,1494.85,103.01779388860557
2022-06-30,CRISIL_GILT,1495.26,103.04604909514423
2022-07-01,CRISIL_GILT,1487.29,102.4967954460877
2022-07-04,CRISIL_GILT,1484.15,102.28040191308423
2022-07-05,CRISIL_GILT,1483.71,102.25007925240858
2022-07-06,CRISIL_GILT,1481.27,102.08192631593455
2022-07-07,CRISIL_GILT,1480.44,102.02472675147824
2022-07-08,CRISIL_GILT,1481.93,102.12741030694804
2022-07-11,CRISIL_GILT,1485.95,102.40444916130278
2022-07-12,CRISIL_GILT,1483.61,102.24318773861867
2022-07-13,CRISIL_GILT,1482.9,102.19425799071024
2022-07-14,CRISIL_GILT,1475.08,101.65534161233856
2022-07-15,CRISIL_GILT,1477.71,101.83658842501345
2022-07-18,CRISIL_GILT,1474.92,101.64431519027471
2022-07-19,CRISIL_GILT,1476.62,101.76147092470332
2022-07-20,CRISIL_GILT,1475.87,101.70978457127893
2022-07-21,CRISIL_GILT,1484.62,102.31279202789685
2022-07-22,CRISIL_GILT,1491.91,102.81518338318196
2022-07-25,CRISIL_GILT,1494.7,103.0074566179207
2022-07-26,CRISIL_GILT,1496.73,103.14735434785605
2022-07-27,CRISIL_GILT,1498.12,103.24314638953591
2022-07-28,CRISIL_GILT,1496.81,103.15286755888799
2022-07-29,CRISIL_GILT,1494.33,102.981958016898
2022-08-01,CRISIL_GILT,1491.22,102.76763193803151
2022-08-02,CRISIL_GILT,1489.27,102.6332474191281
2022-08-03,CRISIL_GILT,1491.27,102.77107769492646
2022-08-04,CRISIL_GILT,1490.8,102.73868758011385
2022-08-05,CRISIL_GILT,1483.56,102.2397419817237
2022-08-08,CRISIL_GILT,1493.61,102.93233911761057
2022-08-09,CRISIL_GILT,1493.42,102.91924524140974
2022-08-10,CRISIL_GILT,1501.96,103.50778051906882
2022-08-11,CRISIL_GILT,1500.87,103.43266301875869
2022-08-12,CRISIL_GILT,1500.36,103.3975162984301
2022-08-15,CRISIL_GILT,1504.3,103.66904194175292
2022-08-16,CRISIL_GILT,1503.6,103.62080134522348
2022-08-17,CRISIL_GILT,1505.55,103.75518586412691
2022-08-18,CRISIL_GILT,1504.74,103.69936460242857
2022-08-19,CRISIL_GILT,1503.35,103.6035725607487
2022-08-22,CRISIL_GILT,1509.62,104.0356704753766
2022-08-23,CRISIL_GILT,1505.46,103.748983501716
2022-08-24,CRISIL_GILT,1503.96,103.64561079486721
2022-08-25,CRISIL_GILT,1511.33,104.15351536118425
2022-08-26,CRISIL_GILT,1510.5,104.09631579672791
2022-08-29,CRISIL_GILT,1505.35,103.74140283654707
2022-08-30,CRISIL_GILT,1508.11,103.93160861714883
2022-08-31,CRISIL_GILT,1508.41,103.95228315851861
2022-09-01,CRISIL_GILT,1510.55,104.09976155362286
2022-09-02,CRISIL_GILT,1511.23,104.14662384739432
2022-09-05,CRISIL_GILT,1507.46,103.88681377751439
2022-09-06,CRISIL_GILT,1508.8,103.97916006229929
2022-09-07,CRISIL_GILT,1514.05,104.34096453627004
2022-09-08,CRISIL_GILT,1512.57,104.23897013217925
2022-09-09,CRISIL_GILT,1509.63,104.03635962675561
2022-09-12,CRISIL_GILT,1509.4,104.02050914503882
2022-09-13,CRISIL_GILT,1509.04,103.99569969539509
2022-09-14,CRISIL_GILT,1508.25,103.94125673645473
2022-09-15,CRISIL_GILT,1513.38,104.29479139387759
2022-09-16,CRISIL_GILT,1514.74,104.3885159814205
2022-09-19,CRISIL_GILT,1521.52,104.855760616377
2022-09-20,CRISIL_GILT,1522.82,104.94535029564594
2022-09-21,CRISIL_GILT,1524.64,105.07077584662248
2022-09-22,CRISIL_GILT,1533.48,105.67998566565133
2022-09-23,CRISIL_GILT,1535.24,105.80127630835389
2022-09-26,CRISIL_GILT,1534.69,105.76337298250935
2022-09-27,CRISIL_GILT,1531.49,105.54284454123193
2022-09-28,CRISIL_GILT,1528.64,105.34643639821924
2022-09-29,CRISIL_GILT,1527.47,105.26580568687717
2022-09-30,CRISIL_GILT,1526.94,105.22928066379063
2022-10-03,CRISIL_GILT,1519.46,104.71379543230466
2022-10-04,CRISIL_GILT,1519.83,104.73929403332735
2022-10-05,CRISIL_GILT,1509.85,104.05152095709343
2022-10-06,CRISIL_GILT,1515.15,104.41677118795916
2022-10-07,CRISIL_GILT,1508.39,103.95090485576061
2022-10-10,CRISIL_GILT,1509.52,104.02877896158671
2022-10-11,CRISIL_GILT,1510.51,104.0970049481069
2022-10-12,CRISIL_GILT,1516.06,104.47948396344742
2022-10-13,CRISIL_GILT,1517.01,104.54495334445164
2022-10-14,CRISIL_GILT,1517.07,104.5490882527256
2022-10-17,CRISIL_GILT,1518.71,104.66210907888028
2022-10-18,CRISIL_GILT,1517.12,104.55253400962054
2022-10-19,CRISIL_GILT,1515.6,104.44778300001379
2022-10-20,CRISIL_GILT,1516.85,104.53392692238776
2022-10-21,CRISIL_GILT,1516.16,104.48637547723733
2022-10-24,CRISIL_GILT,1519.05,104.68554022576599
2022-10-25,CRISIL_GILT,1516.11,104.48292972034237
2022-10-26,CRISIL_GILT,1520.19,104.76410348297107
2022-10-27,CRISIL_GILT,1522.42,104.91778424048628
2022-10-28,CRISIL_GILT,1522.96,104.95499841495185
2022-10-31,CRISIL_GILT,1517.49,104.57803261064326
2022-11-01,CRISIL_GILT,1521.13,104.82888371259631
2022-11-02,CRISIL_GILT,1529.11,105.37882651303185
2022-11-03,CRISIL_GILT,1527.76,105.28579107686795
2022-11-04,CRISIL_GILT,1531.51,105.54422284398993
2022-11-07,CRISIL_GILT,1531.5,105.54353369261091
2022-11-08,CRISIL_GILT,1527.71,105.28234531997298
2022-11-09,CRISIL_GILT,1525.2,105.10936832384603
2022-11-10,CRISIL_GILT,1525.22,105.110746626604
2022-11-11,CRISIL_GILT,1527.4,105.26098162722424
2022-11-14,CRISIL_GILT,1522.23,104.90469036428543
2022-11-15,CRISIL_GILT,1519.96,104.74825300125426
2022-11-16,CRISIL_GILT,1520.52,104.7868454784778
2022-11-17,CRISIL_GILT,1516.13,104.48430802310035
2022-11-18,CRISIL_GILT,1518.06,104.61731423924579
2022-11-21,CRISIL_GILT,1525.11,105.1031659614351
2022-11-22,CRISIL_GILT,1525.15,105.10592256695107
2022-11-23,CRISIL_GILT,1528.42,105.33127506788142
2022-11-24,CRISIL_GILT,1523.95,105.02322440147202
2022-11-25,CRISIL_GILT,1521.96,104.88608327705265
2022-11-28,CRISIL_GILT,1526.22,105.1796617645032
2022-11-29,CRISIL_GILT,1521.42,104.84886910258709
2022-11-30,CRISIL_GILT,1519.13,104.69105343679794
2022-12-01,CRISIL_GILT,1523.95,105.02322440147202
2022-12-02,CRISIL_GILT,1522.04,104.89159648808457
2022-12-05,CRISIL_GILT,1514.82,104.39402919245242
2022-12-06,CRISIL_GILT,1513.11,104.27618430664481
2022-12-07,CRISIL_GILT,1520.2,104.76479263435007
2022-12-08,CRISIL_GILT,1526.16,105.17552685622924
2022-12-09,CRISIL_GILT,1526.3,105.18517497553512
2022-12-12,CRISIL_GILT,1525.84,105.15347401210148
2022-12-13,CRISIL_GILT,1535.37,105.81023527628079
2022-12-14,CRISIL_GILT,1532.19,105.59108513776137
2022-12-15,CRISIL_GILT,1530.15,105.450498256447
2022-12-16,CRISIL_GILT,1534.68,105.76268383113035
2022-12-19,CRISIL_GILT,1531.77,105.56214077984369
2022-12-20,CRISIL_GILT,1533.63,105.6903229363362
2022-12-21,CRISIL_GILT,1529.29,105.3912312378537
2022-12-22,CRISIL_GILT,1535.49,105.81850509282869
2022-12-23,CRISIL_GILT,1534.25,105.73305032183369
2022-12-26,CRISIL_GILT,1532.18,105.59039598638238
2022-12-27,CRISIL_GILT,1529.37,105.39674444888564
2022-12-28,CRISIL_GILT,1525.38,105.12177304866788
2022-12-29,CRISIL_GILT,1524.47,105.05906027317961
2022-12-30,CRISIL_GILT,1515.87,104.46639008724657
2023-01-02,CRISIL_GILT,1512.14,104.20933662288259
2023-01-03,CRISIL_GILT,1512.64,104.24379419183218
2023-01-04,CRISIL_GILT,1513.41,104.29685884801457
2023-01-05,CRISIL_GILT,1513.57,104.30788527007842
2023-01-06,CRISIL_GILT,1511.11,104.13835403084641
2023-01-09,CRISIL_GILT,1517.32,104.56631703720038
2023-01-10,CRISIL_GILT,1521.08,104.82543795570135
2023-01-11,CRISIL_GILT,1521.12,104.8281945612173
2023-01-12,CRISIL_GILT,1521.11,104.82750540983832
2023-01-13,CRISIL_GILT,1519.73,104.73240251953743
2023-01-16,CRISIL_GILT,1517.7,104.59250478960209
2023-01-17,CRISIL_GILT,1517.53,104.58078921615923
2023-01-18,CRISIL_GILT,1521.59,104.86058467602994
2023-01-19,CRISIL_GILT,1520.31,104.77237329951896
2023-01-20,CRISIL_GILT,1525.66,105.14106928727965
2023-01-23,CRISIL_GILT,1523.59,104.99841495182831
2023-01-24,CRISIL_GILT,1529.77,105.42431050404532
2023-01-25,CRISIL_GILT,1529.06,105.37538075613688
2023-01-26,CRISIL_GILT,1532.12,105.58626107810842
2023-01-27,CRISIL_GILT,1541.37,106.22372610367592
2023-01-30,CRISIL_GILT,1551.24,106.90391851474095
2023-01-31,CRISIL_GILT,1546.44,106.57312585282483
2023-02-01,CRISIL_GILT,1550.92,106.88186567061322
2023-02-02,CRISIL_GILT,1547.67,106.65789147244085
2023-02-03,CRISIL_GILT,1549.58,106.78951938582829
2023-02-06,CRISIL_GILT,1551.93,106.9514699598914
2023-02-07,CRISIL_GILT,1555.75,107.2147257866663
2023-02-08,CRISIL_GILT,1551.18,106.89978360646701
2023-02-09,CRISIL_GILT,1547.03,106.61378578418537
2023-02-10,CRISIL_GILT,1544.24,106.4215125494466
2023-02-13,CRISIL_GILT,1546.96,106.60896172453242
2023-02-14,CRISIL_GILT,1548.36,106.70544291759127
2023-02-15,CRISIL_GILT,1550.41,106.84671895028464
2023-02-16,CRISIL_GILT,1546.26,106.560721128003
2023-02-17,CRISIL_GILT,1547.35,106.6358386283131
2023-02-20,CRISIL_GILT,1545.23,106.48973853596682
2023-02-21,CRISIL_GILT,1543.27,106.35466486568438
2023-02-22,CRISIL_GILT,1543.22,106.35121910878944
2023-02-23,CRISIL_GILT,1537.77,105.97563160723884
2023-02-24,CRISIL_GILT,1540.27,106.14791945198682
2023-02-27,CRISIL_GILT,1535.16,105.79576309732197
2023-02-28,CRISIL_GILT,1534.01,105.71651068873788
2023-03-01,CRISIL_GILT,1537.31,105.94393064380523
2023-03-02,CRISIL_GILT,1531.91,105.5717888991496
2023-03-03,CRISIL_GILT,1526.94,105.22928066379063
2023-03-06,CRISIL_GILT,1531.37,105.53457472468402
2023-03-07,CRISIL_GILT,1527.66,105.27889956307803
2023-03-08,CRISIL_GILT,1531.83,105.56627568811766
2023-03-09,CRISIL_GILT,1533.96,105.71306493184294
2023-03-10,CRISIL_GILT,1529.23,105.38709632957976
2023-03-13,CRISIL_GILT,1530.33,105.46290298126885
2023-03-14,CRISIL_GILT,1532.51,105.61313798188911
2023-03-15,CRISIL_GILT,1527.57,105.2726972006671
2023-03-16,CRISIL_GILT,1528.24,105.31887034305956
2023-03-17,CRISIL_GILT,1531.9,105.57109974777062
2023-03-20,CRISIL_GILT,1532.03,105.58005871569749
2023-03-21,CRISIL_GILT,1533.04,105.64966300497566
2023-03-22,CRISIL_GILT,1532.94,105.64277149118577
2023-03-23,CRISIL_GILT,1537.34,105.94599809794218
2023-03-24,CRISIL_GILT,1537.4,105.95013300621616
2023-03-27,CRISIL_GILT,1535.14,105.79438479456398
2023-03-28,CRISIL_GILT,1534.71,105.76475128526732
2023-03-29,CRISIL_GILT,1529.11,105.37882651303185
2023-03-30,CRISIL_GILT,1517.97,104.61111187683487
2023-03-31,CRISIL_GILT,1515.24,104.42297355037007
2023-04-03,CRISIL_GILT,1521.51,104.85507146499799
2023-04-04,CRISIL_GILT,1525.85,105.15416316348049
2023-04-05,CRISIL_GILT,1519.98,104.74963130401224
2023-04-06,CRISIL_GILT,1516.4,104.50291511033313
2023-04-07,CRISIL_GILT,1514.45,104.36853059142972
2023-04-10,CRISIL_GILT,1514.16,104.34854520143895
2023-04-11,CRISIL_GILT,1510.66,104.10734221879179
2023-04-12,CRISIL_GILT,1508.77,103.97709260816231
2023-04-13,CRISIL_GILT,1513.1,104.2754951552658
2023-04-14,CRISIL_GILT,1509.72,104.04256198916654
2023-04-17,CRISIL_GILT,1512.29,104.21967389356746
2023-04-18,CRISIL_GILT,1515.63,104.44985045415076
2023-04-19,CRISIL_GILT,1525.26,105.11350323211997
2023-04-20,CRISIL_GILT,1523.05,104.96120077736275
2023-04-21,CRISIL_GILT,1519.2,104.69587749645089
2023-04-24,CRISIL_GILT,1513.06,104.27273854974983
2023-04-25,CRISIL_GILT,1516.02,104.47672735793145
2023-04-26,CRISIL_GILT,1518.09,104.61938169338276
2023-04-27,CRISIL_GILT,1518.13,104.62213829889875
2023-04-28,CRISIL_GILT,1519.8,104.73722657919038
2023-05-01,CRISIL_GILT,1520.55,104.78891293261479
2023-05-02,CRISIL_GILT,1519.42,104.7110388267887
2023-05-03,CRISIL_GILT,1518.57,104.65246095957438
2023-05-04,CRISIL_GILT,1518.63,104.65659586784835
2023-05-05,CRISIL_GILT,1528.48,105.33540997615536
2023-05-08,CRISIL_GILT,1532.43,105.60762477085717
2023-05-09,CRISIL_GILT,1528.37,105.32782931098646
2023-05-10,CRISIL_GILT,1530.34,105.46359213264786
2023-05-11,CRISIL_GILT,1530.75,105.49184733918653
2023-05-12,CRISIL_GILT,1538.17,106.00319766239853
2023-05-15,CRISIL_GILT,1543.5,106.37051534740121
2023-05-16,CRISIL_GILT,1543.55,106.37396110429617
2023-05-17,CRISIL_GILT,1543.88,106.39670309980292
2023-05-18,CRISIL_GILT,1539.9,106.12242085096413
2023-05-19,CRISIL_GILT,1542.89,106.3284771132827
2023-05-22,CRISIL_GILT,1547.79,106.66616128898873
2023-05-23,CRISIL_GILT,1548.71,106.729563215856
2023-05-24,CRISIL_GILT,1550.18,106.83086846856781
2023-05-25,CRISIL_GILT,1549.35,106.77366890411149
2023-05-26,CRISIL_GILT,1553.24,107.04174879053934
2023-05-29,CRISIL_GILT,1548.44,106.71095612862322
2023-05-30,CRISIL_GILT,1544.53,106.44149793943738
2023-05-31,CRISIL_GILT,1548.59,106.7212933993081
2023-06-01,CRISIL_GILT,1543.54,106.37327195291716
2023-06-02,CRISIL_GILT,1541.51,106.23337422298182
2023-06-05,CRISIL_GILT,1540.87,106.18926853472634
2023-06-06,CRISIL_GILT,1543.14,106.34570589775751
2023-06-07,CRISIL_GILT,1544.18,106.41737764117268
2023-06-08,CRISIL_GILT,1532.69,105.62554270671096
2023-06-09,CRISIL_GILT,1535.38,105.81092442765978
2023-06-12,CRISIL_GILT,1534.96,105.78198006974213
2023-06-13,CRISIL_GILT,1539.53,106.09692224994143
2023-06-14,CRISIL_GILT,1536.21,105.86812399211611
2023-06-15,CRISIL_GILT,1542.77,106.32020729673482
2023-06-16,CRISIL_GILT,1538.64,106.03558777721116
2023-06-19,CRISIL_GILT,1537.29,105.94255234104723
2023-06-20,CRISIL_GILT,1542.62,106.30987002604992
2023-06-21,CRISIL_GILT,1551.85,106.94595674885944
2023-06-22,CRISIL_GILT,1547.71,106.66064807795681
2023-06-23,CRISIL_GILT,1557.91,107.36358248452855
2023-06-26,CRISIL_GILT,1549.04,106.75230521136272
2023-06-27,CRISIL_GILT,1552.44,106.98661668021998
2023-06-28,CRISIL_GILT,1559.79,107.49314294377903
2023-06-29,CRISIL_GILT,1556.18,107.24435929596297
2023-06-30,CRISIL_GILT,1561.45,107.6075420726917
2023-07-03,CRISIL_GILT,1559.89,107.50003445756897
2023-07-04,CRISIL_GILT,1557.39,107.32774661282099
2023-07-05,CRISIL_GILT,1552.52,106.9921298912519
2023-07-06,CRISIL_GILT,1552.66,107.00177801055781
2023-07-07,CRISIL_GILT,1553.66,107.07069314845701
2023-07-10,CRISIL_GILT,1549.43,106.77918211514341
2023-07-11,CRISIL_GILT,1555.45,107.19405124529655
2023-07-12,CRISIL_GILT,1553.51,107.06035587777211
2023-07-13,CRISIL_GILT,1553.81,107.08103041914188
2023-07-14,CRISIL_GILT,1555.16,107.17406585530578
2023-07-17,CRISIL_GILT,1567.39,108.01689799181288
2023-07-18,CRISIL_GILT,1572.91,108.39730955301643
2023-07-19,CRISIL_GILT,1576.6,108.65160641186442
2023-07-20,CRISIL_GILT,1575.3,108.5620167325955
2023-07-21,CRISIL_GILT,1577.23,108.69502294874091
2023-07-24,CRISIL_GILT,1579.58,108.85697352280401
2023-07-25,CRISIL_GILT,1579.91,108.87971551831077
2023-07-26,CRISIL_GILT,1584.18,109.17398315714031
2023-07-27,CRISIL_GILT,1597.19,110.07056910120878
2023-07-28,CRISIL_GILT,1593.18,109.79421939823301
2023-07-31,CRISIL_GILT,1595.3,109.9403194905793
2023-08-01,CRISIL_GILT,1597.33,110.08021722051467
2023-08-02,CRISIL_GILT,1596.83,110.04575965156506
2023-08-03,CRISIL_GILT,1594.59,109.89138974267088
2023-08-04,CRISIL_GILT,1592.15,109.72323680619687
2023-08-07,CRISIL_GILT,1601.63,110.37655231348118
2023-08-08,CRISIL_GILT,1602.73,110.45235896517029
2023-08-09,CRISIL_GILT,1607.28,110.76592284261162
2023-08-10,CRISIL_GILT,1606.61,110.71974970021914
2023-08-11,CRISIL_GILT,1608.82,110.87205215497636
2023-08-14,CRISIL_GILT,1611.38,111.0484749079983
2023-08-15,CRISIL_GILT,1610.87,111.01332818766969
2023-08-16,CRISIL_GILT,1612.4,111.11876834865548
2023-08-17,CRISIL_GILT,1618.09,111.51089548330187
2023-08-18,CRISIL_GILT,1614.02,111.23041087205216
2023-08-21,CRISIL_GILT,1615.4,111.32551376235304
2023-08-22,CRISIL_GILT,1618.19,111.51778699709179
2023-08-23,CRISIL_GILT,1621.91,111.77415131007677
2023-08-24,CRISIL_GILT,1626.3,112.07668876545422
2023-08-25,CRISIL_GILT,1629.74,112.31375683982745
2023-08-28,CRISIL_GILT,1635.12,112.68452028172509
2023-08-29,CRISIL_GILT,1633.92,112.60182211624605
2023-08-30,CRISIL_GILT,1640.4,113.04839220983283
2023-08-31,CRISIL_GILT,1641.38,113.11592904497402
2023-09-01,CRISIL_GILT,1645.47,113.39779195898171
2023-09-04,CRISIL_GILT,1640.52,113.05666202638072
2023-09-05,CRISIL_GILT,1643.73,113.27787961903712
2023-09-06,CRISIL_GILT,1644.84,113.35437542210522
2023-09-07,CRISIL_GILT,1644.06,113.30062161454386
2023-09-08,CRISIL_GILT,1649.91,113.70377517125412
2023-09-11,CRISIL_GILT,1651.31,113.80025636431299
2023-09-12,CRISIL_GILT,1652.62,113.89053519496093
2023-09-13,CRISIL_GILT,1647.15,113.51356939065236
2023-09-14,CRISIL_GILT,1644.78,113.35024051383127
2023-09-15,CRISIL_GILT,1646.01,113.43500613344727
2023-09-18,CRISIL_GILT,1643.69,113.27512301352117
2023-09-19,CRISIL_GILT,1650.18,113.7223822584869
2023-09-20,CRISIL_GILT,1649.43,113.67069590506252
2023-09-21,CRISIL_GILT,1645.9,113.42742546827837
2023-09-22,CRISIL_GILT,1641.75,113.14142764599673
2023-09-25,CRISIL_GILT,1641.67,113.1359144349648
2023-09-26,CRISIL_GILT,1645.66,113.41088583518257
2023-09-27,CRISIL_GILT,1642.24,113.17519606356731
2023-09-28,CRISIL_GILT,1638.39,112.90987278265546
2023-09-29,CRISIL_GILT,1636.48,112.778244869268
2023-10-02,CRISIL_GILT,1636.67,112.79133874546885
2023-10-03,CRISIL_GILT,1632.78,112.52325885904098
2023-10-04,CRISIL_GILT,1633.75,112.5901065428032
2023-10-05,CRISIL_GILT,1640.64,113.06493184292863
2023-10-06,CRISIL_GILT,1641.05,113.09318704946729
2023-10-09,CRISIL_GILT,1639.83,113.00911058123026
2023-10-10,CRISIL_GILT,1644.93,113.36057778451615
2023-10-11,CRISIL_GILT,1640.63,113.06424269154964
2023-10-12,CRISIL_GILT,1643.29,113.24755695836149
2023-10-13,CRISIL_GILT,1643.87,113.287527738343
2023-10-16,CRISIL_GILT,1651.37,113.80439127258693
2023-10-17,CRISIL_GILT,1657.07,114.19720755861233
2023-10-18,CRISIL_GILT,1649.4,113.66862845092554
2023-10-19,CRISIL_GILT,1650.74,113.76097473571045
2023-10-20,CRISIL_GILT,1645.15,113.37573911485397
2023-10-23,CRISIL_GILT,1650.36,113.73478698330874
2023-10-24,CRISIL_GILT,1646.87,113.49427315204056
2023-10-25,CRISIL_GILT,1650.61,113.75201576778355
2023-10-26,CRISIL_GILT,1655.88,114.11519854451231
2023-10-27,CRISIL_GILT,1648.77,113.62521191404905
2023-10-30,CRISIL_GILT,1655.37,114.0800518241837
2023-10-31,CRISIL_GILT,1660.54,114.43634308712251
2023-11-01,CRISIL_GILT,1656.61,114.1655065951787
2023-11-02,CRISIL_GILT,1661.94,114.53282428018139
2023-11-03,CRISIL_GILT,1657.4,114.21994955411907
2023-11-06,CRISIL_GILT,1661.67,114.5142171929486
2023-11-07,CRISIL_GILT,1661.76,114.52041955535954
2023-11-08,CRISIL_GILT,1656.3,114.14414290242996
2023-11-09,CRISIL_GILT,1662.95,114.60242856945956
2023-11-10,CRISIL_GILT,1669.61,115.06140338786817
2023-11-13,CRISIL_GILT,1670.9,115.15030391575816
2023-11-14,CRISIL_GILT,1671.47,115.18958554436067
2023-11-15,CRISIL_GILT,1670.26,115.10619822750266
2023-11-16,CRISIL_GILT,1673.07,115.29984976499938
2023-11-17,CRISIL_GILT,1675.27,115.45146306837762
2023-11-20,CRISIL_GILT,1682.21,115.929734125398
2023-11-21,CRISIL_GILT,1683.58,116.02414786431987
2023-11-22,CRISIL_GILT,1690.01,116.46727220101167
2023-11-23,CRISIL_GILT,1682.59,115.95592187779968
2023-11-24,CRISIL_GILT,1686.51,116.22606921836451
2023-11-27,CRISIL_GILT,1687.75,116.31152398935951
2023-11-28,CRISIL_GILT,1689.76,116.45004341653689
2023-11-29,CRISIL_GILT,1698.01,117.01859330420521
2023-11-30,CRISIL_GILT,1703.24,117.37901947541798
2023-12-01,CRISIL_GILT,1702.22,117.3087260347608
2023-12-04,CRISIL_GILT,1699.05,117.09026504762036
2023-12-05,CRISIL_GILT,1691.35,116.55961848579659
2023-12-06,CRISIL_GILT,1693.76,116.72570396813364
2023-12-07,CRISIL_GILT,1699.5,117.12127685967499
2023-12-08,CRISIL_GILT,1705.43,117.5299436274172
2023-12-11,CRISIL_GILT,1704.18,117.44379970504322
2023-12-12,CRISIL_GILT,1710.05,117.84833156451147
2023-12-13,CRISIL_GILT,1716.02,118.25975493776963
2023-12-14,CRISIL_GILT,1720.69,118.58158863175885
2023-12-15,CRISIL_GILT,1721.41,118.63120753104627
2023-12-18,CRISIL_GILT,1721.71,118.65188207241604
2023-12-19,CRISIL_GILT,1724.52,118.84553360991275
2023-12-20,CRISIL_GILT,1727.99,119.08466913842295
2023-12-21,CRISIL_GILT,1726.41,118.97578322054223
2023-12-22,CRISIL_GILT,1725.33,118.90135487161109
2023-12-25,CRISIL_GILT,1727.0,119.01644315190276
2023-12-26,CRISIL_GILT,1724.8,118.86482984852454
2023-12-27,CRISIL_GILT,1723.08,118.74629581133792
2023-12-28,CRISIL_GILT,1715.95,118.2549308781167
2023-12-29,CRISIL_GILT,1712.08,117.98822929444681
2024-01-01,CRISIL_GILT,1715.79,118.24390445605282
2024-01-02,CRISIL_GILT,1720.64,118.5781428748639
2024-01-03,CRISIL_GILT,1720.96,118.60019571899163
2024-01-04,CRISIL_GILT,1724.88,118.87034305955649
2024-01-05,CRISIL_GILT,1715.7,118.2377020936419
2024-01-08,CRISIL_GILT,1718.05,118.39965266770498
2024-01-09,CRISIL_GILT,1712.23,117.9985665651317
2024-01-10,CRISIL_GILT,1709.1,117.78286218350722
2024-01-11,CRISIL_GILT,1712.39,118.00959298719557
2024-01-12,CRISIL_GILT,1716.41,118.28663184155033
2024-01-15,CRISIL_GILT,1708.68,117.75391782558957
2024-01-16,CRISIL_GILT,1702.0,117.29356470442298
2024-01-17,CRISIL_GILT,1699.61,117.1288575248439
2024-01-18,CRISIL_GILT,1692.44,116.63473598610672
2024-01-19,CRISIL_GILT,1691.16,116.54652460959576
2024-01-22,CRISIL_GILT,1695.34,116.83458988601436
2024-01-23,CRISIL_GILT,1689.21,116.41214009069232
2024-01-24,CRISIL_GILT,1698.28,117.03720039143799
2024-01-25,CRISIL_GILT,1697.65,116.9937838545615
2024-01-26,CRISIL_GILT,1699.73,117.13712734139182
2024-01-29,CRISIL_GILT,1695.82,116.86766915220596
2024-01-30,CRISIL_GILT,1700.76,117.20810993342798
2024-01-31,CRISIL_GILT,1702.25,117.31079348889777
2024-02-01,CRISIL_GILT,1703.82,117.4189902553995
2024-02-02,CRISIL_GILT,1705.97,117.56715780188276
2024-02-05,CRISIL_GILT,1700.91,117.21844720411288
2024-02-06,CRISIL_GILT,1703.16,117.37350626438605
2024-02-07,CRISIL_GILT,1706.67,117.6153983984122
2024-02-08,CRISIL_GILT,1700.58,117.19570520860611
2024-02-09,CRISIL_GILT,1699.92,117.15022121759266
2024-02-12,CRISIL_GILT,1699.08,117.09233250175734
2024-02-13,CRISIL_GILT,1699.75,117.1385056441498
2024-02-14,CRISIL_GILT,1703.33,117.3852218378289
2024-02-15,CRISIL_GILT,1707.33,117.66088238942567
2024-02-16,CRISIL_GILT,1707.39,117.66501729769962
2024-02-19,CRISIL_GILT,1712.0,117.98271608341489
2024-02-20,CRISIL_GILT,1706.55,117.60712858186429
2024-02-21,CRISIL_GILT,1708.17,117.71877110526098
2024-02-22,CRISIL_GILT,1700.01,117.15642358000358
2024-02-23,CRISIL_GILT,1698.36,117.04271360246992
2024-02-26,CRISIL_GILT,1700.91,117.21844720411288
2024-02-27,CRISIL_GILT,1704.46,117.46309594365498
2024-02-28,CRISIL_GILT,1706.21,117.58369743497859
2024-02-29,CRISIL_GILT,1713.48,118.08471048750569
2024-03-01,CRISIL_GILT,1714.44,118.15086901988892
2024-03-04,CRISIL_GILT,1707.58,117.67811117390046
2024-03-05,CRISIL_GILT,1698.31,117.03926784557497
2024-03-06,CRISIL_GILT,1694.55,116.78014692707401
2024-03-07,CRISIL_GILT,1690.78,116.52033685719405
2024-03-08,CRISIL_GILT,1691.42,116.56444254544955
2024-03-11,CRISIL_GILT,1689.55,116.43557123757805
2024-03-12,CRISIL_GILT,1685.99,116.19023334665692
2024-03-13,CRISIL_GILT,1684.0,116.05309222223754
2024-03-14,CRISIL_GILT,1683.04,115.98693368985431
2024-03-15,CRISIL_GILT,1679.98,115.7760533678828
2024-03-18,CRISIL_GILT,1680.63,115.82084820751729
2024-03-19,CRISIL_GILT,1685.12,116.13027717668463
2024-03-20,CRISIL_GILT,1682.85,115.97383981365346
2024-03-21,CRISIL_GILT,1683.69,116.0317285294888
2024-03-22,CRISIL_GILT,1692.97,116.6712610091933
2024-03-25,CRISIL_GILT,1694.5,116.77670117017904
2024-03-26,CRISIL_GILT,1699.65,117.13161413035988
2024-03-27,CRISIL_GILT,1698.11,117.02548481799514
2024-03-28,CRISIL_GILT,1703.61,117.40451807644068
2024-03-29,CRISIL_GILT,1700.65,117.20052926825907
2024-04-01,CRISIL_GILT,1703.72,117.41209874160958
2024-04-02,CRISIL_GILT,1708.83,117.76425509627444
2024-04-03,CRISIL_GILT,1715.98,118.25699833225367
2024-04-04,CRISIL_GILT,1717.01,118.32798092428985
2024-04-05,CRISIL_GILT,1716.33,118.28111863051838
2024-04-08,CRISIL_GILT,1710.85,117.90346367483082
2024-04-09,CRISIL_GILT,1711.02,117.91517924827369
2024-04-10,CRISIL_GILT,1714.99,118.18877234573347
2024-04-11,CRISIL_GILT,1718.5,118.43066447975963
2024-04-12,CRISIL_GILT,1718.9,118.45823053491931
2024-04-15,CRISIL_GILT,1721.0,118.60295232450761
2024-04-16,CRISIL_GILT,1728.76,119.13773379460532
2024-04-17,CRISIL_GILT,1732.22,119.37618017173652
2024-04-18,CRISIL_GILT,1731.69,119.33965514864997
2024-04-19,CRISIL_GILT,1732.18,119.37342356622057
2024-04-22,CRISIL_GILT,1735.62,119.61049164059376
2024-04-23,CRISIL_GILT,1738.72,119.82412856808126
2024-04-24,CRISIL_GILT,1749.14,120.54222430499084
2024-04-25,CRISIL_GILT,1756.93,121.07907322922553
2024-04-26,CRISIL_GILT,1752.9,120.8013452234918
2024-04-29,CRISIL_GILT,1750.53,120.63801634667071
2024-04-30,CRISIL_GILT,1756.68,121.06184444475075
2024-05-01,CRISIL_GILT,1753.74,120.85923393932711
2024-05-02,CRISIL_GILT,1754.99,120.9453778617011
2024-05-03,CRISIL_GILT,1762.69,121.47602442352488
2024-05-06,CRISIL_GILT,1764.58,121.60627403415434
2024-05-07,CRISIL_GILT,1769.46,121.9425799071024
2024-05-08,CRISIL_GILT,1770.96,122.04595261395119
2024-05-09,CRISIL_GILT,1771.15,122.05904649015204
2024-05-10,CRISIL_GILT,1763.45,121.52839992832827
2024-05-13,CRISIL_GILT,1765.1,121.64210990586193
2024-05-14,CRISIL_GILT,1763.25,121.51461690074842
2024-05-15,CRISIL_GILT,1769.73,121.96118699433518
2024-05-16,CRISIL_GILT,1759.01,121.22241671605585
2024-05-17,CRISIL_GILT,1757.26,121.10181522473226
2024-05-20,CRISIL_GILT,1763.92,121.56079004314088
2024-05-21,CRISIL_GILT,1773.15,122.1968767659504
2024-05-22,CRISIL_GILT,1778.81,122.58693644645984
2024-05-23,CRISIL_GILT,1782.32,122.82882858048598
2024-05-24,CRISIL_GILT,1775.1,122.33126128485384
2024-05-27,CRISIL_GILT,1770.88,122.04043940291926
2024-05-28,CRISIL_GILT,1775.53,122.36089479415048
2024-05-29,CRISIL_GILT,1770.28,121.99909032017973
2024-05-30,CRISIL_GILT,1769.74,121.96187614571417
2024-05-31,CRISIL_GILT,1768.86,121.90123082436288
2024-06-03,CRISIL_GILT,1771.23,122.06455970118397
2024-06-04,CRISIL_GILT,1774.73,122.30576268383113
2024-06-05,CRISIL_GILT,1763.92,121.56079004314088
2024-06-06,CRISIL_GILT,1765.69,121.68276983722247
2024-06-07,CRISIL_GILT,1763.17,121.5091036897165
2024-06-10,CRISIL_GILT,1766.15,121.71447080065609
2024-06-11,CRISIL_GILT,1758.75,121.20449878020207
2024-06-12,CRISIL_GILT,1763.76,121.549763621077
2024-06-13,CRISIL_GILT,1761.09,121.36576020288616
2024-06-14,CRISIL_GILT,1759.88,121.28237288602817
2024-06-17,CRISIL_GILT,1767.63,121.81646520474689
2024-06-18,CRISIL_GILT,1767.53,121.80957369095695
2024-06-19,CRISIL_GILT,1772.44,122.14794701804199
2024-06-20,CRISIL_GILT,1772.84,122.17551307320167
2024-06-21,CRISIL_GILT,1780.8,122.72407757087922
2024-06-24,CRISIL_GILT,1782.83,122.86397530081459
2024-06-25,CRISIL_GILT,1785.67,123.0596942924483
2024-06-26,CRISIL_GILT,1786.99,123.15066227447522
2024-06-27,CRISIL_GILT,1786.17,123.09415186139789
2024-06-28,CRISIL_GILT,1790.62,123.40082422504928
2024-07-01,CRISIL_GILT,1787.76,123.2037269306576
2024-07-02,CRISIL_GILT,1791.56,123.46560445467452
2024-07-03,CRISIL_GILT,1796.42,123.80053202486458
2024-07-04,CRISIL_GILT,1799.36,124.00314253028819
2024-07-05,CRISIL_GILT,1795.61,123.74471076316624
2024-07-08,CRISIL_GILT,1798.15,123.9197552134302
2024-07-09,CRISIL_GILT,1803.42,124.28293799015893
2024-07-10,CRISIL_GILT,1798.19,123.92251181894616
2024-07-11,CRISIL_GILT,1791.8,123.48214408777032
2024-07-12,CRISIL_GILT,1796.13,123.78054663487383
2024-07-15,CRISIL_GILT,1793.72,123.61446115253678
2024-07-16,CRISIL_GILT,1797.61,123.8825410389646
2024-07-17,CRISIL_GILT,1805.9,124.45384753214893
2024-07-18,CRISIL_GILT,1799.73,124.0286411313109
2024-07-19,CRISIL_GILT,1793.18,123.57724697807122
2024-07-22,CRISIL_GILT,1797.33,123.86324480035285
2024-07-23,CRISIL_GILT,1803.79,124.30843659118163
2024-07-24,CRISIL_GILT,1812.12,124.88249968988188
2024-07-25,CRISIL_GILT,1816.33,125.17263242043748
2024-07-26,CRISIL_GILT,1816.23,125.16574090664756
2024-07-29,CRISIL_GILT,1817.19,125.2318994390308
2024-07-30,CRISIL_GILT,1819.25,125.37386462310312
2024-07-31,CRISIL_GILT,1827.51,125.94310366215042
2024-08-01,CRISIL_GILT,1829.38,126.07197497002194
2024-08-02,CRISIL_GILT,1826.72,125.88866070321008
2024-08-05,CRISIL_GILT,1828.27,125.99547916695381
2024-08-06,CRISIL_GILT,1821.61,125.5365043485452
2024-08-07,CRISIL_GILT,1819.58,125.39660661860985
2024-08-08,CRISIL_GILT,1818.69,125.33527214587956
2024-08-09,CRISIL_GILT,1817.43,125.24843907212659
2024-08-12,CRISIL_GILT,1810.69,124.78395104268604
2024-08-13,CRISIL_GILT,1805.8,124.446956018359
2024-08-14,CRISIL_GILT,1806.23,124.47658952765566
2024-08-15,CRISIL_GILT,1810.56,124.77499207475915
2024-08-16,CRISIL_GILT,1809.18,124.67988918445828
2024-08-19,CRISIL_GILT,1810.04,124.73915620305156
2024-08-20,CRISIL_GILT,1814.56,125.05065262635591
2024-08-21,CRISIL_GILT,1827.33,125.93069893732857
2024-08-22,CRISIL_GILT,1826.4,125.86660785908235
2024-08-23,CRISIL_GILT,1823.05,125.63574214712003
2024-08-26,CRISIL_GILT,1827.21,125.92242912078069
2024-08-27,CRISIL_GILT,1831.66,126.22910148443208
2024-08-28,CRISIL_GILT,1826.15,125.84937907460754
2024-08-29,CRISIL_GILT,1821.53,125.53099113751327
2024-08-30,CRISIL_GILT,1815.77,125.13403994321392
2024-09-02,CRISIL_GILT,1813.02,124.94452331399116
2024-09-03,CRISIL_GILT,1817.49,125.25257398040056
2024-09-04,CRISIL_GILT,1819.64,125.4007415268838
2024-09-05,CRISIL_GILT,1820.94,125.49033120615276
2024-09-06,CRISIL_GILT,1816.96,125.21604895731397
2024-09-09,CRISIL_GILT,1812.63,124.91764641021048
2024-09-10,CRISIL_GILT,1813.48,124.97622427742479
2024-09-11,CRISIL_GILT,1813.78,124.99689881879455
2024-09-12,CRISIL_GILT,1816.54,125.1871045993963
2024-09-13,CRISIL_GILT,1823.42,125.66124074814276
2024-09-16,CRISIL_GILT,1818.72,125.33733960001653
2024-09-17,CRISIL_GILT,1818.55,125.32562402657368
2024-09-18,CRISIL_GILT,1819.59,125.39729576998883
2024-09-19,CRISIL_GILT,1821.0,125.4944661144267
2024-09-20,CRISIL_GILT,1821.86,125.55373313302
2024-09-23,CRISIL_GILT,1822.21,125.57785343128471
2024-09-24,CRISIL_GILT,1823.6,125.67364547296458
2024-09-25,CRISIL_GILT,1826.5,125.87349937287225
2024-09-26,CRISIL_GILT,1823.78,125.68605019778644
2024-09-27,CRISIL_GILT,1826.46,125.87074276735628
2024-09-30,CRISIL_GILT,1829.35,126.06990751588494
2024-10-01,CRISIL_GILT,1830.96,126.18086088790264
2024-10-02,CRISIL_GILT,1838.77,126.71908811489531
2024-10-03,CRISIL_GILT,1840.3,126.8245282758811
2024-10-04,CRISIL_GILT,1842.52,126.97751988201729
2024-10-07,CRISIL_GILT,1838.51,126.70117017904153
2024-10-08,CRISIL_GILT,1843.86,127.0698661668022
2024-10-09,CRISIL_GILT,1853.31,127.72111421994956
2024-10-10,CRISIL_GILT,1854.57,127.80794729370253
2024-10-11,CRISIL_GILT,1845.47,127.1808195388199
2024-10-14,CRISIL_GILT,1851.01,127.56260940278142
2024-10-15,CRISIL_GILT,1857.94,128.0401913084228
2024-10-16,CRISIL_GILT,1859.48,128.14632062078758
2024-10-17,CRISIL_GILT,1857.59,128.01607101015807
2024-10-18,CRISIL_GILT,1864.09,128.4640194065028
2024-10-21,CRISIL_GILT,1870.26,128.88922580734084
2024-10-22,CRISIL_GILT,1871.98,129.00775984452747
2024-10-23,CRISIL_GILT,1877.9,129.41573746089068
2024-10-24,CRISIL_GILT,1875.01,129.216572712362
2024-10-25,CRISIL_GILT,1881.66,129.67485837939162
2024-10-28,CRISIL_GILT,1883.49,129.80097308174714
2024-10-29,CRISIL_GILT,1882.59,129.73894945763786
2024-10-30,CRISIL_GILT,1883.67,129.813377806569
2024-10-31,CRISIL_GILT,1888.05,130.11522611056745
2024-11-01,CRISIL_GILT,1890.06,130.25374553774483
2024-11-04,CRISIL_GILT,1899.36,130.8946563202073
2024-11-05,CRISIL_GILT,1905.72,131.33295659724615
2024-11-06,CRISIL_GILT,1900.65,130.98355684809727
2024-11-07,CRISIL_GILT,1905.63,131.32675423483525
2024-11-08,CRISIL_GILT,1911.01,131.69751767673287
2024-11-11,CRISIL_GILT,1914.52,131.93940981075906
2024-11-12,CRISIL_GILT,1910.49,131.6616818050253
2024-11-13,CRISIL_GILT,1916.43,132.0710377241465
2024-11-14,CRISIL_GILT,1918.24,132.19577412374403
2024-11-15,CRISIL_GILT,1913.9,131.89668242526153
2024-11-18,CRISIL_GILT,1916.17,132.05311978829272
2024-11-19,CRISIL_GILT,1922.19,132.46798891844585
2024-11-20,CRISIL_GILT,1918.66,132.22471848166168
2024-11-21,CRISIL_GILT,1915.14,131.98213719625653
2024-11-22,CRISIL_GILT,1919.21,132.26262180750626
2024-11-25,CRISIL_GILT,1921.54,132.42319407881135
2024-11-26,CRISIL_GILT,1926.07,132.7353796534947
2024-11-27,CRISIL_GILT,1926.96,132.79671412622497
2024-11-28,CRISIL_GILT,1939.74,133.67744958857662
2024-11-29,CRISIL_GILT,1938.58,133.59750802861356
2024-12-02,CRISIL_GILT,1942.4,133.86076385538848
2024-12-03,CRISIL_GILT,1940.73,133.7456755750968
2024-12-04,CRISIL_GILT,1934.44,133.31219935771094
2024-12-05,CRISIL_GILT,1934.4,133.30944275219497
2024-12-06,CRISIL_GILT,1933.61,133.2549997932546
2024-12-09,CRISIL_GILT,1942.89,133.89453227295908
2024-12-10,CRISIL_GILT,1945.6,134.08129229666588
2024-12-11,CRISIL_GILT,1942.39,133.8600747040095
2024-12-12,CRISIL_GILT,1943.27,133.92072002536077
2024-12-13,CRISIL_GILT,1939.44,133.65677504720688
2024-12-16,CRISIL_GILT,1938.81,133.6133585103304
2024-12-17,CRISIL_GILT,1944.48,134.0041073422188
2024-12-18,CRISIL_GILT,1947.39,134.20465039350543
2024-12-19,CRISIL_GILT,1939.89,133.68778685926154
2024-12-20,CRISIL_GILT,1936.6,133.46105605557318
2024-12-23,CRISIL_GILT,1933.13,133.221920527063
2024-12-24,CRISIL_GILT,1930.34,133.02964729232423
2024-12-25,CRISIL_GILT,1932.34,133.16747756812262
2024-12-26,CRISIL_GILT,1938.0,133.55753724863203
2024-12-27,CRISIL_GILT,1936.92,133.4831088997009
2024-12-30,CRISIL_GILT,1934.41,133.31013190357396
2024-12-31,CRISIL_GILT,1939.04,133.6292089920472
2025-01-01,CRISIL_GILT,1941.13,133.77324163025654
2025-01-02,CRISIL_GILT,1939.14,133.6361005058371
2025-01-03,CRISIL_GILT,1937.8,133.5437542210522
2025-01-06,CRISIL_GILT,1936.94,133.4844872024589
2025-01-07,CRISIL_GILT,1942.92,133.89659972709606
2025-01-08,CRISIL_GILT,1945.64,134.08404890218185
2025-01-09,CRISIL_GILT,1955.22,134.7442559232561
2025-01-10,CRISIL_GILT,1958.48,134.96891927280748
2025-01-13,CRISIL_GILT,1954.67,134.70635259741155
2025-01-14,CRISIL_GILT,1947.03,134.17984094386173
2025-01-15,CRISIL_GILT,1944.54,134.00824225049274
2025-01-16,CRISIL_GILT,1937.11,133.49620277590176
2025-01-17,CRISIL_GILT,1933.87,133.27291772910837
2025-01-20,CRISIL_GILT,1934.52,133.31771256874285
2025-01-21,CRISIL_GILT,1928.75,132.92007222306452
2025-01-22,CRISIL_GILT,1933.13,133.221920527063
2025-01-23,CRISIL_GILT,1931.22,133.09029261367553
2025-01-24,CRISIL_GILT,1935.67,133.39696497732695
2025-01-27,CRISIL_GILT,1931.62,133.1178586688352
2025-01-28,CRISIL_GILT,1935.7,133.3990324314639
2025-01-29,CRISIL_GILT,1933.79,133.26740451807643
2025-01-30,CRISIL_GILT,1933.19,133.22605543533695
2025-01-31,CRISIL_GILT,1930.65,133.051010985073
2025-02-03,CRISIL_GILT,1930.47,133.03860626025113
2025-02-04,CRISIL_GILT,1933.83,133.2701611235924
2025-02-05,CRISIL_GILT,1927.67,132.8456438741334
2025-02-06,CRISIL_GILT,1939.05,133.62989814342617
2025-02-07,CRISIL_GILT,1950.55,134.42242222926689
2025-02-10,CRISIL_GILT,1948.65,134.29148346725844
2025-02-11,CRISIL_GILT,1954.1,134.667070968809
2025-02-12,CRISIL_GILT,1948.78,134.30044243518532
2025-02-13,CRISIL_GILT,1941.3,133.78495720369935
2025-02-14,CRISIL_GILT,1951.34,134.47686518820726
2025-02-17,CRISIL_GILT,1955.8,134.78422670323764
2025-02-18,CRISIL_GILT,1957.13,134.87588383664357
2025-02-19,CRISIL_GILT,1961.42,135.1715297782311
2025-02-20,CRISIL_GILT,1958.69,134.9833914517663
2025-02-21,CRISIL_GILT,1959.78,135.0585089520764
2025-02-24,CRISIL_GILT,1961.54,135.17979959477898
2025-02-25,CRISIL_GILT,1954.99,134.7284054415393
2025-02-26,CRISIL_GILT,1961.26,135.16050335616723
2025-02-27,CRISIL_GILT,1959.62,135.04748253001253
2025-02-28,CRISIL_GILT,1954.41,134.68843466155778
2025-03-03,CRISIL_GILT,1963.32,135.30246854023954
2025-03-04,CRISIL_GILT,1970.02,135.76419996416413
2025-03-05,CRISIL_GILT,1969.56,135.7324990007305
2025-03-06,CRISIL_GILT,1963.93,135.34450677435808
2025-03-07,CRISIL_GILT,1967.14,135.56572436701447
2025-03-10,CRISIL_GILT,1968.09,135.6311937480187
2025-03-11,CRISIL_GILT,1979.6,136.42440698523836
2025-03-12,CRISIL_GILT,1986.91,136.92817664328146
2025-03-13,CRISIL_GILT,1985.23,136.81239921161082
2025-03-14,CRISIL_GILT,1993.16,137.35889625515142
2025-03-17,CRISIL_GILT,2000.58,137.8702465783634
2025-03-18,CRISIL_GILT,1992.4,137.30652075034803
2025-03-19,CRISIL_GILT,1995.95,137.55116948989016
2025-03-20,CRISIL_GILT,2002.68,138.0149683679517
2025-03-21,CRISIL_GILT,2001.24,137.91573056937688
2025-03-24,CRISIL_GILT,1995.64,137.5298057971414
2025-03-25,CRISIL_GILT,2011.47,138.62073243008558
2025-03-26,CRISIL_GILT,2020.18,139.22098328118756
2025-03-27,CRISIL_GILT,2022.26,139.36432676801786
2025-03-28,CRISIL_GILT,2012.14,138.66690557247807
2025-03-31,CRISIL_GILT,2010.83,138.57662674183013
2025-04-01,CRISIL_GILT,2021.62,139.32022107976238
2025-04-02,CRISIL_GILT,2029.27,139.8474218846912
2025-04-03,CRISIL_GILT,2028.71,139.80882940746767
2025-04-04,CRISIL_GILT,2026.96,139.68822791614406
2025-04-07,CRISIL_GILT,2035.27,140.26091271208634
2025-04-08,CRISIL_GILT,2034.86,140.23265750554768
2025-04-09,CRISIL_GILT,2035.08,140.24781883588548
2025-04-10,CRISIL_GILT,2038.15,140.459388309236
2025-04-11,CRISIL_GILT,2042.04,140.72746819566387
2025-04-14,CRISIL_GILT,2037.25,140.39736468512675
2025-04-15,CRISIL_GILT,2041.29,140.67578184223947
2025-04-16,CRISIL_GILT,2037.03,140.3822033547889
2025-04-17,CRISIL_GILT,2044.57,140.9018234945488
2025-04-18,CRISIL_GILT,2043.7,140.84186732457653
2025-04-21,CRISIL_GILT,2046.07,141.0051962013976
2025-04-22,CRISIL_GILT,2032.18,140.04796493597783
2025-04-23,CRISIL_GILT,2037.34,140.40356704753768
2025-04-24,CRISIL_GILT,2043.24,140.8101663611429
2025-04-25,CRISIL_GILT,2041.44,140.68611911292436
2025-04-28,CRISIL_GILT,2035.26,140.26022356070735
2025-04-29,CRISIL_GILT,2028.94,139.82467988918447
2025-04-30,CRISIL_GILT,2029.82,139.88532521053574
2025-05-01,CRISIL_GILT,2024.98,139.55177594310365
2025-05-02,CRISIL_GILT,2025.52,139.5889901175692
2025-05-05,CRISIL_GILT,2026.98,139.68960621890204
2025-05-06,CRISIL_GILT,2029.02,139.8301931002164
2025-05-07,CRISIL_GILT,2037.27,140.39874298788473
2025-05-08,CRISIL_GILT,2044.88,140.92318718729757
2025-05-09,CRISIL_GILT,2046.56,141.0389646189682
2025-05-12,CRISIL_GILT,2050.91,141.33874546882967
2025-05-13,CRISIL_GILT,2053.86,141.5420451256323
2025-05-14,CRISIL_GILT,2062.37,142.1285129491544
2025-05-15,CRISIL_GILT,2064.04,142.24360122944606
2025-05-16,CRISIL_GILT,2069.79,142.63986327236643
2025-05-19,CRISIL_GILT,2082.27,143.4999241933483
2025-05-20,CRISIL_GILT,2085.45,143.71907433186772
2025-05-21,CRISIL_GILT,2083.9,143.612255868124
2025-05-22,CRISIL_GILT,2082.58,143.52128788609707
2025-05-23,CRISIL_GILT,2079.69,143.3221231375684
2025-05-26,CRISIL_GILT,2084.66,143.66463137292737
2025-05-27,CRISIL_GILT,2087.54,143.86310697007704
2025-05-28,CRISIL_GILT,2086.64,143.80108334596778
2025-05-29,CRISIL_GILT,2095.75,144.4289002522294
2025-05-30,CRISIL_GILT,2094.65,144.35309360054032
2025-06-02,CRISIL_GILT,2096.15,144.4564663073891
2025-06-03,CRISIL_GILT,2093.01,144.24007277438565
2025-06-04,CRISIL_GILT,2093.42,144.2683279809243
2025-06-05,CRISIL_GILT,2090.17,144.04435378275193
2025-06-06,CRISIL_GILT,2090.61,144.07467644342756
2025-06-09,CRISIL_GILT,2086.07,143.76180171736524
2025-06-10,CRISIL_GILT,2084.36,143.64395683155763
2025-06-11,CRISIL_GILT,2081.61,143.45444020233487
2025-06-12,CRISIL_GILT,2079.11,143.28215235758688
2025-06-13,CRISIL_GILT,2075.34,143.02234228770695
2025-06-16,CRISIL_GILT,2074.51,142.9651427232506
2025-06-17,CRISIL_GILT,2062.31,142.12437804088046
2025-06-18,CRISIL_GILT,2066.71,142.4276046476369
2025-06-19,CRISIL_GILT,2069.07,142.590244373079
2025-06-20,CRISIL_GILT,2071.5,142.75770815817404
2025-06-23,CRISIL_GILT,2071.46,142.75495155265807
2025-06-24,CRISIL_GILT,2078.87,143.26561272449106
2025-06-25,CRISIL_GILT,2075.96,143.06506967320442
2025-06-26,CRISIL_GILT,2067.92,142.51099196449493
2025-06-27,CRISIL_GILT,2070.12,142.66260526787312
2025-06-30,CRISIL_GILT,2080.88,143.40413215166845
2025-07-01,CRISIL_GILT,2089.27,143.98233015864267
2025-07-02,CRISIL_GILT,2094.88,144.36894408225712
2025-07-03,CRISIL_GILT,2107.68,145.25105784736672
2025-07-04,CRISIL_GILT,2106.29,145.15526580568687
2025-07-07,CRISIL_GILT,2104.64,145.0415558281532
2025-07-08,CRISIL_GILT,2104.04,145.0002067454137
2025-07-09,CRISIL_GILT,2091.61,144.14359158132677
2025-07-10,CRISIL_GILT,2100.07,144.7266136479539
2025-07-11,CRISIL_GILT,2100.81,144.77761084999932
2025-07-14,CRISIL_GILT,2098.21,144.59843149146144
2025-07-15,CRISIL_GILT,2097.87,144.5750003445757
2025-07-16,CRISIL_GILT,2093.55,144.2772869488512
2025-07-17,CRISIL_GILT,2094.49,144.3420671784764
2025-07-18,CRISIL_GILT,2092.45,144.20148029716208
2025-07-21,CRISIL_GILT,2090.65,144.07743304894353
2025-07-22,CRISIL_GILT,2086.65,143.80177249734678
2025-07-23,CRISIL_GILT,2087.47,143.8582829104241
2025-07-24,CRISIL_GILT,2085.44,143.71838518048875
2025-07-25,CRISIL_GILT,2093.2,144.25316665058645
2025-07-28,CRISIL_GILT,2096.64,144.49023472495966
2025-07-29,CRISIL_GILT,2090.34,144.0560693561948
2025-07-30,CRISIL_GILT,2094.17,144.32001433434868
2025-07-31,CRISIL_GILT,2096.58,144.48609981668574
2025-08-01,CRISIL_GILT,2097.55,144.55294750044797
2025-08-04,CRISIL_GILT,2097.32,144.53709701873115
2025-08-05,CRISIL_GILT,2104.15,145.00778741058264
2025-08-06,CRISIL_GILT,2098.89,144.64529378523287
2025-08-07,CRISIL_GILT,2099.13,144.66183341832868
2025-08-08,CRISIL_GILT,2090.88,144.09328353066036
2025-08-11,CRISIL_GILT,2094.29,144.3282841508966
2025-08-12,CRISIL_GILT,2094.55,144.3462020867504
2025-08-13,CRISIL_GILT,2089.98,144.03125990655107
2025-08-14,CRISIL_GILT,2091.55,144.13945667305282
2025-08-15,CRISIL_GILT,2099.35,144.6769947486665
2025-08-18,CRISIL_GILT,2100.54,144.75900376276653
2025-08-19,CRISIL_GILT,2092.82,144.2269788981848
2025-08-20,CRISIL_GILT,2093.32,144.2614364671344
2025-08-21,CRISIL_GILT,2095.47,144.4096040136176
2025-08-22,CRISIL_GILT,2092.41,144.1987236916461
2025-08-25,CRISIL_GILT,2104.75,145.04913649332215
2025-08-26,CRISIL_GILT,2097.68,144.56190646837484
2025-08-27,CRISIL_GILT,2084.87,143.67910355188621
2025-08-28,CRISIL_GILT,2080.55,143.38139015616173
2025-08-29,CRISIL_GILT,2070.95,142.71980483232946
2025-09-01,CRISIL_GILT,2076.48,143.100905544912
2025-09-02,CRISIL_GILT,2082.63,143.52473364299203
2025-09-03,CRISIL_GILT,2074.79,142.98443896186237
2025-09-04,CRISIL_GILT,2069.7,142.6336609099555
2025-09-05,CRISIL_GILT,2063.96,142.23808801841415
2025-09-08,CRISIL_GILT,2064.44,142.27116728460572
2025-09-09,CRISIL_GILT,2067.47,142.47998015244028
2025-09-10,CRISIL_GILT,2075.87,143.0588673107935
2025-09-11,CRISIL_GILT,2078.69,143.2532079996692
2025-09-12,CRISIL_GILT,2077.52,143.17257728832715
2025-09-15,CRISIL_GILT,2076.11,143.0754069438893
2025-09-16,CRISIL_GILT,2077.22,143.1519027469574
2025-09-17,CRISIL_GILT,2078.64,143.24976224277424
2025-09-18,CRISIL_GILT,2078.59,143.2463164858793
2025-09-19,CRISIL_GILT,2079.69,143.3221231375684
2025-09-22,CRISIL_GILT,2080.16,143.35451325238103
2025-09-23,CRISIL_GILT,2073.16,142.8721072870867
2025-09-24,CRISIL_GILT,2074.52,142.9658318746296
2025-09-25,CRISIL_GILT,2070.55,142.69223877716982
2025-09-26,CRISIL_GILT,2072.22,142.80732705746144
2025-09-29,CRISIL_GILT,2075.37,143.0244097418439
2025-09-30,CRISIL_GILT,2082.13,143.49027607404244
2025-10-01,CRISIL_GILT,2082.55,143.5192204319601
2025-10-02,CRISIL_GILT,2079.8,143.32970380273733
2025-10-03,CRISIL_GILT,2084.82,143.67565779499128
2025-10-06,CRISIL_GILT,2085.75,143.73974887323752
2025-10-07,CRISIL_GILT,2096.7,144.49436963323365
2025-10-08,CRISIL_GILT,2089.81,144.01954433310823
2025-10-09,CRISIL_GILT,2087.36,143.8507022452552
2025-10-10,CRISIL_GILT,2084.21,143.63361956087275
2025-10-13,CRISIL_GILT,2094.51,144.34344548123443
2025-10-14,CRISIL_GILT,2097.51,144.550190894932
2025-10-15,CRISIL_GILT,2088.24,143.91134756660645
2025-10-16,CRISIL_GILT,2079.42,143.30351605033562
2025-10-17,CRISIL_GILT,2084.52,143.65498325362148
2025-10-20,CRISIL_GILT,2079.57,143.3138533210205
2025-10-21,CRISIL_GILT,2080.19,143.356580706518
2025-10-22,CRISIL_GILT,2079.7,143.32281228894738
2025-10-23,CRISIL_GILT,2090.69,144.0801896544595
2025-10-24,CRISIL_GILT,2090.04,144.03539481482503
2025-10-27,CRISIL_GILT,2088.42,143.92375229142834
2025-10-28,CRISIL_GILT,2091.98,144.16909018234946
2025-10-29,CRISIL_GILT,2098.45,144.6149711245572
2025-10-30,CRISIL_GILT,2099.7,144.7011150469312
2025-10-31,CRISIL_GILT,2088.19,143.90790180971155
2025-11-03,CRISIL_GILT,2093.05,144.2428293799016
2025-11-04,CRISIL_GILT,2086.5,143.7914352266619
2025-11-05,CRISIL_GILT,2079.03,143.27663914655494
2025-11-06,CRISIL_GILT,2077.05,143.14018717351456
2025-11-07,CRISIL_GILT,2078.3,143.22633109588853
2025-11-10,CRISIL_GILT,2086.55,143.79488098355685
2025-11-11,CRISIL_GILT,2076.46,143.099527242154
2025-11-12,CRISIL_GILT,2077.86,143.1960084352129
2025-11-13,CRISIL_GILT,2086.21,143.77144983667114
2025-11-14,CRISIL_GILT,2086.27,143.77558474494506
2025-11-17,CRISIL_GILT,2090.92,144.09604013617633
2025-11-18,CRISIL_GILT,2095.14,144.3868620181109
2025-11-19,CRISIL_GILT,2092.74,144.22146568715283
2025-11-20,CRISIL_GILT,2096.54,144.48334321116977
2025-11-21,CRISIL_GILT,2097.76,144.5674196794068
2025-11-24,CRISIL_GILT,2096.68,144.49299133047563
2025-11-25,CRISIL_GILT,2105.73,145.11667332846335
2025-11-26,CRISIL_GILT,2105.41,145.0946204843356
2025-11-27,CRISIL_GILT,2114.04,145.6893581244056
2025-11-28,CRISIL_GILT,2112.82,145.60528165616861
2025-12-01,CRISIL_GILT,2112.75,145.60045759651564
2025-12-02,CRISIL_GILT,2112.11,145.55635190826018
2025-12-03,CRISIL_GILT,2118.31,145.98362576323515
2025-12-04,CRISIL_GILT,2114.31,145.70796521163837
2025-12-05,CRISIL_GILT,2117.37,145.91884553360993
2025-12-08,CRISIL_GILT,2120.09,146.10629470869574
2025-12-09,CRISIL_GILT,2122.84,146.2958113379185
2025-12-10,CRISIL_GILT,2134.44,147.0952269375491
2025-12-11,CRISIL_GILT,2133.9,147.05801276308355
2025-12-12,CRISIL_GILT,2149.26,148.11654928121513
2025-12-15,CRISIL_GILT,2155.96,148.5782807051397
2025-12-16,CRISIL_GILT,2148.72,148.07933510674954
2025-12-17,CRISIL_GILT,2143.18,147.697545242788
2025-12-18,CRISIL_GILT,2149.35,148.12275164362603
2025-12-19,CRISIL_GILT,2145.93,147.8870618720108
2025-12-22,CRISIL_GILT,2147.88,148.02144639091424
2025-12-23,CRISIL_GILT,2144.74,147.80505285791077
2025-12-24,CRISIL_GILT,2142.85,147.67480324728132
2025-12-25,CRISIL_GILT,2142.09,147.62242774247792
2025-12-26,CRISIL_GILT,2148.03,148.03178366159912
2025-12-29,CRISIL_GILT,2147.42,147.9897454274806
2025-12-30,CRISIL_GILT,2155.78,148.56587598031786
2025-12-31,CRISIL_GILT,2151.1,148.24335313494964
2026-01-01,CRISIL_GILT,2156.03,148.58310476479267
2026-01-02,CRISIL_GILT,2157.8,148.7050845588742
2026-01-05,CRISIL_GILT,2151.71,148.28539136906812
2026-01-06,CRISIL_GILT,2149.13,148.10759031328823
2026-01-07,CRISIL_GILT,2149.11,148.10621201053024
2026-01-08,CRISIL_GILT,2156.45,148.6120491227103
2026-01-09,CRISIL_GILT,2156.38,148.60722506305737
2026-01-12,CRISIL_GILT,2168.27,149.42662605267873
2026-01-13,CRISIL_GILT,2167.14,149.34875194685264
2026-01-14,CRISIL_GILT,2168.3,149.42869350681573
2026-01-15,CRISIL_GILT,2176.16,149.97036649070336
2026-01-16,CRISIL_GILT,2169.88,149.53757942469645
2026-01-19,CRISIL_GILT,2177.09,150.03445756894962
2026-01-20,CRISIL_GILT,2174.14,149.83115791214698
2026-01-21,CRISIL_GILT,2173.49,149.7863630725125
2026-01-22,CRISIL_GILT,2175.48,149.9235041969319
2026-01-23,CRISIL_GILT,2171.68,149.66162667291496
2026-01-26,CRISIL_GILT,2186.92,150.71189337449866
2026-01-27,CRISIL_GILT,2188.77,150.83938637961214
2026-01-28,CRISIL_GILT,2190.16,150.93517842129202
2026-01-29,CRISIL_GILT,2187.53,150.75393160861717
2026-01-30,CRISIL_GILT,2180.77,150.28806527641862
2026-02-02,CRISIL_GILT,2187.65,150.76220142516505
2026-02-03,CRISIL_GILT,2186.78,150.7022452551928
2026-02-04,CRISIL_GILT,2189.23,150.8710873430458
2026-02-05,CRISIL_GILT,2184.47,150.54305128664564
2026-02-06,CRISIL_GILT,2189.58,150.8952076413105
2026-02-09,CRISIL_GILT,2188.47,150.8187118382424
2026-02-10,CRISIL_GILT,2180.0,150.23500062023624
2026-02-11,CRISIL_GILT,2179.03,150.16815293647406
2026-02-12,CRISIL_GILT,2183.94,150.50652626355907
2026-02-13,CRISIL_GILT,2187.8,150.77253869584993
2026-02-16,CRISIL_GILT,2190.54,150.9613661736937
2026-02-17,CRISIL_GILT,2190.98,150.99168883436937
2026-02-18,CRISIL_GILT,2191.81,151.04888839882568
2026-02-19,CRISIL_GILT,2189.37,150.88073546235165
2026-02-20,CRISIL_GILT,2196.42,151.36658718454098
2026-02-23,CRISIL_GILT,2196.76,151.39001833142672
2026-02-24,CRISIL_GILT,2194.48,151.23289181701654
2026-02-25,CRISIL_GILT,2205.04,151.960635673232
2026-02-26,CRISIL_GILT,2212.56,152.4788775102339
2026-02-27,CRISIL_GILT,2213.73,152.55950822157595
2026-03-02,CRISIL_GILT,2212.41,152.46854023954901
2026-03-03,CRISIL_GILT,2211.25,152.38859867958595
2026-03-04,CRISIL_GILT,2206.52,152.06263007732278
2026-03-05,CRISIL_GILT,2212.46,152.47198599644398
2026-03-06,CRISIL_GILT,2223.37,153.22385015092414
2026-03-09,CRISIL_GILT,2227.22,153.48917343183604
2026-03-10,CRISIL_GILT,2236.58,154.13421912257246
2026-03-11,CRISIL_GILT,2242.08,154.51325238101802
2026-03-12,CRISIL_GILT,2234.43,153.9860515760892
2026-03-13,CRISIL_GILT,2243.33,154.599396303392
2026-03-16,CRISIL_GILT,2242.7,154.55597976651552
2026-03-17,CRISIL_GILT,2244.58,154.685540225766
2026-03-18,CRISIL_GILT,2240.08,154.37542210521963
2026-03-19,CRISIL_GILT,2230.84,153.73864623103114
2026-03-20,CRISIL_GILT,2227.98,153.54154893663943
2026-03-23,CRISIL_GILT,2230.15,153.69109478588067
2026-03-24,CRISIL_GILT,2231.52,153.78550852480257
2026-03-25,CRISIL_GILT,2236.64,154.13835403084641
2026-03-26,CRISIL_GILT,2238.92,154.2954805452566
2026-03-27,CRISIL_GILT,2240.42,154.39885325210537
2026-03-30,CRISIL_GILT,2237.99,154.2313894670103
2026-03-31,CRISIL_GILT,2250.08,155.06457348421154
2026-04-01,CRISIL_GILT,2261.92,155.880528716938
2026-04-02,CRISIL_GILT,2264.09,156.03007456617922
2026-04-03,CRISIL_GILT,2256.85,155.53112896778907
2026-04-06,CRISIL_GILT,2259.59,155.71995644563285
2026-04-07,CRISIL_GILT,2253.08,155.2713188979091
2026-04-08,CRISIL_GILT,2245.8,154.76961669400302
2026-04-09,CRISIL_GILT,2252.11,155.2044712141469
2026-04-10,CRISIL_GILT,2247.91,154.9150276349703
2026-04-13,CRISIL_GILT,2245.76,154.76686008848705
2026-04-14,CRISIL_GILT,2251.61,155.17001364519732
2026-04-15,CRISIL_GILT,2254.94,155.3995010544016
2026-04-16,CRISIL_GILT,2259.57,155.7185781428749
2026-04-17,CRISIL_GILT,2270.49,156.471131448734
2026-04-20,CRISIL_GILT,2268.09,156.30573511777598
2026-04-21,CRISIL_GILT,2270.69,156.48491447631386
2026-04-22,CRISIL_GILT,2279.95,157.1230686532604
2026-04-23,CRISIL_GILT,2275.31,156.80330241340815
2026-04-24,CRISIL_GILT,2275.2,156.7957217482392
2026-04-27,CRISIL_GILT,2280.81,157.18233567185368
2026-04-28,CRISIL_GILT,2274.39,156.73990048654088
2026-04-29,CRISIL_GILT,2276.36,156.8756633082023
2026-04-30,CRISIL_GILT,2275.36,156.8067481703031
2026-05-01,CRISIL_GILT,2270.81,156.49318429286177
2026-05-04,CRISIL_GILT,2278.36,157.01349358400068
2026-05-05,CRISIL_GILT,2284.29,157.42216035174286
2026-05-06,CRISIL_GILT,2288.02,157.67921381610685
2026-05-07,CRISIL_GILT,2292.76,158.00587156974905
2026-05-08,CRISIL_GILT,2291.11,157.89216159221536
2026-05-11,CRISIL_GILT,2292.07,157.95832012459857
2026-05-12,CRISIL_GILT,2287.98,157.67645721059088
2026-05-13,CRISIL_GILT,2293.1,158.02930271663473
2026-05-14,CRISIL_GILT,2288.53,157.71436053643546
2026-05-15,CRISIL_GILT,2286.31,157.56136893029924
2026-05-18,CRISIL_GILT,2281.08,157.20094275908647
2026-05-19,CRISIL_GILT,2282.98,157.33188152109494
2026-05-20,CRISIL_GILT,2282.14,157.2739928052596
2026-05-21,CRISIL_GILT,2285.11,157.4786707648202
2026-05-22,CRISIL_GILT,2281.95,157.26089892905875
2026-05-25,CRISIL_GILT,2278.26,157.00660207021076
2026-05-26,CRISIL_GILT,2281.42,157.2243739059722
2026-05-27,CRISIL_GILT,2281.3,157.2161040894243
2026-05-28,CRISIL_GILT,2298.35,158.3911071906055
2026-05-29,CRISIL_GILT,2302.79,158.6970904028779
2022-01-03,CRISIL_LIQUID,2281.51,100.0
2022-01-04,CRISIL_LIQUID,2281.61,100.00438306209483
2022-01-05,CRISIL_LIQUID,2282.31,100.03506449675872
2022-01-06,CRISIL_LIQUID,2282.91,100.06136286932777
2022-01-07,CRISIL_LIQUID,2284.78,100.1433261305013
2022-01-10,CRISIL_LIQUID,2284.84,100.1459559677582
2022-01-11,CRISIL_LIQUID,2285.86,100.19066320112557
2022-01-12,CRISIL_LIQUID,2285.47,100.17356925895567
2022-01-13,CRISIL_LIQUID,2285.36,100.16874789065136
2022-01-14,CRISIL_LIQUID,2285.63,100.18058215830743
2022-01-17,CRISIL_LIQUID,2285.61,100.17970554588847
2022-01-18,CRISIL_LIQUID,2286.51,100.21915310474203
2022-01-19,CRISIL_LIQUID,2287.08,100.24413655868261
2022-01-20,CRISIL_LIQUID,2288.27,100.29629499761121
2022-01-21,CRISIL_LIQUID,2288.12,100.28972040446895
2022-01-24,CRISIL_LIQUID,2288.84,100.3212784515518
2022-01-25,CRISIL_LIQUID,2288.89,100.32346998259922
2022-01-26,CRISIL_LIQUID,2290.4,100.38965422023134
2022-01-27,CRISIL_LIQUID,2290.25,100.38307962708907
2022-01-28,CRISIL_LIQUID,2289.57,100.35327480484415
2022-01-31,CRISIL_LIQUID,2289.74,100.36072601040537
2022-02-01,CRISIL_LIQUID,2289.52,100.35108327379673
2022-02-02,CRISIL_LIQUID,2290.22,100.38176470846061
2022-02-03,CRISIL_LIQUID,2291.23,100.42603363561851
2022-02-04,CRISIL_LIQUID,2292.34,100.47468562487126
2022-02-07,CRISIL_LIQUID,2291.39,100.43304653497025
2022-02-08,CRISIL_LIQUID,2292.51,100.48213683043248
2022-02-09,CRISIL_LIQUID,2293.26,100.51500979614379
2022-02-10,CRISIL_LIQUID,2294.36,100.56322347918703
2022-02-11,CRISIL_LIQUID,2295.59,100.61713514295356
2022-02-14,CRISIL_LIQUID,2295.73,100.62327142988634
2022-02-15,CRISIL_LIQUID,2295.67,100.62064159262944
2022-02-16,CRISIL_LIQUID,2296.5,100.65702100801661
2022-02-17,CRISIL_LIQUID,2297.79,100.71356250904005
2022-02-18,CRISIL_LIQUID,2297.48,100.69997501654606
2022-02-21,CRISIL_LIQUID,2298.12,100.72802661395302
2022-02-22,CRISIL_LIQUID,2298.33,100.7372310443522
2022-02-23,CRISIL_LIQUID,2298.55,100.74687378096085
2022-02-24,CRISIL_LIQUID,2298.86,100.76046127345487
2022-02-25,CRISIL_LIQUID,2299.93,100.80736003786963
2022-02-28,CRISIL_LIQUID,2300.94,100.85162896502754
2022-03-01,CRISIL_LIQUID,2300.89,100.84943743398011
2022-03-02,CRISIL_LIQUID,2300.49,100.83190518560075
2022-03-03,CRISIL_LIQUID,2301.86,100.89195313630009
2022-03-04,CRISIL_LIQUID,2303.04,100.94367326901919
2022-03-07,CRISIL_LIQUID,2304.53,101.00898089423234
2022-03-08,CRISIL_LIQUID,2305.52,101.05237320897125
2022-03-09,CRISIL_LIQUID,2307.08,101.12074897765075
2022-03-10,CRISIL_LIQUID,2306.0,101.07341190702648
2022-03-11,CRISIL_LIQUID,2306.51,101.09576552371018
2022-03-14,CRISIL_LIQUID,2306.6,101.09971027959553
2022-03-15,CRISIL_LIQUID,2308.64,101.18912474633026
2022-03-16,CRISIL_LIQUID,2308.36,101.17685217246472
2022-03-17,CRISIL_LIQUID,2307.98,101.16019653650432
2022-03-18,CRISIL_LIQUID,2308.12,101.1663328234371
2022-03-21,CRISIL_LIQUID,2308.33,101.17553725383625
2022-03-22,CRISIL_LIQUID,2308.65,101.18956305253977
2022-03-23,CRISIL_LIQUID,2309.91,101.24478963493475
2022-03-24,CRISIL_LIQUID,2311.58,101.31798677191858
2022-03-25,CRISIL_LIQUID,2312.88,101.37496657915153
2022-03-28,CRISIL_LIQUID,2315.29,101.48059837563717
2022-03-29,CRISIL_LIQUID,2316.82,101.54765922568825
2022-03-30,CRISIL_LIQUID,2316.96,101.55379551262102
2022-03-31,CRISIL_LIQUID,2317.47,101.57614912930471
2022-04-01,CRISIL_LIQUID,2318.65,101.62786926202384
2022-04-04,CRISIL_LIQUID,2318.4,101.61691160678672
2022-04-05,CRISIL_LIQUID,2318.77,101.63312893653764
2022-04-06,CRISIL_LIQUID,2319.84,101.68002770095244
2022-04-07,CRISIL_LIQUID,2321.84,101.76768894284925
2022-04-08,CRISIL_LIQUID,2322.46,101.79486392783726
2022-04-11,CRISIL_LIQUID,2323.2,101.82729858733907
2022-04-12,CRISIL_LIQUID,2324.18,101.87025259586851
2022-04-13,CRISIL_LIQUID,2323.51,101.84088607983308
2022-04-14,CRISIL_LIQUID,2323.85,101.85578849095553
2022-04-15,CRISIL_LIQUID,2323.82,101.85447357232708
2022-04-18,CRISIL_LIQUID,2324.99,101.9057553988367
2022-04-19,CRISIL_LIQUID,2325.27,101.91802797270229
2022-04-20,CRISIL_LIQUID,2326.76,101.98333559791541
2022-04-21,CRISIL_LIQUID,2327.68,102.02365976918793
2022-04-22,CRISIL_LIQUID,2328.16,102.04469846724318
2022-04-25,CRISIL_LIQUID,2328.35,102.05302628522337
2022-04-26,CRISIL_LIQUID,2328.43,102.05653273489924
2022-04-27,CRISIL_LIQUID,2330.21,102.13455124018742
2022-04-28,CRISIL_LIQUID,2329.32,102.09554198754334
2022-04-29,CRISIL_LIQUID,2329.86,102.11921052285547
2022-05-02,CRISIL_LIQUID,2330.52,102.14813873268143
2022-05-03,CRISIL_LIQUID,2329.47,102.10211658068557
2022-05-04,CRISIL_LIQUID,2331.03,102.1704923493651
2022-05-05,CRISIL_LIQUID,2331.78,102.20336531507641
2022-05-06,CRISIL_LIQUID,2332.92,102.25333222295761
2022-05-09,CRISIL_LIQUID,2334.07,102.30373743704826
2022-05-10,CRISIL_LIQUID,2335.34,102.35940232565275
2022-05-11,CRISIL_LIQUID,2336.54,102.41199907079081
2022-05-12,CRISIL_LIQUID,2337.74,102.4645958159289
2022-05-13,CRISIL_LIQUID,2338.63,102.50360506857301
2022-05-16,CRISIL_LIQUID,2339.96,102.56189979443437
2022-05-17,CRISIL_LIQUID,2342.58,102.67673602131919
2022-05-18,CRISIL_LIQUID,2342.55,102.67542110269076
2022-05-19,CRISIL_LIQUID,2343.53,102.7183751112202
2022-05-20,CRISIL_LIQUID,2344.76,102.77228677498672
2022-05-23,CRISIL_LIQUID,2344.23,102.74905654588406
2022-05-24,CRISIL_LIQUID,2346.23,102.8367177877809
2022-05-25,CRISIL_LIQUID,2347.32,102.88449316461465
2022-05-26,CRISIL_LIQUID,2348.15,102.92087258000184
2022-05-27,CRISIL_LIQUID,2348.49,102.93577499112428
2022-05-30,CRISIL_LIQUID,2349.72,102.98968665489082
2022-05-31,CRISIL_LIQUID,2349.5,102.98004391828218
2022-06-01,CRISIL_LIQUID,2351.39,103.06288379187467
2022-06-02,CRISIL_LIQUID,2352.77,103.12337004878347
2022-06-03,CRISIL_LIQUID,2353.29,103.14616197167663
2022-06-06,CRISIL_LIQUID,2354.96,103.21935910866048
2022-06-07,CRISIL_LIQUID,2354.28,103.18955428641556
2022-06-08,CRISIL_LIQUID,2354.14,103.18341799948278
2022-06-09,CRISIL_LIQUID,2354.79,103.21190790309925
2022-06-10,CRISIL_LIQUID,2355.48,103.24215103155365
2022-06-13,CRISIL_LIQUID,2356.42,103.28335181524515
2022-06-14,CRISIL_LIQUID,2357.19,103.31710139337544
2022-06-15,CRISIL_LIQUID,2358.73,103.38460054963599
2022-06-16,CRISIL_LIQUID,2358.25,103.36356185158073
2022-06-17,CRISIL_LIQUID,2357.44,103.32805904861253
2022-06-20,CRISIL_LIQUID,2357.02,103.3096501878142
2022-06-21,CRISIL_LIQUID,2356.67,103.29430947048226
2022-06-22,CRISIL_LIQUID,2357.31,103.32236106788923
2022-06-23,CRISIL_LIQUID,2357.82,103.34471468457293
2022-06-24,CRISIL_LIQUID,2358.68,103.38240901858855
2022-06-27,CRISIL_LIQUID,2359.57,103.42141827123265
2022-06-28,CRISIL_LIQUID,2360.39,103.45735938041032
2022-06-29,CRISIL_LIQUID,2359.88,103.43500576372664
2022-06-30,CRISIL_LIQUID,2360.34,103.45516784936292
2022-07-01,CRISIL_LIQUID,2360.59,103.46612550460002
2022-07-04,CRISIL_LIQUID,2362.13,103.53362466086055
2022-07-05,CRISIL_LIQUID,2363.02,103.57263391350465
2022-07-06,CRISIL_LIQUID,2365.04,103.66117176782042
2022-07-07,CRISIL_LIQUID,2364.93,103.65635039951609
2022-07-08,CRISIL_LIQUID,2365.34,103.67432095410496
2022-07-11,CRISIL_LIQUID,2366.66,103.73217737375684
2022-07-12,CRISIL_LIQUID,2366.92,103.74357333520344
2022-07-13,CRISIL_LIQUID,2367.84,103.78389750647597
2022-07-14,CRISIL_LIQUID,2368.02,103.79178701824668
2022-07-15,CRISIL_LIQUID,2369.53,103.8579712558788
2022-07-18,CRISIL_LIQUID,2369.11,103.83956239508045
2022-07-19,CRISIL_LIQUID,2371.18,103.93029178044364
2022-07-20,CRISIL_LIQUID,2372.39,103.98332683179122
2022-07-21,CRISIL_LIQUID,2373.4,104.0275957589491
2022-07-22,CRISIL_LIQUID,2374.34,104.06879654264061
2022-07-25,CRISIL_LIQUID,2374.45,104.07361791094492
2022-07-26,CRISIL_LIQUID,2375.62,104.12489973745456
2022-07-27,CRISIL_LIQUID,2375.88,104.13629569890116
2022-07-28,CRISIL_LIQUID,2374.94,104.09509491520966
2022-07-29,CRISIL_LIQUID,2375.65,104.12621465608302
2022-08-01,CRISIL_LIQUID,2375.74,104.13015941196836
2022-08-02,CRISIL_LIQUID,2376.49,104.16303237767967
2022-08-03,CRISIL_LIQUID,2377.12,104.19064566887717
2022-08-04,CRISIL_LIQUID,2376.7,104.17223680807884
2022-08-05,CRISIL_LIQUID,2378.54,104.25288515062392
2022-08-08,CRISIL_LIQUID,2378.68,104.2590214375567
2022-08-09,CRISIL_LIQUID,2380.12,104.32213753172239
2022-08-10,CRISIL_LIQUID,2380.23,104.32695890002672
2022-08-11,CRISIL_LIQUID,2380.88,104.3554488036432
2022-08-12,CRISIL_LIQUID,2381.73,104.39270483144934
2022-08-15,CRISIL_LIQUID,2380.85,104.35413388501473
2022-08-16,CRISIL_LIQUID,2381.02,104.36158509057596
2022-08-17,CRISIL_LIQUID,2381.86,104.39840281217263
2022-08-18,CRISIL_LIQUID,2382.54,104.42820763441753
2022-08-19,CRISIL_LIQUID,2383.21,104.45757415045298
2022-08-22,CRISIL_LIQUID,2384.53,104.51543057010488
2022-08-23,CRISIL_LIQUID,2384.56,104.51674548873333
2022-08-24,CRISIL_LIQUID,2385.25,104.54698861718772
2022-08-25,CRISIL_LIQUID,2384.86,104.52989467501786
2022-08-26,CRISIL_LIQUID,2385.12,104.54129063646442
2022-08-29,CRISIL_LIQUID,2386.68,104.60966640514395
2022-08-30,CRISIL_LIQUID,2387.32,104.63771800255095
2022-08-31,CRISIL_LIQUID,2387.6,104.64999057641649
2022-09-01,CRISIL_LIQUID,2387.62,104.65086718883545
2022-09-02,CRISIL_LIQUID,2387.22,104.63333494045608
2022-09-05,CRISIL_LIQUID,2388.56,104.69206797252694
2022-09-06,CRISIL_LIQUID,2390.79,104.7898102572419
2022-09-07,CRISIL_LIQUID,2391.1,104.80339774973591
2022-09-08,CRISIL_LIQUID,2390.36,104.7709630902341
2022-09-09,CRISIL_LIQUID,2392.14,104.84898159552225
2022-09-12,CRISIL_LIQUID,2392.09,104.84679006447483
2022-09-13,CRISIL_LIQUID,2393.0,104.88667592953789
2022-09-14,CRISIL_LIQUID,2394.02,104.93138316290526
2022-09-15,CRISIL_LIQUID,2395.49,104.99581417569941
2022-09-16,CRISIL_LIQUID,2395.93,105.0150996489167
2022-09-19,CRISIL_LIQUID,2396.9,105.05761535123668
2022-09-20,CRISIL_LIQUID,2397.28,105.07427098719708
2022-09-21,CRISIL_LIQUID,2396.39,105.03526173455298
2022-09-22,CRISIL_LIQUID,2396.7,105.04884922704699
2022-09-23,CRISIL_LIQUID,2397.6,105.08829678590055
2022-09-26,CRISIL_LIQUID,2397.46,105.08216049896777
2022-09-27,CRISIL_LIQUID,2398.15,105.11240362742218
2022-09-28,CRISIL_LIQUID,2398.97,105.14834473659987
2022-09-29,CRISIL_LIQUID,2400.61,105.22022695495528
2022-09-30,CRISIL_LIQUID,2400.53,105.2167205052794
2022-10-03,CRISIL_LIQUID,2401.33,105.2517850020381
2022-10-04,CRISIL_LIQUID,2401.12,105.24258057163894
2022-10-05,CRISIL_LIQUID,2400.09,105.19743503206209
2022-10-06,CRISIL_LIQUID,2400.35,105.20883099350866
2022-10-07,CRISIL_LIQUID,2400.56,105.21803542390784
2022-10-10,CRISIL_LIQUID,2401.43,105.25616806413294
2022-10-11,CRISIL_LIQUID,2402.93,105.32191399555555
2022-10-12,CRISIL_LIQUID,2403.63,105.35259543021947
2022-10-13,CRISIL_LIQUID,2403.76,105.35829341094276
2022-10-14,CRISIL_LIQUID,2403.76,105.35829341094276
2022-10-17,CRISIL_LIQUID,2405.26,105.42403934236538
2022-10-18,CRISIL_LIQUID,2406.4,105.47400625024655
2022-10-19,CRISIL_LIQUID,2406.36,105.47225302540862
2022-10-20,CRISIL_LIQUID,2405.94,105.45384416461027
2022-10-21,CRISIL_LIQUID,2405.89,105.45165263356284
2022-10-24,CRISIL_LIQUID,2407.26,105.51170058426219
2022-10-25,CRISIL_LIQUID,2407.17,105.50775582837682
2022-10-26,CRISIL_LIQUID,2408.14,105.55027153069676
2022-10-27,CRISIL_LIQUID,2410.04,105.63354971049874
2022-10-28,CRISIL_LIQUID,2410.06,105.6344263229177
2022-10-31,CRISIL_LIQUID,2410.39,105.64889042783068
2022-11-01,CRISIL_LIQUID,2410.99,105.67518880039972
2022-11-02,CRISIL_LIQUID,2410.4,105.64932873404015
2022-11-03,CRISIL_LIQUID,2410.48,105.65283518371604
2022-11-04,CRISIL_LIQUID,2411.24,105.68614645563682
2022-11-07,CRISIL_LIQUID,2411.12,105.68088678112302
2022-11-08,CRISIL_LIQUID,2413.36,105.77906737204745
2022-11-09,CRISIL_LIQUID,2413.61,105.79002502728456
2022-11-10,CRISIL_LIQUID,2414.1,105.81150203154928
2022-11-11,CRISIL_LIQUID,2414.29,105.81982984952947
2022-11-14,CRISIL_LIQUID,2414.72,105.83867701653726
2022-11-15,CRISIL_LIQUID,2414.8,105.84218346621317
2022-11-16,CRISIL_LIQUID,2413.84,105.80010607010269
2022-11-17,CRISIL_LIQUID,2414.19,105.81544678743462
2022-11-18,CRISIL_LIQUID,2416.19,105.90310802933145
2022-11-21,CRISIL_LIQUID,2418.05,105.98463298429547
2022-11-22,CRISIL_LIQUID,2417.87,105.97674347252477
2022-11-23,CRISIL_LIQUID,2417.28,105.9508834061652
2022-11-24,CRISIL_LIQUID,2416.34,105.90968262247371
2022-11-25,CRISIL_LIQUID,2416.22,105.90442294795987
2022-11-28,CRISIL_LIQUID,2416.42,105.91318907214958
2022-11-29,CRISIL_LIQUID,2417.35,105.95395154963158
2022-11-30,CRISIL_LIQUID,2417.66,105.9675390421256
2022-12-01,CRISIL_LIQUID,2418.95,106.02408054314904
2022-12-02,CRISIL_LIQUID,2420.03,106.07141761377332
2022-12-05,CRISIL_LIQUID,2420.92,106.11042686641741
2022-12-06,CRISIL_LIQUID,2421.45,106.13365709552005
2022-12-07,CRISIL_LIQUID,2422.83,106.19414335242887
2022-12-08,CRISIL_LIQUID,2423.94,106.2427953416816
2022-12-09,CRISIL_LIQUID,2423.45,106.22131833741686
2022-12-12,CRISIL_LIQUID,2424.48,106.26646387699374
2022-12-13,CRISIL_LIQUID,2424.66,106.27435338876445
2022-12-14,CRISIL_LIQUID,2425.99,106.33264811462581
2022-12-15,CRISIL_LIQUID,2427.12,106.38217671629752
2022-12-16,CRISIL_LIQUID,2429.06,106.46720812093744
2022-12-19,CRISIL_LIQUID,2428.16,106.42776056208388
2022-12-20,CRISIL_LIQUID,2429.02,106.46545489609952
2022-12-21,CRISIL_LIQUID,2429.15,106.4711528768228
2022-12-22,CRISIL_LIQUID,2431.41,106.57021008016618
2022-12-23,CRISIL_LIQUID,2429.71,106.4956980245539
2022-12-26,CRISIL_LIQUID,2430.67,106.53777542066439
2022-12-27,CRISIL_LIQUID,2431.73,106.58423587886969
2022-12-28,CRISIL_LIQUID,2430.72,106.53996695171179
2022-12-29,CRISIL_LIQUID,2431.74,106.58467418507915
2022-12-30,CRISIL_LIQUID,2430.82,106.54435001380665
2023-01-02,CRISIL_LIQUID,2430.9,106.5478564634825
2023-01-03,CRISIL_LIQUID,2431.84,106.58905724717403
2023-01-04,CRISIL_LIQUID,2431.71,106.58335926645073
2023-01-05,CRISIL_LIQUID,2432.4,106.61360239490512
2023-01-06,CRISIL_LIQUID,2433.02,106.64077737989312
2023-01-09,CRISIL_LIQUID,2434.06,106.68636122567948
2023-01-10,CRISIL_LIQUID,2433.87,106.67803340769927
2023-01-11,CRISIL_LIQUID,2435.21,106.73676643977015
2023-01-12,CRISIL_LIQUID,2433.62,106.66707575246217
2023-01-13,CRISIL_LIQUID,2435.41,106.74553256395983
2023-01-16,CRISIL_LIQUID,2435.84,106.76437973096765
2023-01-17,CRISIL_LIQUID,2436.35,106.78673334765132
2023-01-18,CRISIL_LIQUID,2437.22,106.82486598787644
2023-01-19,CRISIL_LIQUID,2437.99,106.8586155660067
2023-01-20,CRISIL_LIQUID,2438.62,106.8862288572042
2023-01-23,CRISIL_LIQUID,2440.21,106.95591954451218
2023-01-24,CRISIL_LIQUID,2439.66,106.93181270299054
2023-01-25,CRISIL_LIQUID,2439.56,106.9274296408957
2023-01-26,CRISIL_LIQUID,2440.52,106.96950703700618
2023-01-27,CRISIL_LIQUID,2440.87,106.98484775433812
2023-01-30,CRISIL_LIQUID,2442.49,107.05585336027454
2023-01-31,CRISIL_LIQUID,2444.84,107.15885531950332
2023-02-01,CRISIL_LIQUID,2445.48,107.18690691691029
2023-02-02,CRISIL_LIQUID,2444.78,107.15622548224641
2023-02-03,CRISIL_LIQUID,2444.74,107.15447225740846
2023-02-06,CRISIL_LIQUID,2443.8,107.11327147371696
2023-02-07,CRISIL_LIQUID,2444.9,107.16148515676021
2023-02-08,CRISIL_LIQUID,2444.8,107.15710209466538
2023-02-09,CRISIL_LIQUID,2445.31,107.17945571134906
2023-02-10,CRISIL_LIQUID,2445.72,107.19742626593789
2023-02-13,CRISIL_LIQUID,2447.22,107.2631721973605
2023-02-14,CRISIL_LIQUID,2447.9,107.29297701960543
2023-02-15,CRISIL_LIQUID,2448.32,107.31138588040376
2023-02-16,CRISIL_LIQUID,2448.24,107.30787943072788
2023-02-17,CRISIL_LIQUID,2449.34,107.35609311377115
2023-02-20,CRISIL_LIQUID,2449.12,107.34645037716248
2023-02-21,CRISIL_LIQUID,2448.78,107.33154796604003
2023-02-22,CRISIL_LIQUID,2448.96,107.33943747781073
2023-02-23,CRISIL_LIQUID,2451.2,107.43761806873515
2023-02-24,CRISIL_LIQUID,2451.75,107.46172491025678
2023-02-27,CRISIL_LIQUID,2452.35,107.48802328282582
2023-02-28,CRISIL_LIQUID,2453.23,107.52659422926043
2023-03-01,CRISIL_LIQUID,2454.04,107.56209703222865
2023-03-02,CRISIL_LIQUID,2454.5,107.58225911786492
2023-03-03,CRISIL_LIQUID,2454.39,107.57743774956059
2023-03-06,CRISIL_LIQUID,2454.68,107.59014862963564
2023-03-07,CRISIL_LIQUID,2455.16,107.61118732769086
2023-03-08,CRISIL_LIQUID,2454.69,107.59058693584511
2023-03-09,CRISIL_LIQUID,2455.16,107.61118732769086
2023-03-10,CRISIL_LIQUID,2455.94,107.64537521203061
2023-03-13,CRISIL_LIQUID,2456.16,107.65501794863926
2023-03-14,CRISIL_LIQUID,2457.76,107.72514694215674
2023-03-15,CRISIL_LIQUID,2458.6,107.76196466375339
2023-03-16,CRISIL_LIQUID,2458.65,107.76415619480079
2023-03-17,CRISIL_LIQUID,2458.96,107.7777436872948
2023-03-20,CRISIL_LIQUID,2460.55,107.84743437460278
2023-03-21,CRISIL_LIQUID,2460.7,107.85400896774502
2023-03-22,CRISIL_LIQUID,2460.72,107.85488558016401
2023-03-23,CRISIL_LIQUID,2460.7,107.85400896774502
2023-03-24,CRISIL_LIQUID,2461.39,107.88425209619943
2023-03-27,CRISIL_LIQUID,2462.19,107.91931659295817
2023-03-28,CRISIL_LIQUID,2463.36,107.9705984194678
2023-03-29,CRISIL_LIQUID,2463.43,107.97366656293418
2023-03-30,CRISIL_LIQUID,2465.24,108.05299998685078
2023-03-31,CRISIL_LIQUID,2466.27,108.09814552642767
2023-04-03,CRISIL_LIQUID,2466.59,108.11217132513116
2023-04-04,CRISIL_LIQUID,2467.87,108.1682745199451
2023-04-05,CRISIL_LIQUID,2469.98,108.26075713014625
2023-04-06,CRISIL_LIQUID,2471.0,108.30546436351362
2023-04-07,CRISIL_LIQUID,2473.01,108.39356391161994
2023-04-10,CRISIL_LIQUID,2472.86,108.38698931847767
2023-04-11,CRISIL_LIQUID,2471.99,108.34885667825253
2023-04-12,CRISIL_LIQUID,2473.05,108.39531713645786
2023-04-13,CRISIL_LIQUID,2474.57,108.46193968029945
2023-04-14,CRISIL_LIQUID,2474.17,108.44440743192007
2023-04-17,CRISIL_LIQUID,2475.78,108.51497473164702
2023-04-18,CRISIL_LIQUID,2476.08,108.52812391793154
2023-04-19,CRISIL_LIQUID,2477.19,108.57677590718427
2023-04-20,CRISIL_LIQUID,2478.04,108.61403193499042
2023-04-21,CRISIL_LIQUID,2479.04,108.6578625559388
2023-04-24,CRISIL_LIQUID,2480.12,108.70519962656309
2023-04-25,CRISIL_LIQUID,2480.7,108.73062138671317
2023-04-26,CRISIL_LIQUID,2481.0,108.74377057299769
2023-04-27,CRISIL_LIQUID,2481.91,108.78365643806075
2023-04-28,CRISIL_LIQUID,2482.33,108.80206529885908
2023-05-01,CRISIL_LIQUID,2482.43,108.80644836095392
2023-05-02,CRISIL_LIQUID,2483.32,108.845457613598
2023-05-03,CRISIL_LIQUID,2483.49,108.85290881915921
2023-05-04,CRISIL_LIQUID,2483.98,108.87438582342395
2023-05-05,CRISIL_LIQUID,2484.21,108.8844668662421
2023-05-08,CRISIL_LIQUID,2486.07,108.96599182120612
2023-05-09,CRISIL_LIQUID,2486.79,108.99754986828898
2023-05-10,CRISIL_LIQUID,2486.19,108.97125149571994
2023-05-11,CRISIL_LIQUID,2487.81,109.04225710165633
2023-05-12,CRISIL_LIQUID,2487.03,109.0080692173166
2023-05-15,CRISIL_LIQUID,2489.35,109.1097562579169
2023-05-16,CRISIL_LIQUID,2490.02,109.13912277395232
2023-05-17,CRISIL_LIQUID,2490.18,109.14613567330407
2023-05-18,CRISIL_LIQUID,2490.53,109.16147639063603
2023-05-19,CRISIL_LIQUID,2489.93,109.13517801806695
2023-05-22,CRISIL_LIQUID,2490.49,109.15972316579807
2023-05-23,CRISIL_LIQUID,2490.78,109.17243404587313
2023-05-24,CRISIL_LIQUID,2491.37,109.19829411223267
2023-05-25,CRISIL_LIQUID,2492.72,109.25746545051302
2023-05-26,CRISIL_LIQUID,2493.6,109.29603639694763
2023-05-29,CRISIL_LIQUID,2493.34,109.28464043550103
2023-05-30,CRISIL_LIQUID,2493.2,109.27850414856826
2023-05-31,CRISIL_LIQUID,2494.05,109.31576017637441
2023-06-01,CRISIL_LIQUID,2495.07,109.36046740974179
2023-06-02,CRISIL_LIQUID,2495.66,109.38632747610133
2023-06-05,CRISIL_LIQUID,2496.74,109.43366454672561
2023-06-06,CRISIL_LIQUID,2497.5,109.46697581864642
2023-06-07,CRISIL_LIQUID,2498.28,109.50116370298618
2023-06-08,CRISIL_LIQUID,2499.58,109.55814351021908
2023-06-09,CRISIL_LIQUID,2501.74,109.65281765146764
2023-06-12,CRISIL_LIQUID,2502.62,109.69138859790226
2023-06-13,CRISIL_LIQUID,2505.7,109.82638691042335
2023-06-14,CRISIL_LIQUID,2506.46,109.85969818234413
2023-06-15,CRISIL_LIQUID,2507.21,109.89257114805544
2023-06-16,CRISIL_LIQUID,2509.4,109.98856020793247
2023-06-19,CRISIL_LIQUID,2509.92,110.01135213082563
2023-06-20,CRISIL_LIQUID,2509.13,109.97672594027638
2023-06-21,CRISIL_LIQUID,2508.91,109.96708320366773
2023-06-22,CRISIL_LIQUID,2510.28,110.02713115436707
2023-06-23,CRISIL_LIQUID,2511.31,110.0722766939439
2023-06-26,CRISIL_LIQUID,2511.22,110.06833193805853
2023-06-27,CRISIL_LIQUID,2510.32,110.028884379205
2023-06-28,CRISIL_LIQUID,2510.67,110.04422509653693
2023-06-29,CRISIL_LIQUID,2512.26,110.1139157838449
2023-06-30,CRISIL_LIQUID,2512.82,110.13846093157602
2023-07-03,CRISIL_LIQUID,2513.19,110.15467826132692
2023-07-04,CRISIL_LIQUID,2512.97,110.14503552471825
2023-07-05,CRISIL_LIQUID,2513.36,110.16212946688815
2023-07-06,CRISIL_LIQUID,2514.43,110.20902823130294
2023-07-07,CRISIL_LIQUID,2514.93,110.23094354177714
2023-07-10,CRISIL_LIQUID,2515.44,110.25329715846084
2023-07-11,CRISIL_LIQUID,2516.98,110.32079631472138
2023-07-12,CRISIL_LIQUID,2517.01,110.32211123334986
2023-07-13,CRISIL_LIQUID,2518.03,110.3668184667172
2023-07-14,CRISIL_LIQUID,2518.56,110.39004869581986
2023-07-17,CRISIL_LIQUID,2520.51,110.47551840666927
2023-07-18,CRISIL_LIQUID,2521.85,110.53425143874011
2023-07-19,CRISIL_LIQUID,2523.56,110.60920180056189
2023-07-20,CRISIL_LIQUID,2524.7,110.65916870844308
2023-07-21,CRISIL_LIQUID,2524.96,110.67056466988967
2023-07-24,CRISIL_LIQUID,2526.74,110.74858317517781
2023-07-25,CRISIL_LIQUID,2527.68,110.78978395886934
2023-07-26,CRISIL_LIQUID,2528.51,110.82616337425652
2023-07-27,CRISIL_LIQUID,2528.53,110.82703998667549
2023-07-28,CRISIL_LIQUID,2529.77,110.8813899566515
2023-07-31,CRISIL_LIQUID,2530.08,110.89497744914551
2023-08-01,CRISIL_LIQUID,2530.31,110.90505849196364
2023-08-02,CRISIL_LIQUID,2531.21,110.94450605081721
2023-08-03,CRISIL_LIQUID,2531.37,110.95151895016895
2023-08-04,CRISIL_LIQUID,2531.41,110.95327217500687
2023-08-07,CRISIL_LIQUID,2531.32,110.94932741912153
2023-08-08,CRISIL_LIQUID,2532.79,111.0137584319157
2023-08-09,CRISIL_LIQUID,2534.59,111.09265354962284
2023-08-10,CRISIL_LIQUID,2536.77,111.18820430329035
2023-08-11,CRISIL_LIQUID,2538.17,111.24956717261813
2023-08-14,CRISIL_LIQUID,2536.98,111.19740873368953
2023-08-15,CRISIL_LIQUID,2537.89,111.23729459875256
2023-08-16,CRISIL_LIQUID,2538.34,111.25701837817937
2023-08-17,CRISIL_LIQUID,2540.91,111.36966307401674
2023-08-18,CRISIL_LIQUID,2541.88,111.41217877633672
2023-08-21,CRISIL_LIQUID,2541.87,111.41174047012723
2023-08-22,CRISIL_LIQUID,2541.95,111.4152469198031
2023-08-23,CRISIL_LIQUID,2541.2,111.38237395409179
2023-08-24,CRISIL_LIQUID,2541.8,111.40867232666085
2023-08-25,CRISIL_LIQUID,2541.2,111.38237395409179
2023-08-28,CRISIL_LIQUID,2540.24,111.34029655798132
2023-08-29,CRISIL_LIQUID,2540.15,111.33635180209598
2023-08-30,CRISIL_LIQUID,2539.99,111.32933890274421
2023-08-31,CRISIL_LIQUID,2540.7,111.36045864361759
2023-09-01,CRISIL_LIQUID,2541.66,111.40253603972805
2023-09-04,CRISIL_LIQUID,2542.32,111.43146424955401
2023-09-05,CRISIL_LIQUID,2542.89,111.4564477034946
2023-09-06,CRISIL_LIQUID,2543.86,111.49896340581455
2023-09-07,CRISIL_LIQUID,2545.44,111.56821578691304
2023-09-08,CRISIL_LIQUID,2545.3,111.56207949998027
2023-09-11,CRISIL_LIQUID,2546.22,111.60240367125279
2023-09-12,CRISIL_LIQUID,2546.89,111.63177018728823
2023-09-13,CRISIL_LIQUID,2547.88,111.67516250202716
2023-09-14,CRISIL_LIQUID,2548.38,111.69707781250136
2023-09-15,CRISIL_LIQUID,2548.33,111.69488628145395
2023-09-18,CRISIL_LIQUID,2548.87,111.71855481676607
2023-09-19,CRISIL_LIQUID,2548.94,111.72162296023247
2023-09-20,CRISIL_LIQUID,2548.81,111.71592497950917
2023-09-21,CRISIL_LIQUID,2550.42,111.78649227923611
2023-09-22,CRISIL_LIQUID,2551.2,111.82068016357587
2023-09-25,CRISIL_LIQUID,2550.27,111.77991768609385
2023-09-26,CRISIL_LIQUID,2548.28,111.69269475040653
2023-09-27,CRISIL_LIQUID,2548.81,111.71592497950917
2023-09-28,CRISIL_LIQUID,2548.96,111.72249957265143
2023-09-29,CRISIL_LIQUID,2549.64,111.75230439489634
2023-10-02,CRISIL_LIQUID,2550.49,111.7895604227025
2023-10-03,CRISIL_LIQUID,2551.14,111.81805032631895
2023-10-04,CRISIL_LIQUID,2551.17,111.81936524494742
2023-10-05,CRISIL_LIQUID,2552.61,111.88248133911311
2023-10-06,CRISIL_LIQUID,2552.33,111.87020876524755
2023-10-09,CRISIL_LIQUID,2553.97,111.94209098360295
2023-10-10,CRISIL_LIQUID,2555.1,111.99161958527466
2023-10-11,CRISIL_LIQUID,2555.23,111.99731756599796
2023-10-12,CRISIL_LIQUID,2556.24,112.04158649315583
2023-10-13,CRISIL_LIQUID,2556.61,112.05780382290675
2023-10-16,CRISIL_LIQUID,2558.37,112.13494571577594
2023-10-17,CRISIL_LIQUID,2558.52,112.1415203089182
2023-10-18,CRISIL_LIQUID,2559.83,112.19893842236061
2023-10-19,CRISIL_LIQUID,2559.47,112.18315939881917
2023-10-20,CRISIL_LIQUID,2560.4,112.22392187630122
2023-10-23,CRISIL_LIQUID,2561.3,112.26336943515479
2023-10-24,CRISIL_LIQUID,2562.48,112.31508956787391
2023-10-25,CRISIL_LIQUID,2563.54,112.36155002607921
2023-10-26,CRISIL_LIQUID,2563.95,112.37952058066804
2023-10-27,CRISIL_LIQUID,2563.05,112.3400730218145
2023-10-30,CRISIL_LIQUID,2562.62,112.32122585480666
2023-10-31,CRISIL_LIQUID,2561.62,112.27739523385827
2023-11-01,CRISIL_LIQUID,2562.06,112.29668070707557
2023-11-02,CRISIL_LIQUID,2563.64,112.36593308817405
2023-11-03,CRISIL_LIQUID,2563.7,112.36856292543094
2023-11-06,CRISIL_LIQUID,2564.04,112.38346533655341
2023-11-07,CRISIL_LIQUID,2564.23,112.3917931545336
2023-11-08,CRISIL_LIQUID,2565.09,112.42948748854924
2023-11-09,CRISIL_LIQUID,2565.89,112.46455198530796
2023-11-10,CRISIL_LIQUID,2566.21,112.47857778401145
2023-11-13,CRISIL_LIQUID,2566.09,112.47331810949765
2023-11-14,CRISIL_LIQUID,2567.26,112.52459993600729
2023-11-15,CRISIL_LIQUID,2568.81,112.59253739847732
2023-11-16,CRISIL_LIQUID,2570.12,112.64995551191971
2023-11-17,CRISIL_LIQUID,2569.86,112.63855955047315
2023-11-20,CRISIL_LIQUID,2568.68,112.586839417754
2023-11-21,CRISIL_LIQUID,2569.15,112.60743980959977
2023-11-22,CRISIL_LIQUID,2570.92,112.68502000867846
2023-11-23,CRISIL_LIQUID,2569.98,112.64381922498694
2023-11-24,CRISIL_LIQUID,2570.31,112.65828332989992
2023-11-27,CRISIL_LIQUID,2572.27,112.74419134695881
2023-11-28,CRISIL_LIQUID,2573.73,112.80818405354347
2023-11-29,CRISIL_LIQUID,2574.58,112.84544008134962
2023-11-30,CRISIL_LIQUID,2574.28,112.8322908950651
2023-12-01,CRISIL_LIQUID,2576.15,112.91425415623861
2023-12-04,CRISIL_LIQUID,2576.67,112.9370460791318
2023-12-05,CRISIL_LIQUID,2575.51,112.88620255883164
2023-12-06,CRISIL_LIQUID,2577.34,112.96641259516721
2023-12-07,CRISIL_LIQUID,2577.17,112.95896138960599
2023-12-08,CRISIL_LIQUID,2580.42,113.10141090768833
2023-12-11,CRISIL_LIQUID,2580.93,113.123764524372
2023-12-12,CRISIL_LIQUID,2581.94,113.16803345152991
2023-12-13,CRISIL_LIQUID,2582.69,113.20090641724121
2023-12-14,CRISIL_LIQUID,2583.14,113.22063019666797
2023-12-15,CRISIL_LIQUID,2584.45,113.27804831011039
2023-12-18,CRISIL_LIQUID,2585.28,113.31442772549758
2023-12-19,CRISIL_LIQUID,2585.99,113.34554746637093
2023-12-20,CRISIL_LIQUID,2585.82,113.33809626080973
2023-12-21,CRISIL_LIQUID,2586.37,113.36220310233134
2023-12-22,CRISIL_LIQUID,2586.08,113.3494922222563
2023-12-25,CRISIL_LIQUID,2587.08,113.39332284320471
2023-12-26,CRISIL_LIQUID,2588.02,113.43452362689621
2023-12-27,CRISIL_LIQUID,2588.83,113.47002642986442
2023-12-28,CRISIL_LIQUID,2590.51,113.54366187305776
2023-12-29,CRISIL_LIQUID,2591.84,113.60195659891914
2024-01-01,CRISIL_LIQUID,2594.21,113.70583517056684
2024-01-02,CRISIL_LIQUID,2595.68,113.77026618336099
2024-01-03,CRISIL_LIQUID,2596.48,113.80533068011974
2024-01-04,CRISIL_LIQUID,2596.91,113.82417784712754
2024-01-05,CRISIL_LIQUID,2596.42,113.80270084286283
2024-01-08,CRISIL_LIQUID,2598.22,113.88159596056995
2024-01-09,CRISIL_LIQUID,2599.35,113.93112456224166
2024-01-10,CRISIL_LIQUID,2599.65,113.94427374852619
2024-01-11,CRISIL_LIQUID,2600.58,113.98503622600819
2024-01-12,CRISIL_LIQUID,2601.36,114.01922411034798
2024-01-15,CRISIL_LIQUID,2601.96,114.04552248291702
2024-01-16,CRISIL_LIQUID,2603.39,114.10820027087323
2024-01-17,CRISIL_LIQUID,2602.79,114.08190189830418
2024-01-18,CRISIL_LIQUID,2604.16,114.1419498490035
2024-01-19,CRISIL_LIQUID,2605.91,114.2186534356632
2024-01-22,CRISIL_LIQUID,2605.67,114.2081340866356
2024-01-23,CRISIL_LIQUID,2604.74,114.16737160915356
2024-01-24,CRISIL_LIQUID,2605.79,114.2133937611494
2024-01-25,CRISIL_LIQUID,2607.26,114.27782477394356
2024-01-26,CRISIL_LIQUID,2607.21,114.27563324289613
2024-01-29,CRISIL_LIQUID,2606.73,114.2545945448409
2024-01-30,CRISIL_LIQUID,2605.86,114.21646190461581
2024-01-31,CRISIL_LIQUID,2607.42,114.28483767329531
2024-02-01,CRISIL_LIQUID,2608.01,114.31069773965487
2024-02-02,CRISIL_LIQUID,2609.75,114.3869630201051
2024-02-05,CRISIL_LIQUID,2608.14,114.31639572037815
2024-02-06,CRISIL_LIQUID,2608.88,114.34883037988
2024-02-07,CRISIL_LIQUID,2610.47,114.41852106718792
2024-02-08,CRISIL_LIQUID,2610.37,114.41413800509311
2024-02-09,CRISIL_LIQUID,2611.65,114.47024119990708
2024-02-12,CRISIL_LIQUID,2611.46,114.46191338192688
2024-02-13,CRISIL_LIQUID,2611.35,114.45709201362256
2024-02-14,CRISIL_LIQUID,2612.09,114.48952667312437
2024-02-15,CRISIL_LIQUID,2612.26,114.4969778786856
2024-02-16,CRISIL_LIQUID,2614.06,114.57587299639273
2024-02-19,CRISIL_LIQUID,2614.74,114.60567781863764
2024-02-20,CRISIL_LIQUID,2616.58,114.6863261611827
2024-02-21,CRISIL_LIQUID,2617.81,114.74023782494925
2024-02-22,CRISIL_LIQUID,2617.73,114.73673137527338
2024-02-23,CRISIL_LIQUID,2618.59,114.77442570928902
2024-02-26,CRISIL_LIQUID,2618.58,114.77398740307953
2024-02-27,CRISIL_LIQUID,2620.21,114.84543131522544
2024-02-28,CRISIL_LIQUID,2622.09,114.92783288260844
2024-02-29,CRISIL_LIQUID,2621.33,114.89452161068765
2024-03-01,CRISIL_LIQUID,2622.48,114.94492682477832
2024-03-04,CRISIL_LIQUID,2624.16,115.01856226797162
2024-03-05,CRISIL_LIQUID,2625.57,115.08036344350889
2024-03-06,CRISIL_LIQUID,2626.16,115.10622350986846
2024-03-07,CRISIL_LIQUID,2629.11,115.23552384166626
2024-03-08,CRISIL_LIQUID,2629.99,115.27409478810084
2024-03-11,CRISIL_LIQUID,2629.44,115.24998794657924
2024-03-12,CRISIL_LIQUID,2630.69,115.30477622276474
2024-03-13,CRISIL_LIQUID,2632.27,115.37402860386321
2024-03-14,CRISIL_LIQUID,2633.44,115.42531043037285
2024-03-15,CRISIL_LIQUID,2634.29,115.46256645817901
2024-03-18,CRISIL_LIQUID,2633.82,115.44196606633325
2024-03-19,CRISIL_LIQUID,2633.13,115.41172293787885
2024-03-20,CRISIL_LIQUID,2633.0,115.40602495715555
2024-03-21,CRISIL_LIQUID,2631.69,115.34860684371316
2024-03-22,CRISIL_LIQUID,2633.63,115.43363824835306
2024-03-25,CRISIL_LIQUID,2634.37,115.46607290785487
2024-03-26,CRISIL_LIQUID,2634.77,115.48360515623423
2024-03-27,CRISIL_LIQUID,2634.26,115.46125153955056
2024-03-28,CRISIL_LIQUID,2633.87,115.44415759738067
2024-03-29,CRISIL_LIQUID,2634.57,115.47483903204456
2024-04-01,CRISIL_LIQUID,2635.01,115.49412450526187
2024-04-02,CRISIL_LIQUID,2635.8,115.5287506958111
2024-04-03,CRISIL_LIQUID,2635.37,115.50990352880328
2024-04-04,CRISIL_LIQUID,2636.37,115.55373414975168
2024-04-05,CRISIL_LIQUID,2638.12,115.6304377364114
2024-04-08,CRISIL_LIQUID,2638.56,115.64972320962869
2024-04-09,CRISIL_LIQUID,2639.89,115.70801793549008
2024-04-10,CRISIL_LIQUID,2640.43,115.7316864708022
2024-04-11,CRISIL_LIQUID,2640.79,115.74746549434364
2024-04-12,CRISIL_LIQUID,2641.83,115.79304934013
2024-04-15,CRISIL_LIQUID,2642.12,115.80576022020503
2024-04-16,CRISIL_LIQUID,2642.28,115.81277311955678
2024-04-17,CRISIL_LIQUID,2643.86,115.88202550065527
2024-04-18,CRISIL_LIQUID,2643.03,115.84564608526809
2024-04-19,CRISIL_LIQUID,2643.79,115.87895735718887
2024-04-22,CRISIL_LIQUID,2643.59,115.8701912329992
2024-04-23,CRISIL_LIQUID,2645.78,115.9661802928762
2024-04-24,CRISIL_LIQUID,2647.21,116.02885808083244
2024-04-25,CRISIL_LIQUID,2648.96,116.10556166749213
2024-04-26,CRISIL_LIQUID,2649.81,116.14281769529828
2024-04-29,CRISIL_LIQUID,2651.02,116.19585274664585
2024-04-30,CRISIL_LIQUID,2651.88,116.2335470806615
2024-05-01,CRISIL_LIQUID,2652.1,116.24318981727014
2024-05-02,CRISIL_LIQUID,2654.26,116.33786395851871
2024-05-03,CRISIL_LIQUID,2655.53,116.39352884712318
2024-05-06,CRISIL_LIQUID,2655.53,116.39352884712318
2024-05-07,CRISIL_LIQUID,2654.9,116.36591555592568
2024-05-08,CRISIL_LIQUID,2654.74,116.35890265657392
2024-05-09,CRISIL_LIQUID,2655.47,116.39089900986626
2024-05-10,CRISIL_LIQUID,2655.61,116.39703529679903
2024-05-13,CRISIL_LIQUID,2657.08,116.46146630959319
2024-05-14,CRISIL_LIQUID,2658.0,116.50179048086574
2024-05-15,CRISIL_LIQUID,2658.47,116.52239087271148
2024-05-16,CRISIL_LIQUID,2659.16,116.55263400116587
2024-05-17,CRISIL_LIQUID,2659.74,116.57805576131595
2024-05-20,CRISIL_LIQUID,2660.23,116.59953276558068
2024-05-21,CRISIL_LIQUID,2661.24,116.64380169273856
2024-05-22,CRISIL_LIQUID,2661.5,116.65519765418514
2024-05-23,CRISIL_LIQUID,2661.21,116.64248677411011
2024-05-24,CRISIL_LIQUID,2662.52,116.69990488755253
2024-05-27,CRISIL_LIQUID,2662.54,116.7007814999715
2024-05-28,CRISIL_LIQUID,2664.27,116.77660847421225
2024-05-29,CRISIL_LIQUID,2664.82,116.80071531573388
2024-05-30,CRISIL_LIQUID,2665.13,116.8143028082279
2024-05-31,CRISIL_LIQUID,2665.03,116.80991974613303
2024-06-03,CRISIL_LIQUID,2665.46,116.82876691314085
2024-06-04,CRISIL_LIQUID,2666.44,116.87172092167029
2024-06-05,CRISIL_LIQUID,2666.46,116.87259753408925
2024-06-06,CRISIL_LIQUID,2667.77,116.93001564753168
2024-06-07,CRISIL_LIQUID,2667.53,116.91949629850407
2024-06-10,CRISIL_LIQUID,2668.99,116.9834890050887
2024-06-11,CRISIL_LIQUID,2669.77,117.01767688942849
2024-06-12,CRISIL_LIQUID,2670.08,117.03126438192248
2024-06-13,CRISIL_LIQUID,2671.09,117.07553330908038
2024-06-14,CRISIL_LIQUID,2673.13,117.16494777581514
2024-06-17,CRISIL_LIQUID,2674.79,117.23770660658947
2024-06-18,CRISIL_LIQUID,2675.79,117.2815372275379
2024-06-19,CRISIL_LIQUID,2677.26,117.34596824033206
2024-06-20,CRISIL_LIQUID,2677.6,117.3608706514545
2024-06-21,CRISIL_LIQUID,2677.76,117.36788355080627
2024-06-24,CRISIL_LIQUID,2679.05,117.4244250518297
2024-06-25,CRISIL_LIQUID,2679.94,117.4634343044738
2024-06-26,CRISIL_LIQUID,2680.39,117.48315808390055
2024-06-27,CRISIL_LIQUID,2681.76,117.54320603459989
2024-06-28,CRISIL_LIQUID,2682.49,117.5752023878922
2024-07-01,CRISIL_LIQUID,2684.27,117.65322089318038
2024-07-02,CRISIL_LIQUID,2683.17,117.60500721013713
2024-07-03,CRISIL_LIQUID,2683.44,117.61684147779322
2024-07-04,CRISIL_LIQUID,2684.91,117.68127249058735
2024-07-05,CRISIL_LIQUID,2687.0,117.77287848836953
2024-07-08,CRISIL_LIQUID,2688.82,117.85265021849565
2024-07-09,CRISIL_LIQUID,2688.97,117.85922481163789
2024-07-10,CRISIL_LIQUID,2690.74,117.93680501071657
2024-07-11,CRISIL_LIQUID,2689.9,117.89998728911992
2024-07-12,CRISIL_LIQUID,2689.81,117.89604253323456
2024-07-15,CRISIL_LIQUID,2690.29,117.91708123128979
2024-07-16,CRISIL_LIQUID,2691.37,117.96441830191407
2024-07-17,CRISIL_LIQUID,2691.23,117.95828201498128
2024-07-18,CRISIL_LIQUID,2691.81,117.98370377513136
2024-07-19,CRISIL_LIQUID,2693.66,118.06479042388591
2024-07-22,CRISIL_LIQUID,2693.36,118.05164123760142
2024-07-23,CRISIL_LIQUID,2692.99,118.03542390785049
2024-07-24,CRISIL_LIQUID,2693.01,118.03630052026948
2024-07-25,CRISIL_LIQUID,2695.73,118.15551980924911
2024-07-26,CRISIL_LIQUID,2696.79,118.20198026745443
2024-07-29,CRISIL_LIQUID,2696.75,118.2002270426165
2024-07-30,CRISIL_LIQUID,2698.23,118.26509636162015
2024-07-31,CRISIL_LIQUID,2697.36,118.22696372139502
2024-08-01,CRISIL_LIQUID,2697.95,118.2528237877546
2024-08-02,CRISIL_LIQUID,2698.76,118.28832659072282
2024-08-05,CRISIL_LIQUID,2700.4,118.36020880907819
2024-08-06,CRISIL_LIQUID,2699.87,118.33697857997552
2024-08-07,CRISIL_LIQUID,2701.66,118.41543539147317
2024-08-08,CRISIL_LIQUID,2703.23,118.48424946636217
2024-08-09,CRISIL_LIQUID,2705.07,118.56489780890725
2024-08-12,CRISIL_LIQUID,2704.74,118.55043370399427
2024-08-13,CRISIL_LIQUID,2706.92,118.64598445766181
2024-08-14,CRISIL_LIQUID,2706.01,118.60609859259877
2024-08-15,CRISIL_LIQUID,2705.64,118.58988126284784
2024-08-16,CRISIL_LIQUID,2706.49,118.62713729065398
2024-08-19,CRISIL_LIQUID,2706.87,118.64379292661438
2024-08-20,CRISIL_LIQUID,2706.43,118.62450745339707
2024-08-21,CRISIL_LIQUID,2709.14,118.74328843616726
2024-08-22,CRISIL_LIQUID,2708.39,118.71041547045596
2024-08-23,CRISIL_LIQUID,2707.61,118.6762275861162
2024-08-26,CRISIL_LIQUID,2708.58,118.71874328843614
2024-08-27,CRISIL_LIQUID,2709.24,118.7476714982621
2024-08-28,CRISIL_LIQUID,2708.69,118.72356465674048
2024-08-29,CRISIL_LIQUID,2711.25,118.8357710463684
2024-08-30,CRISIL_LIQUID,2712.03,118.86995893070818
2024-09-02,CRISIL_LIQUID,2712.25,118.87960166731682
2024-09-03,CRISIL_LIQUID,2712.95,118.91028310198068
2024-09-04,CRISIL_LIQUID,2712.3,118.88179319836422
2024-09-05,CRISIL_LIQUID,2713.93,118.95323711051013
2024-09-06,CRISIL_LIQUID,2714.86,118.99399958799215
2024-09-09,CRISIL_LIQUID,2715.34,119.0150382860474
2024-09-10,CRISIL_LIQUID,2716.04,119.04571972071128
2024-09-11,CRISIL_LIQUID,2715.98,119.04308988345437
2024-09-12,CRISIL_LIQUID,2717.66,119.11672532664768
2024-09-13,CRISIL_LIQUID,2717.8,119.12286161358048
2024-09-16,CRISIL_LIQUID,2718.02,119.13250435018912
2024-09-17,CRISIL_LIQUID,2718.89,119.17063699041424
2024-09-18,CRISIL_LIQUID,2717.88,119.12636806325634
2024-09-19,CRISIL_LIQUID,2719.05,119.17764988976597
2024-09-20,CRISIL_LIQUID,2719.73,119.20745471201089
2024-09-23,CRISIL_LIQUID,2720.89,119.25829823231105
2024-09-24,CRISIL_LIQUID,2721.38,119.27977523657577
2024-09-25,CRISIL_LIQUID,2721.36,119.2788986241568
2024-09-26,CRISIL_LIQUID,2722.16,119.31396312091552
2024-09-27,CRISIL_LIQUID,2723.72,119.38233888959502
2024-09-30,CRISIL_LIQUID,2723.94,119.39198162620369
2024-10-01,CRISIL_LIQUID,2725.36,119.45422110795043
2024-10-02,CRISIL_LIQUID,2725.8,119.47350658116773
2024-10-03,CRISIL_LIQUID,2726.12,119.48753237987123
2024-10-04,CRISIL_LIQUID,2727.58,119.55152508645588
2024-10-07,CRISIL_LIQUID,2728.58,119.5953557074043
2024-10-08,CRISIL_LIQUID,2728.11,119.57475531555855
2024-10-09,CRISIL_LIQUID,2728.64,119.59798554466119
2024-10-10,CRISIL_LIQUID,2728.34,119.58483635837669
2024-10-11,CRISIL_LIQUID,2729.5,119.63567987867683
2024-10-14,CRISIL_LIQUID,2729.42,119.63217342900097
2024-10-15,CRISIL_LIQUID,2730.26,119.66899115059763
2024-10-16,CRISIL_LIQUID,2731.42,119.71983467089777
2024-10-17,CRISIL_LIQUID,2732.58,119.77067819119792
2024-10-18,CRISIL_LIQUID,2732.81,119.78075923401606
2024-10-21,CRISIL_LIQUID,2733.56,119.81363219972737
2024-10-22,CRISIL_LIQUID,2733.66,119.81801526182218
2024-10-23,CRISIL_LIQUID,2734.0,119.83291767294466
2024-10-24,CRISIL_LIQUID,2733.89,119.82809630464033
2024-10-25,CRISIL_LIQUID,2734.64,119.86096927035163
2024-10-28,CRISIL_LIQUID,2735.76,119.91005956581387
2024-10-29,CRISIL_LIQUID,2735.74,119.90918295339488
2024-10-30,CRISIL_LIQUID,2735.72,119.90830634097591
2024-10-31,CRISIL_LIQUID,2737.8,119.99947403254862
2024-11-01,CRISIL_LIQUID,2737.79,119.99903572633912
2024-11-04,CRISIL_LIQUID,2739.11,120.05689214599103
2024-11-05,CRISIL_LIQUID,2740.69,120.1261445270895
2024-11-06,CRISIL_LIQUID,2741.64,120.16778361699048
2024-11-07,CRISIL_LIQUID,2742.66,120.21249085035785
2024-11-08,CRISIL_LIQUID,2743.43,120.24624042848812
2024-11-11,CRISIL_LIQUID,2742.96,120.22564003664237
2024-11-12,CRISIL_LIQUID,2744.59,120.29708394878831
2024-11-13,CRISIL_LIQUID,2744.92,120.31154805370127
2024-11-14,CRISIL_LIQUID,2746.34,120.373787535448
2024-11-15,CRISIL_LIQUID,2747.03,120.40403066390242
2024-11-18,CRISIL_LIQUID,2748.16,120.4535592655741
2024-11-19,CRISIL_LIQUID,2749.1,120.49476004926561
2024-11-20,CRISIL_LIQUID,2749.41,120.5083475417596
2024-11-21,CRISIL_LIQUID,2750.8,120.56927210487791
2024-11-22,CRISIL_LIQUID,2750.35,120.5495483254511
2024-11-25,CRISIL_LIQUID,2752.13,120.62756683073927
2024-11-26,CRISIL_LIQUID,2753.79,120.70032566151363
2024-11-27,CRISIL_LIQUID,2754.27,120.72136435956887
2024-11-28,CRISIL_LIQUID,2755.2,120.76212683705087
2024-11-29,CRISIL_LIQUID,2755.69,120.78360384131561
2024-12-02,CRISIL_LIQUID,2755.68,120.78316553510611
2024-12-03,CRISIL_LIQUID,2756.32,120.81121713251311
2024-12-04,CRISIL_LIQUID,2757.27,120.85285622241409
2024-12-05,CRISIL_LIQUID,2759.14,120.9348194835876
2024-12-06,CRISIL_LIQUID,2759.68,120.95848801889974
2024-12-09,CRISIL_LIQUID,2760.4,120.9900460659826
2024-12-10,CRISIL_LIQUID,2762.24,121.07069440852767
2024-12-11,CRISIL_LIQUID,2763.4,121.12153792882782
2024-12-12,CRISIL_LIQUID,2762.9,121.09962261835364
2024-12-13,CRISIL_LIQUID,2763.58,121.12942744059853
2024-12-16,CRISIL_LIQUID,2765.02,121.19254353476425
2024-12-17,CRISIL_LIQUID,2767.88,121.31789911067669
2024-12-18,CRISIL_LIQUID,2768.75,121.35603175090179
2024-12-19,CRISIL_LIQUID,2767.65,121.30781806785855
2024-12-20,CRISIL_LIQUID,2766.78,121.26968542763346
2024-12-23,CRISIL_LIQUID,2766.89,121.27450679593777
2024-12-24,CRISIL_LIQUID,2766.78,121.26968542763346
2024-12-25,CRISIL_LIQUID,2768.22,121.33280152179915
2024-12-26,CRISIL_LIQUID,2770.56,121.43536517481841
2024-12-27,CRISIL_LIQUID,2771.95,121.49628973793669
2024-12-30,CRISIL_LIQUID,2773.46,121.5624739755688
2024-12-31,CRISIL_LIQUID,2774.76,121.61945378280174
2025-01-01,CRISIL_LIQUID,2775.79,121.66459932237859
2025-01-02,CRISIL_LIQUID,2775.84,121.66679085342602
2025-01-03,CRISIL_LIQUID,2777.25,121.72859202896326
2025-01-06,CRISIL_LIQUID,2777.64,121.74568597113313
2025-01-07,CRISIL_LIQUID,2779.08,121.80880206529885
2025-01-08,CRISIL_LIQUID,2780.18,121.85701574834209
2025-01-09,CRISIL_LIQUID,2780.9,121.88857379542495
2025-01-10,CRISIL_LIQUID,2780.96,121.89120363268185
2025-01-13,CRISIL_LIQUID,2781.62,121.9201318425078
2025-01-14,CRISIL_LIQUID,2781.83,121.92933627290697
2025-01-15,CRISIL_LIQUID,2781.03,121.89427177614824
2025-01-16,CRISIL_LIQUID,2780.78,121.88331412091115
2025-01-17,CRISIL_LIQUID,2781.75,121.9258298232311
2025-01-20,CRISIL_LIQUID,2780.19,121.85745405455157
2025-01-21,CRISIL_LIQUID,2782.99,121.9801797932071
2025-01-22,CRISIL_LIQUID,2783.26,121.9920140608632
2025-01-23,CRISIL_LIQUID,2784.73,122.05644507365734
2025-01-24,CRISIL_LIQUID,2783.56,122.00516324714772
2025-01-27,CRISIL_LIQUID,2783.42,121.99902696021493
2025-01-28,CRISIL_LIQUID,2785.06,122.0709091785703
2025-01-29,CRISIL_LIQUID,2786.15,122.11868455540409
2025-01-30,CRISIL_LIQUID,2786.52,122.13490188515499
2025-01-31,CRISIL_LIQUID,2788.99,122.24316351889755
2025-02-03,CRISIL_LIQUID,2788.46,122.21993328979491
2025-02-04,CRISIL_LIQUID,2790.15,122.29400703919772
2025-02-05,CRISIL_LIQUID,2790.49,122.30890945032016
2025-02-06,CRISIL_LIQUID,2790.46,122.3075945316917
2025-02-07,CRISIL_LIQUID,2789.45,122.26332560453382
2025-02-10,CRISIL_LIQUID,2788.57,122.22475465809923
2025-02-11,CRISIL_LIQUID,2789.41,122.26157237969588
2025-02-12,CRISIL_LIQUID,2790.2,122.29619857024512
2025-02-13,CRISIL_LIQUID,2790.25,122.29839010129255
2025-02-14,CRISIL_LIQUID,2790.79,122.32205863660471
2025-02-17,CRISIL_LIQUID,2791.38,122.34791870296426
2025-02-18,CRISIL_LIQUID,2791.69,122.36150619545828
2025-02-19,CRISIL_LIQUID,2791.53,122.35449329610653
2025-02-20,CRISIL_LIQUID,2792.71,122.40621342882562
2025-02-21,CRISIL_LIQUID,2794.53,122.48598515895175
2025-02-24,CRISIL_LIQUID,2795.58,122.53200731094755
2025-02-25,CRISIL_LIQUID,2796.68,122.58022099399079
2025-02-26,CRISIL_LIQUID,2798.07,122.6411455571091
2025-02-27,CRISIL_LIQUID,2798.59,122.66393748000229
2025-02-28,CRISIL_LIQUID,2798.74,122.67051207314452
2025-03-03,CRISIL_LIQUID,2797.71,122.62536653356769
2025-03-04,CRISIL_LIQUID,2797.95,122.63588588259529
2025-03-05,CRISIL_LIQUID,2798.11,122.64289878194703
2025-03-06,CRISIL_LIQUID,2797.91,122.63413265775736
2025-03-07,CRISIL_LIQUID,2798.84,122.67489513523937
2025-03-10,CRISIL_LIQUID,2799.39,122.69900197676098
2025-03-11,CRISIL_LIQUID,2800.49,122.74721565980423
2025-03-12,CRISIL_LIQUID,2800.22,122.73538139214817
2025-03-13,CRISIL_LIQUID,2799.59,122.70776810095067
2025-03-14,CRISIL_LIQUID,2800.91,122.76562452060256
2025-03-17,CRISIL_LIQUID,2802.36,122.82917892097778
2025-03-18,CRISIL_LIQUID,2802.34,122.82830230855879
2025-03-19,CRISIL_LIQUID,2802.75,122.84627286314765
2025-03-20,CRISIL_LIQUID,2803.71,122.8883502592581
2025-03-21,CRISIL_LIQUID,2804.95,122.94270022923412
2025-03-24,CRISIL_LIQUID,2804.12,122.90632081384696
2025-03-25,CRISIL_LIQUID,2805.71,122.97601150115494
2025-03-26,CRISIL_LIQUID,2805.26,122.95628772172816
2025-03-27,CRISIL_LIQUID,2804.74,122.93349579883497
2025-03-28,CRISIL_LIQUID,2805.1,122.94927482237638
2025-03-31,CRISIL_LIQUID,2805.44,122.96417723349886
2025-04-01,CRISIL_LIQUID,2806.19,122.99705019921016
2025-04-02,CRISIL_LIQUID,2807.05,123.0347445332258
2025-04-03,CRISIL_LIQUID,2809.28,123.13248681794076
2025-04-04,CRISIL_LIQUID,2809.2,123.12898036826485
2025-04-07,CRISIL_LIQUID,2810.86,123.20173919903922
2025-04-08,CRISIL_LIQUID,2810.28,123.17631743888914
2025-04-09,CRISIL_LIQUID,2809.91,123.16010010913823
2025-04-10,CRISIL_LIQUID,2809.8,123.15527874083392
2025-04-11,CRISIL_LIQUID,2808.82,123.11232473230447
2025-04-14,CRISIL_LIQUID,2809.94,123.1614150277667
2025-04-15,CRISIL_LIQUID,2811.75,123.24074845168332
2025-04-16,CRISIL_LIQUID,2813.27,123.30737099552489
2025-04-17,CRISIL_LIQUID,2812.63,123.27931939811792
2025-04-18,CRISIL_LIQUID,2815.38,123.39985360572602
2025-04-21,CRISIL_LIQUID,2816.2,123.43579471490371
2025-04-22,CRISIL_LIQUID,2818.3,123.52783901889536
2025-04-23,CRISIL_LIQUID,2818.91,123.5545756976739
2025-04-24,CRISIL_LIQUID,2819.52,123.58131237645242
2025-04-25,CRISIL_LIQUID,2819.91,123.5984063186223
2025-04-28,CRISIL_LIQUID,2822.48,123.71105101445971
2025-04-29,CRISIL_LIQUID,2824.44,123.7969590315186
2025-04-30,CRISIL_LIQUID,2825.11,123.82632554755402
2025-05-01,CRISIL_LIQUID,2825.56,123.8460493269808
2025-05-02,CRISIL_LIQUID,2826.95,123.90697389009908
2025-05-05,CRISIL_LIQUID,2826.02,123.86621141261706
2025-05-06,CRISIL_LIQUID,2824.81,123.8131763612695
2025-05-07,CRISIL_LIQUID,2824.62,123.8048485432893
2025-05-08,CRISIL_LIQUID,2825.68,123.85130900149461
2025-05-09,CRISIL_LIQUID,2827.36,123.92494444468794
2025-05-12,CRISIL_LIQUID,2826.98,123.90828880872755
2025-05-13,CRISIL_LIQUID,2829.08,124.00033311271919
2025-05-14,CRISIL_LIQUID,2829.33,124.0112907679563
2025-05-15,CRISIL_LIQUID,2830.44,124.05994275720904
2025-05-16,CRISIL_LIQUID,2830.69,124.07090041244612
2025-05-19,CRISIL_LIQUID,2831.32,124.09851370364365
2025-05-20,CRISIL_LIQUID,2833.66,124.2010773566629
2025-05-21,CRISIL_LIQUID,2833.91,124.21203501189999
2025-05-22,CRISIL_LIQUID,2833.8,124.20721364359568
2025-05-23,CRISIL_LIQUID,2835.13,124.26550836945707
2025-05-26,CRISIL_LIQUID,2836.73,124.33563736297451
2025-05-27,CRISIL_LIQUID,2836.11,124.3084623779865
2025-05-28,CRISIL_LIQUID,2837.17,124.3549228361918
2025-05-29,CRISIL_LIQUID,2838.39,124.40839619374886
2025-05-30,CRISIL_LIQUID,2840.68,124.50876831572072
2025-06-02,CRISIL_LIQUID,2841.05,124.52498564547163
2025-06-03,CRISIL_LIQUID,2842.99,124.61001705011152
2025-06-04,CRISIL_LIQUID,2843.87,124.64858799654613
2025-06-05,CRISIL_LIQUID,2844.33,124.66875008218238
2025-06-06,CRISIL_LIQUID,2844.4,124.67181822564879
2025-06-09,CRISIL_LIQUID,2845.58,124.72353835836792
2025-06-10,CRISIL_LIQUID,2845.27,124.7099508658739
2025-06-11,CRISIL_LIQUID,2845.02,124.6989932106368
2025-06-12,CRISIL_LIQUID,2846.3,124.75509640545077
2025-06-13,CRISIL_LIQUID,2848.69,124.85985158951746
2025-06-16,CRISIL_LIQUID,2848.15,124.83618305420532
2025-06-17,CRISIL_LIQUID,2848.23,124.83968950388117
2025-06-18,CRISIL_LIQUID,2849.23,124.8835201248296
2025-06-19,CRISIL_LIQUID,2849.47,124.8940394738572
2025-06-20,CRISIL_LIQUID,2848.51,124.85196207774676
2025-06-23,CRISIL_LIQUID,2848.48,124.8506471591183
2025-06-24,CRISIL_LIQUID,2849.66,124.90236729183741
2025-06-25,CRISIL_LIQUID,2850.14,124.92340598989264
2025-06-26,CRISIL_LIQUID,2851.2,124.96986644809796
2025-06-27,CRISIL_LIQUID,2850.72,124.94882775004272
2025-06-30,CRISIL_LIQUID,2851.75,124.99397328961959
2025-07-01,CRISIL_LIQUID,2850.61,124.94400638173839
2025-07-02,CRISIL_LIQUID,2852.04,125.00668416969462
2025-07-03,CRISIL_LIQUID,2854.01,125.09303049296298
2025-07-04,CRISIL_LIQUID,2853.49,125.0702385700698
2025-07-07,CRISIL_LIQUID,2853.71,125.07988130667846
2025-07-08,CRISIL_LIQUID,2853.12,125.0540212403189
2025-07-09,CRISIL_LIQUID,2853.94,125.08996234949659
2025-07-10,CRISIL_LIQUID,2854.81,125.1280949897217
2025-07-11,CRISIL_LIQUID,2854.34,125.10749459787596
2025-07-14,CRISIL_LIQUID,2854.56,125.1171373344846
2025-07-15,CRISIL_LIQUID,2856.26,125.1916493900969
2025-07-16,CRISIL_LIQUID,2857.5,125.24599936007293
2025-07-17,CRISIL_LIQUID,2858.41,125.28588522513597
2025-07-18,CRISIL_LIQUID,2860.14,125.36171219937671
2025-07-21,CRISIL_LIQUID,2862.51,125.46559077102447
2025-07-22,CRISIL_LIQUID,2863.37,125.50328510504008
2025-07-23,CRISIL_LIQUID,2864.38,125.54755403219798
2025-07-24,CRISIL_LIQUID,2864.87,125.56903103646269
2025-07-25,CRISIL_LIQUID,2865.76,125.60804028910677
2025-07-28,CRISIL_LIQUID,2865.86,125.61242335120161
2025-07-29,CRISIL_LIQUID,2865.08,125.57823546686184
2025-07-30,CRISIL_LIQUID,2866.54,125.64222817344653
2025-07-31,CRISIL_LIQUID,2867.91,125.70227612414584
2025-08-01,CRISIL_LIQUID,2868.71,125.73734062090456
2025-08-04,CRISIL_LIQUID,2869.57,125.7750349549202
2025-08-05,CRISIL_LIQUID,2869.68,125.77985632322451
2025-08-06,CRISIL_LIQUID,2871.51,125.86006635956011
2025-08-07,CRISIL_LIQUID,2871.15,125.8442873360187
2025-08-08,CRISIL_LIQUID,2873.16,125.93238688412495
2025-08-11,CRISIL_LIQUID,2874.43,125.98805177272945
2025-08-12,CRISIL_LIQUID,2875.44,126.03232069988735
2025-08-13,CRISIL_LIQUID,2876.5,126.07878115809265
2025-08-14,CRISIL_LIQUID,2878.16,126.15153998886701
2025-08-15,CRISIL_LIQUID,2878.39,126.16162103168513
2025-08-18,CRISIL_LIQUID,2879.85,126.22561373826981
2025-08-19,CRISIL_LIQUID,2880.23,126.24226937423022
2025-08-20,CRISIL_LIQUID,2881.4,126.29355120073986
2025-08-21,CRISIL_LIQUID,2880.71,126.26330807228545
2025-08-22,CRISIL_LIQUID,2880.84,126.26900605300875
2025-08-25,CRISIL_LIQUID,2883.18,126.37156970602801
2025-08-26,CRISIL_LIQUID,2885.13,126.45703941687741
2025-08-27,CRISIL_LIQUID,2887.37,126.55522000780184
2025-08-28,CRISIL_LIQUID,2889.16,126.6336768192995
2025-08-29,CRISIL_LIQUID,2889.33,126.64112802486072
2025-09-01,CRISIL_LIQUID,2889.61,126.65340059872628
2025-09-02,CRISIL_LIQUID,2891.25,126.72528281708166
2025-09-03,CRISIL_LIQUID,2892.98,126.8011097913224
2025-09-04,CRISIL_LIQUID,2894.99,126.88920933942869
2025-09-05,CRISIL_LIQUID,2895.92,126.92997181691072
2025-09-08,CRISIL_LIQUID,2896.6,126.95977663915563
2025-09-09,CRISIL_LIQUID,2898.44,127.04042498170071
2025-09-10,CRISIL_LIQUID,2897.8,127.01237338429374
2025-09-11,CRISIL_LIQUID,2898.39,127.03823345065328
2025-09-12,CRISIL_LIQUID,2898.9,127.06058706733698
2025-09-15,CRISIL_LIQUID,2899.42,127.08337899023014
2025-09-16,CRISIL_LIQUID,2901.38,127.16928700728903
2025-09-17,CRISIL_LIQUID,2902.7,127.2271434269409
2025-09-18,CRISIL_LIQUID,2903.56,127.26483776095654
2025-09-19,CRISIL_LIQUID,2902.91,127.23634785734008
2025-09-22,CRISIL_LIQUID,2902.62,127.22363697726504
2025-09-23,CRISIL_LIQUID,2904.11,127.28894460247817
2025-09-24,CRISIL_LIQUID,2905.09,127.33189861100762
2025-09-25,CRISIL_LIQUID,2906.97,127.41430017839062
2025-09-26,CRISIL_LIQUID,2907.07,127.41868324048546
2025-09-29,CRISIL_LIQUID,2907.86,127.4533094310347
2025-09-30,CRISIL_LIQUID,2908.45,127.47916949739424
2025-10-01,CRISIL_LIQUID,2910.01,127.5475452660738
2025-10-02,CRISIL_LIQUID,2912.65,127.66325810537758
2025-10-03,CRISIL_LIQUID,2912.89,127.67377745440518
2025-10-06,CRISIL_LIQUID,2911.77,127.62468715894298
2025-10-07,CRISIL_LIQUID,2912.97,127.67728390408104
2025-10-08,CRISIL_LIQUID,2914.1,127.72681250575275
2025-10-09,CRISIL_LIQUID,2913.19,127.6869266406897
2025-10-10,CRISIL_LIQUID,2913.03,127.67991374133798
2025-10-13,CRISIL_LIQUID,2913.38,127.69525445866992
2025-10-14,CRISIL_LIQUID,2915.18,127.77414957637703
2025-10-15,CRISIL_LIQUID,2914.99,127.76582175839684
2025-10-16,CRISIL_LIQUID,2915.5,127.78817537508054
2025-10-17,CRISIL_LIQUID,2914.44,127.74171491687522
2025-10-20,CRISIL_LIQUID,2915.64,127.7943116620133
2025-10-21,CRISIL_LIQUID,2915.25,127.77721771984343
2025-10-22,CRISIL_LIQUID,2918.0,127.89775192745154
2025-10-23,CRISIL_LIQUID,2917.97,127.8964370088231
2025-10-24,CRISIL_LIQUID,2919.6,127.96788092096901
2025-10-27,CRISIL_LIQUID,2920.84,128.02223089094502
2025-10-28,CRISIL_LIQUID,2920.8,128.0204776661071
2025-10-29,CRISIL_LIQUID,2922.57,128.09805786518578
2025-10-30,CRISIL_LIQUID,2921.47,128.04984418214252
2025-10-31,CRISIL_LIQUID,2922.2,128.08184053543485
2025-11-03,CRISIL_LIQUID,2923.6,128.14320340476263
2025-11-04,CRISIL_LIQUID,2924.13,128.1664336338653
2025-11-05,CRISIL_LIQUID,2923.83,128.15328444758077
2025-11-06,CRISIL_LIQUID,2926.04,128.25015011987674
2025-11-07,CRISIL_LIQUID,2926.68,128.2782017172837
2025-11-10,CRISIL_LIQUID,2926.92,128.28872106631133
2025-11-11,CRISIL_LIQUID,2926.66,128.27732510486473
2025-11-12,CRISIL_LIQUID,2927.5,128.31414282646142
2025-11-13,CRISIL_LIQUID,2928.06,128.3386879741925
2025-11-14,CRISIL_LIQUID,2928.55,128.36016497845725
2025-11-17,CRISIL_LIQUID,2930.83,128.4600987942196
2025-11-18,CRISIL_LIQUID,2933.09,128.559155997563
2025-11-19,CRISIL_LIQUID,2934.08,128.60254831230193
2025-11-20,CRISIL_LIQUID,2935.47,128.6634728754202
2025-11-21,CRISIL_LIQUID,2934.85,128.63629789043222
2025-11-24,CRISIL_LIQUID,2935.69,128.67311561202888
2025-11-25,CRISIL_LIQUID,2936.7,128.71738453918675
2025-11-26,CRISIL_LIQUID,2937.26,128.74192968691787
2025-11-27,CRISIL_LIQUID,2937.61,128.7572704042498
2025-11-28,CRISIL_LIQUID,2937.64,128.75858532287825
2025-12-01,CRISIL_LIQUID,2938.43,128.79321151342748
2025-12-02,CRISIL_LIQUID,2940.25,128.87298324355362
2025-12-03,CRISIL_LIQUID,2942.22,128.95932956682194
2025-12-04,CRISIL_LIQUID,2942.98,128.99264083874274
2025-12-05,CRISIL_LIQUID,2944.73,129.06934442540245
2025-12-08,CRISIL_LIQUID,2944.62,129.0645230570981
2025-12-09,CRISIL_LIQUID,2945.9,129.12062625191209
2025-12-10,CRISIL_LIQUID,2946.56,129.14955446173803
2025-12-11,CRISIL_LIQUID,2946.69,129.15525244246135
2025-12-12,CRISIL_LIQUID,2949.45,129.27622495627892
2025-12-15,CRISIL_LIQUID,2949.77,129.29025075498245
2025-12-16,CRISIL_LIQUID,2950.19,129.30865961578078
2025-12-17,CRISIL_LIQUID,2950.53,129.32356202690323
2025-12-18,CRISIL_LIQUID,2951.61,129.3708990975275
2025-12-19,CRISIL_LIQUID,2953.62,129.45899864563378
2025-12-22,CRISIL_LIQUID,2953.31,129.4454111531398
2025-12-23,CRISIL_LIQUID,2954.52,129.49844620448735
2025-12-24,CRISIL_LIQUID,2955.61,129.54622158132113
2025-12-25,CRISIL_LIQUID,2954.87,129.5137869218193
2025-12-26,CRISIL_LIQUID,2956.89,129.6023247761351
2025-12-29,CRISIL_LIQUID,2957.9,129.64659370329298
2025-12-30,CRISIL_LIQUID,2959.34,129.70970979745871
2025-12-31,CRISIL_LIQUID,2958.17,129.65842797094908
2026-01-01,CRISIL_LIQUID,2960.3,129.75178719356916
2026-01-02,CRISIL_LIQUID,2962.98,129.86925325771088
2026-01-05,CRISIL_LIQUID,2963.61,129.8968665489084
2026-01-06,CRISIL_LIQUID,2963.7,129.90081130479373
2026-01-07,CRISIL_LIQUID,2962.18,129.83418876095217
2026-01-08,CRISIL_LIQUID,2961.73,129.8144649815254
2026-01-09,CRISIL_LIQUID,2963.27,129.88196413778593
2026-01-12,CRISIL_LIQUID,2964.01,129.91439879728776
2026-01-13,CRISIL_LIQUID,2963.36,129.88590889367129
2026-01-14,CRISIL_LIQUID,2965.55,129.9818979535483
2026-01-15,CRISIL_LIQUID,2965.69,129.98803424048106
2026-01-16,CRISIL_LIQUID,2965.07,129.9608592554931
2026-01-19,CRISIL_LIQUID,2965.88,129.99636205846127
2026-01-20,CRISIL_LIQUID,2967.12,130.0507120284373
2026-01-21,CRISIL_LIQUID,2966.63,130.02923502417258
2026-01-22,CRISIL_LIQUID,2967.12,130.0507120284373
2026-01-23,CRISIL_LIQUID,2969.32,130.1471393945238
2026-01-26,CRISIL_LIQUID,2968.82,130.1252240840496
2026-01-27,CRISIL_LIQUID,2969.91,130.17299946088335
2026-01-28,CRISIL_LIQUID,2970.38,130.1935998527291
2026-01-29,CRISIL_LIQUID,2971.65,130.24926474133358
2026-01-30,CRISIL_LIQUID,2971.44,130.24006031093444
2026-02-02,CRISIL_LIQUID,2972.42,130.28301431946386
2026-02-03,CRISIL_LIQUID,2972.3,130.27775464495005
2026-02-04,CRISIL_LIQUID,2971.19,130.22910265569732
2026-02-05,CRISIL_LIQUID,2970.64,130.20499581417567
2026-02-06,CRISIL_LIQUID,2971.2,130.2295409619068
2026-02-09,CRISIL_LIQUID,2972.18,130.2724949704362
2026-02-10,CRISIL_LIQUID,2974.08,130.3557731502382
2026-02-11,CRISIL_LIQUID,2975.19,130.40442513949094
2026-02-12,CRISIL_LIQUID,2977.42,130.50216742420588
2026-02-13,CRISIL_LIQUID,2978.0,130.52758918435597
2026-02-16,CRISIL_LIQUID,2979.28,130.58369237916995
2026-02-17,CRISIL_LIQUID,2979.13,130.57711778602769
2026-02-18,CRISIL_LIQUID,2980.19,130.623578244233
2026-02-19,CRISIL_LIQUID,2980.61,130.64198710503132
2026-02-20,CRISIL_LIQUID,2980.93,130.6560129037348
2026-02-23,CRISIL_LIQUID,2981.76,130.69239231912198
2026-02-24,CRISIL_LIQUID,2981.2,130.66784717139086
2026-02-25,CRISIL_LIQUID,2982.28,130.71518424201517
2026-02-26,CRISIL_LIQUID,2983.71,130.77786202997137
2026-02-27,CRISIL_LIQUID,2983.82,130.7826833982757
2026-03-02,CRISIL_LIQUID,2984.76,130.8238841819672
2026-03-03,CRISIL_LIQUID,2986.71,130.9093538928166
2026-03-04,CRISIL_LIQUID,2988.19,130.97422321182023
2026-03-05,CRISIL_LIQUID,2988.83,131.0022748092272
2026-03-06,CRISIL_LIQUID,2989.98,131.05268002331786
2026-03-09,CRISIL_LIQUID,2992.15,131.14779247077593
2026-03-10,CRISIL_LIQUID,2993.17,131.1924997041433
2026-03-11,CRISIL_LIQUID,2994.83,131.26525853491765
2026-03-12,CRISIL_LIQUID,2996.35,131.3318810787592
2026-03-13,CRISIL_LIQUID,2997.22,131.37001371898432
2026-03-16,CRISIL_LIQUID,2999.21,131.45723665467168
2026-03-17,CRISIL_LIQUID,2999.03,131.44934714290096
2026-03-18,CRISIL_LIQUID,3000.2,131.5006289694106
2026-03-19,CRISIL_LIQUID,3000.46,131.5120249308572
2026-03-20,CRISIL_LIQUID,3002.07,131.58259223058414
2026-03-23,CRISIL_LIQUID,3002.83,131.6159035025049
2026-03-24,CRISIL_LIQUID,3004.51,131.68953894569825
2026-03-25,CRISIL_LIQUID,3006.01,131.75528487712086
2026-03-26,CRISIL_LIQUID,3006.39,131.77194051308123
2026-03-27,CRISIL_LIQUID,3007.67,131.8280437078952
2026-03-30,CRISIL_LIQUID,3008.88,131.88107875924277
2026-03-31,CRISIL_LIQUID,3009.46,131.90650051939286
2026-04-01,CRISIL_LIQUID,3011.06,131.97662951291028
2026-04-02,CRISIL_LIQUID,3011.73,132.00599602894573
2026-04-03,CRISIL_LIQUID,3011.77,132.00774925378366
2026-04-06,CRISIL_LIQUID,3012.82,132.0537714057795
2026-04-07,CRISIL_LIQUID,3014.03,132.10680645712708
2026-04-08,CRISIL_LIQUID,3011.98,132.01695368418282
2026-04-09,CRISIL_LIQUID,3015.03,132.15063707807548
2026-04-10,CRISIL_LIQUID,3018.5,132.30272933276646
2026-04-13,CRISIL_LIQUID,3018.49,132.30229102655696
2026-04-14,CRISIL_LIQUID,3019.85,132.36190067104678
2026-04-15,CRISIL_LIQUID,3019.61,132.35138132201917
2026-04-16,CRISIL_LIQUID,3018.81,132.31631682526043
2026-04-17,CRISIL_LIQUID,3019.15,132.3312192363829
2026-04-20,CRISIL_LIQUID,3018.62,132.30798900728024
2026-04-21,CRISIL_LIQUID,3019.9,132.3640922020942
2026-04-22,CRISIL_LIQUID,3021.52,132.43509780803063
2026-04-23,CRISIL_LIQUID,3023.97,132.5424828293542
2026-04-24,CRISIL_LIQUID,3024.8,132.57886224474143
2026-04-27,CRISIL_LIQUID,3026.4,132.64899123825887
2026-04-28,CRISIL_LIQUID,3027.55,132.69939645234953
2026-04-29,CRISIL_LIQUID,3028.61,132.74585691055483
2026-04-30,CRISIL_LIQUID,3028.44,132.73840570499362
2026-05-01,CRISIL_LIQUID,3028.99,132.76251254651524
2026-05-04,CRISIL_LIQUID,3029.42,132.78135971352305
2026-05-05,CRISIL_LIQUID,3030.77,132.8405310518034
2026-05-06,CRISIL_LIQUID,3029.54,132.78661938803685
2026-05-07,CRISIL_LIQUID,3031.32,132.86463789332504
2026-05-08,CRISIL_LIQUID,3031.85,132.88786812242768
2026-05-11,CRISIL_LIQUID,3032.0,132.89444271556994
2026-05-12,CRISIL_LIQUID,3033.11,132.94309470482267
2026-05-13,CRISIL_LIQUID,3033.87,132.97640597674345
2026-05-14,CRISIL_LIQUID,3034.8,133.0171684542255
2026-05-15,CRISIL_LIQUID,3036.84,133.10658292096022
2026-05-18,CRISIL_LIQUID,3035.91,133.0658204434782
2026-05-19,CRISIL_LIQUID,3035.36,133.0417136019566
2026-05-20,CRISIL_LIQUID,3035.61,133.05267125719368
2026-05-21,CRISIL_LIQUID,3037.74,133.1460304798138
2026-05-22,CRISIL_LIQUID,3039.28,133.21352963607436
2026-05-25,CRISIL_LIQUID,3039.94,133.2424578459003
2026-05-26,CRISIL_LIQUID,3041.31,133.3025057965996
2026-05-27,CRISIL_LIQUID,3042.89,133.3717581776981
2026-05-28,CRISIL_LIQUID,3044.18,133.42829967872152
2026-05-29,CRISIL_LIQUID,3046.0,133.50807140884763
2022-01-03,NIFTY100,17778.24,100.0
2022-01-04,NIFTY100,17537.52,98.64598520438467
2022-01-05,NIFTY100,17607.73,99.04090618643913
2022-01-06,NIFTY100,17556.05,98.75021374444263
2022-01-07,NIFTY100,17664.02,99.35752920424068
2022-01-10,NIFTY100,17516.51,98.52780702701727
2022-01-11,NIFTY100,17603.08,99.01475061648397
2022-01-12,NIFTY100,17763.76,99.91855211764492
2022-01-13,NIFTY100,17830.3,100.29282988642294
2022-01-14,NIFTY100,17578.93,98.87891039832964
2022-01-17,NIFTY100,17945.01,100.93805686052161
2022-01-18,NIFTY100,18041.24,101.47933653725003
2022-01-19,NIFTY100,18014.52,101.32904044494842
2022-01-20,NIFTY100,18115.34,101.89613820040677
2022-01-21,NIFTY100,18440.19,103.72337194232948
2022-01-24,NIFTY100,18236.66,102.57854545781808
2022-01-25,NIFTY100,18409.39,103.55012644671237
2022-01-26,NIFTY100,18393.08,103.45838508198786
2022-01-27,NIFTY100,18354.08,103.23901578558959
2022-01-28,NIFTY100,18324.13,103.07055141566319
2022-01-31,NIFTY100,18021.52,101.36841442122504
2022-02-01,NIFTY100,18101.19,101.81654651979046
2022-02-02,NIFTY100,17753.35,99.85999739006785
2022-02-03,NIFTY100,17685.95,99.48088224706157
2022-02-04,NIFTY100,17621.67,99.11931664776714
2022-02-07,NIFTY100,17574.94,98.85646723185195
2022-02-08,NIFTY100,17275.41,97.17165478697552
2022-02-09,NIFTY100,17410.12,97.92937883615025
2022-02-10,NIFTY100,17157.83,96.51028448260345
2022-02-11,NIFTY100,17036.29,95.82663975736631
2022-02-14,NIFTY100,16968.48,95.44521842432096
2022-02-15,NIFTY100,16932.91,95.2451423762982
2022-02-16,NIFTY100,16993.92,95.58831470381767
2022-02-17,NIFTY100,17004.75,95.64923186997137
2022-02-18,NIFTY100,17284.03,97.2201410263333
2022-02-21,NIFTY100,17341.61,97.54402010547724
2022-02-22,NIFTY100,17389.05,97.81086316755763
2022-02-23,NIFTY100,17315.49,97.39709892542794
2022-02-24,NIFTY100,17366.81,97.68576642007307
2022-02-25,NIFTY100,17305.72,97.3421441042533
2022-02-28,NIFTY100,17246.14,97.00701531760173
2022-03-01,NIFTY100,17708.25,99.60631648577136
2022-03-02,NIFTY100,17941.93,100.9207323109599
2022-03-03,NIFTY100,17823.22,100.25300592184603
2022-03-04,NIFTY100,17926.74,100.83529078243964
2022-03-07,NIFTY100,17975.01,101.10680247313569
2022-03-08,NIFTY100,17886.24,100.60748420541066
2022-03-09,NIFTY100,18202.81,102.38814415825188
2022-03-10,NIFTY100,18181.6,102.26884101013371
2022-03-11,NIFTY100,18397.76,103.48470939755565
2022-03-14,NIFTY100,18307.51,102.97706634627497
2022-03-15,NIFTY100,18481.95,103.9582658350883
2022-03-16,NIFTY100,18694.14,105.1518035531076
2022-03-17,NIFTY100,18555.09,104.36966763864139
2022-03-18,NIFTY100,18514.06,104.13887988912288
2022-03-21,NIFTY100,18509.77,104.11474926651907
2022-03-22,NIFTY100,18768.1,105.56781773673882
2022-03-23,NIFTY100,19017.38,106.96998128048672
2022-03-24,NIFTY100,18964.88,106.6746764584121
2022-03-25,NIFTY100,18914.38,106.39062134384505
2022-03-28,NIFTY100,18961.42,106.65521446442389
2022-03-29,NIFTY100,18727.88,105.3415861187609
2022-03-30,NIFTY100,18933.02,106.49546861781593
2022-03-31,NIFTY100,18808.63,105.79579305938044
2022-04-01,NIFTY100,18832.6,105.93062080385909
2022-04-04,NIFTY100,19059.05,107.20436893640763
2022-04-05,NIFTY100,19137.78,107.6472136724445
2022-04-06,NIFTY100,19084.64,107.34830894396745
2022-04-07,NIFTY100,18934.49,106.50373715283403
2022-04-08,NIFTY100,18934.99,106.50654957971093
2022-04-11,NIFTY100,18899.18,106.30512356678724
2022-04-12,NIFTY100,19319.0,108.66654966970857
2022-04-13,NIFTY100,19201.15,108.00366065482297
2022-04-14,NIFTY100,19126.79,107.58539652969021
2022-04-15,NIFTY100,18979.48,106.75679932321758
2022-04-18,NIFTY100,18948.25,106.58113514048632
2022-04-19,NIFTY100,19038.49,107.08872194322947
2022-04-20,NIFTY100,18900.52,106.31266087081734
2022-04-21,NIFTY100,18964.24,106.67107655200965
2022-04-22,NIFTY100,18785.85,105.66765889086882
2022-04-25,NIFTY100,18938.86,106.52831776373814
2022-04-26,NIFTY100,18877.06,106.18070180175314
2022-04-27,NIFTY100,18835.56,105.94727037097036
2022-04-28,NIFTY100,19062.91,107.22608087189731
2022-04-29,NIFTY100,19003.96,106.89449574311067
2022-05-02,NIFTY100,19074.95,107.29380411109311
2022-05-03,NIFTY100,19194.71,107.96743659664847
2022-05-04,NIFTY100,19409.57,109.17599267419047
2022-05-05,NIFTY100,19471.08,109.52197742858685
2022-05-06,NIFTY100,19429.86,109.2901209568551
2022-05-09,NIFTY100,19356.19,108.87573798081249
2022-05-10,NIFTY100,19415.4,109.20878557157513
2022-05-11,NIFTY100,19304.29,108.58380807099014
2022-05-12,NIFTY100,19399.12,109.11721295246322
2022-05-13,NIFTY100,19440.34,109.34906942419495
2022-05-16,NIFTY100,19264.63,108.36072637111435
2022-05-17,NIFTY100,19080.87,107.3271032453156
2022-05-18,NIFTY100,19102.89,107.45096252497434
2022-05-19,NIFTY100,19067.09,107.24959276058821
2022-05-20,NIFTY100,19204.03,108.0198602336339
2022-05-23,NIFTY100,19069.38,107.26247367568442
2022-05-24,NIFTY100,19193.13,107.95854932771746
2022-05-25,NIFTY100,19322.17,108.68438045610813
2022-05-26,NIFTY100,19145.13,107.68855634753496
2022-05-27,NIFTY100,19119.34,107.54349136922438
2022-05-30,NIFTY100,19343.66,108.80525856327733
2022-05-31,NIFTY100,19416.48,109.21486041362922
2022-06-01,NIFTY100,19410.05,109.17869260399229
2022-06-02,NIFTY100,19556.26,110.00110247133573
2022-06-03,NIFTY100,19487.0,109.61152510034738
2022-06-06,NIFTY100,19444.01,109.36971263747142
2022-06-07,NIFTY100,19480.14,109.5729386035963
2022-06-08,NIFTY100,19717.53,110.90822263621145
2022-06-09,NIFTY100,19578.72,110.12743668664615
2022-06-10,NIFTY100,19663.7,110.60543675864427
2022-06-13,NIFTY100,19608.79,110.29657603902298
2022-06-14,NIFTY100,19818.79,111.47779532732149
2022-06-15,NIFTY100,19952.95,112.23242570693162
2022-06-16,NIFTY100,19949.96,112.21560739420772
2022-06-17,NIFTY100,20057.29,112.81932294760335
2022-06-20,NIFTY100,19972.35,112.34154786975536
2022-06-21,NIFTY100,19878.43,111.81326160519826
2022-06-22,NIFTY100,20303.14,114.20219324297567
2022-06-23,NIFTY100,20250.89,113.90829463433948
2022-06-24,NIFTY100,20290.1,114.12884515002608
2022-06-27,NIFTY100,20234.6,113.81666576669005
2022-06-28,NIFTY100,20032.29,112.6787016037583
2022-06-29,NIFTY100,19875.01,111.79402460536024
2022-06-30,NIFTY100,19939.67,112.1577276490811
2022-07-01,NIFTY100,19719.91,110.92160978814549
2022-07-04,NIFTY100,19614.71,110.32987517324548
2022-07-05,NIFTY100,19729.15,110.97358343683064
2022-07-06,NIFTY100,19775.18,111.23249545511815
2022-07-07,NIFTY100,19717.89,110.9102475835628
2022-07-08,NIFTY100,19655.8,110.56100041398922
2022-07-11,NIFTY100,19500.02,109.68476069622189
2022-07-12,NIFTY100,19868.74,111.75875677232392
2022-07-13,NIFTY100,19718.85,110.91564744316646
2022-07-14,NIFTY100,19892.19,111.89065959285057
2022-07-15,NIFTY100,19544.68,109.93596666486671
2022-07-18,NIFTY100,19694.66,110.77958223086199
2022-07-19,NIFTY100,19862.37,111.72292645391218
2022-07-20,NIFTY100,19720.69,110.92599717407346
2022-07-21,NIFTY100,19630.58,110.41914160231833
2022-07-22,NIFTY100,19812.46,111.4421900030599
2022-07-25,NIFTY100,19637.43,110.45767185053188
2022-07-26,NIFTY100,19717.19,110.90631018593515
2022-07-27,NIFTY100,19617.51,110.34562476375613
2022-07-28,NIFTY100,19772.14,111.21539589970659
2022-07-29,NIFTY100,20085.58,112.97845006029843
2022-08-01,NIFTY100,19930.27,112.10485402379537
2022-08-02,NIFTY100,20036.16,112.7004697877855
2022-08-03,NIFTY100,20206.94,113.66108231185987
2022-08-04,NIFTY100,19889.07,111.87311004913872
2022-08-05,NIFTY100,20062.89,112.85082212862466
2022-08-08,NIFTY100,20130.13,113.22903729503034
2022-08-09,NIFTY100,20245.74,113.87932663750742
2022-08-10,NIFTY100,19954.81,112.24288793491368
2022-08-11,NIFTY100,20086.31,112.98255620353869
2022-08-12,NIFTY100,20065.79,112.86713420451069
2022-08-15,NIFTY100,19888.96,111.87249131522579
2022-08-16,NIFTY100,20013.04,112.57042316899759
2022-08-17,NIFTY100,20156.02,113.37466475871626
2022-08-18,NIFTY100,20152.94,113.35734020915453
2022-08-19,NIFTY100,20222.54,113.7488300304192
2022-08-22,NIFTY100,20205.4,113.65242003707903
2022-08-23,NIFTY100,19988.63,112.43312048886729
2022-08-24,NIFTY100,19974.53,112.35381005093865
2022-08-25,NIFTY100,20181.37,113.51725480137516
2022-08-26,NIFTY100,20392.73,114.70612389077883
2022-08-29,NIFTY100,20264.99,113.98760507226812
2022-08-30,NIFTY100,20314.45,114.26581033893117
2022-08-31,NIFTY100,20336.89,114.3920320571665
2022-09-01,NIFTY100,20429.1,114.91069982180461
2022-09-02,NIFTY100,20447.55,115.01447837356227
2022-09-05,NIFTY100,20578.64,115.75184045214823
2022-09-06,NIFTY100,20518.78,115.41513670644561
2022-09-07,NIFTY100,20714.88,116.51817052756628
2022-09-08,NIFTY100,20634.8,116.06773223896177
2022-09-09,NIFTY100,20677.2,116.306226038123
2022-09-12,NIFTY100,20800.12,116.99763306154038
2022-09-13,NIFTY100,20847.1,117.26188869089403
2022-09-14,NIFTY100,20460.79,115.08895143726264
2022-09-15,NIFTY100,20520.74,115.42616141980308
2022-09-16,NIFTY100,20646.74,116.13489299278218
2022-09-19,NIFTY100,20707.04,116.47407167413645
2022-09-20,NIFTY100,20877.22,117.43130928595855
2022-09-21,NIFTY100,21088.58,118.62017837536226
2022-09-22,NIFTY100,20978.92,118.00335691272026
2022-09-23,NIFTY100,20696.37,116.41405448458337
2022-09-26,NIFTY100,20503.81,115.3309326457512
2022-09-27,NIFTY100,20525.56,115.4532732148964
2022-09-28,NIFTY100,20638.67,116.08950042298898
2022-09-29,NIFTY100,20627.39,116.0260520726461
2022-09-30,NIFTY100,20404.81,114.77407212412476
2022-10-03,NIFTY100,20464.22,115.10824468563816
2022-10-04,NIFTY100,20475.87,115.17377423186997
2022-10-05,NIFTY100,20512.63,115.38054385585974
2022-10-06,NIFTY100,20828.8,117.15895386719943
2022-10-07,NIFTY100,20978.85,118.0029631729575
2022-10-10,NIFTY100,20965.83,117.929727577083
2022-10-11,NIFTY100,20749.25,116.71149675108445
2022-10-12,NIFTY100,20989.02,118.06016793563367
2022-10-13,NIFTY100,20697.42,116.41996058102488
2022-10-14,NIFTY100,20659.58,116.207116114981
2022-10-17,NIFTY100,20467.28,115.1254567381248
2022-10-18,NIFTY100,20408.72,114.79606530230213
2022-10-19,NIFTY100,20403.29,114.76552234641899
2022-10-20,NIFTY100,20194.29,113.58992791187428
2022-10-21,NIFTY100,19802.72,111.38740392749789
2022-10-24,NIFTY100,19656.01,110.56218163327752
2022-10-25,NIFTY100,19448.56,109.39530572205123
2022-10-26,NIFTY100,19305.94,108.5930890796839
2022-10-27,NIFTY100,19270.45,108.39346301996147
2022-10-28,NIFTY100,19521.37,109.80485132386558
2022-10-31,NIFTY100,19435.11,109.31965143906257
2022-11-01,NIFTY100,19360.14,108.89795615314
2022-11-02,NIFTY100,19352.78,108.85655722951202
2022-11-03,NIFTY100,19467.23,109.5003217416347
2022-11-04,NIFTY100,19566.26,110.05735100887375
2022-11-07,NIFTY100,19270.38,108.39306928019872
2022-11-08,NIFTY100,19115.3,107.52076696005904
2022-11-09,NIFTY100,19298.68,108.55225264143131
2022-11-10,NIFTY100,19225.62,108.1413008261785
2022-11-11,NIFTY100,19387.08,109.04948971326745
2022-11-14,NIFTY100,19510.58,109.74415915186204
2022-11-15,NIFTY100,19164.58,107.79795975304643
2022-11-16,NIFTY100,18915.37,106.39618994906131
2022-11-17,NIFTY100,18872.81,106.1567961732995
2022-11-18,NIFTY100,18943.83,106.55627328689454
2022-11-21,NIFTY100,18911.39,106.37380303112118
2022-11-22,NIFTY100,18890.22,106.2547248771532
2022-11-23,NIFTY100,18904.59,106.33555402559534
2022-11-24,NIFTY100,18897.98,106.29837374228268
2022-11-25,NIFTY100,18901.92,106.32053566607267
2022-11-28,NIFTY100,18547.32,104.32596252497434
2022-11-29,NIFTY100,18508.87,104.10968689814064
2022-11-30,NIFTY100,18469.12,103.886098961427
2022-12-01,NIFTY100,18317.08,103.03089619669889
2022-12-02,NIFTY100,18211.2,102.4353366812463
2022-12-05,NIFTY100,17972.63,101.09341532120165
2022-12-06,NIFTY100,18038.11,101.46173074500062
2022-12-07,NIFTY100,17877.15,100.5563542847886
2022-12-08,NIFTY100,17867.98,100.50477437586622
2022-12-09,NIFTY100,17804.79,100.14933986716346
2022-12-12,NIFTY100,17786.27,100.04516757564303
2022-12-13,NIFTY100,17927.89,100.84175936425652
2022-12-14,NIFTY100,17829.02,100.28563007361808
2022-12-15,NIFTY100,17822.91,100.25126221718234
2022-12-16,NIFTY100,17924.82,100.82449106323234
2022-12-19,NIFTY100,17955.99,100.99981775473839
2022-12-20,NIFTY100,17848.08,100.39283978616555
2022-12-21,NIFTY100,17631.29,99.17342774087872
2022-12-22,NIFTY100,17519.19,98.54288163507748
2022-12-23,NIFTY100,17553.59,98.73637660420829
2022-12-26,NIFTY100,17555.35,98.74627634681497
2022-12-27,NIFTY100,17655.66,99.3105054268589
2022-12-28,NIFTY100,17616.17,99.08837995212123
2022-12-29,NIFTY100,17513.12,98.50873877279189
2022-12-30,NIFTY100,17309.66,97.36430602804326
2023-01-02,NIFTY100,17146.9,96.44880483107438
2023-01-03,NIFTY100,17008.52,95.67043756862321
2023-01-04,NIFTY100,17200.21,96.74866578468958
2023-01-05,NIFTY100,17042.63,95.86230133016541
2023-01-06,NIFTY100,16888.11,94.99314892812787
2023-01-09,NIFTY100,16797.95,94.48601211368504
2023-01-10,NIFTY100,16948.6,95.33339633169537
2023-01-11,NIFTY100,17022.31,95.74800430188814
2023-01-12,NIFTY100,16994.79,95.59320832658351
2023-01-13,NIFTY100,16784.06,94.40788289504472
2023-01-16,NIFTY100,16773.95,94.35101562359378
2023-01-17,NIFTY100,16878.51,94.93915033209134
2023-01-18,NIFTY100,17057.81,95.94768661014812
2023-01-19,NIFTY100,16741.43,94.16809537952012
2023-01-20,NIFTY100,16620.92,93.4902442536494
2023-01-23,NIFTY100,16619.0,93.4794445344421
2023-01-24,NIFTY100,16774.51,94.3541655416959
2023-01-25,NIFTY100,16579.25,93.25585659772845
2023-01-26,NIFTY100,16415.2,92.33309933941717
2023-01-27,NIFTY100,16336.99,91.89317952733228
2023-01-30,NIFTY100,16134.8,90.75589034685096
2023-01-31,NIFTY100,15861.67,89.21957404107492
2023-02-01,NIFTY100,16123.73,90.69362321579638
2023-02-02,NIFTY100,16074.67,90.41766789063483
2023-02-03,NIFTY100,15973.29,89.84742021707434
2023-02-06,NIFTY100,15803.43,88.89198255845348
2023-02-07,NIFTY100,15783.04,88.77729179041344
2023-02-08,NIFTY100,15696.6,88.29107943193476
2023-02-09,NIFTY100,15782.39,88.77363563547347
2023-02-10,NIFTY100,15628.56,87.90836438252605
2023-02-13,NIFTY100,15610.58,87.80722951203268
2023-02-14,NIFTY100,15587.12,87.67527044296848
2023-02-15,NIFTY100,15639.92,87.97226272116924
2023-02-16,NIFTY100,15600.82,87.75233093939556
2023-02-17,NIFTY100,15658.67,88.07772872905304
2023-02-20,NIFTY100,15680.83,88.2023754882373
2023-02-21,NIFTY100,15775.37,88.73414916212178
2023-02-22,NIFTY100,15835.71,89.07355283762621
2023-02-23,NIFTY100,15795.71,88.84855868747411
2023-02-24,NIFTY100,15995.36,89.97156073942078
2023-02-27,NIFTY100,15912.35,89.50464162931763
2023-02-28,NIFTY100,16097.23,90.54456459132062
2023-03-01,NIFTY100,16224.73,91.26173344493043
2023-03-02,NIFTY100,16299.24,91.68084129812624
2023-03-03,NIFTY100,16283.17,91.59044989830264
2023-03-06,NIFTY100,16186.05,91.04416410173334
2023-03-07,NIFTY100,16208.57,91.17083580826898
2023-03-08,NIFTY100,16229.83,91.29042019907482
2023-03-09,NIFTY100,16212.94,91.19541641917309
2023-03-10,NIFTY100,16281.66,91.5819563691344
2023-03-13,NIFTY100,16399.37,92.24405790449447
2023-03-14,NIFTY100,16284.55,91.59821219648288
2023-03-15,NIFTY100,16193.4,91.08550677682379
2023-03-16,NIFTY100,16022.88,90.1263567147254
2023-03-17,NIFTY100,16068.83,90.38481874471262
2023-03-20,NIFTY100,16273.47,91.53588881689075
2023-03-21,NIFTY100,16096.0,90.53764602120344
2023-03-22,NIFTY100,15993.54,89.96132350558885
2023-03-23,NIFTY100,15812.68,88.94401245567614
2023-03-24,NIFTY100,15741.89,88.54582905844447
2023-03-27,NIFTY100,15475.61,87.04804300088198
2023-03-28,NIFTY100,15621.75,87.87005912846266
2023-03-29,NIFTY100,15715.54,88.39761416203177
2023-03-30,NIFTY100,15746.73,88.57305335061287
2023-03-31,NIFTY100,15870.66,89.27014147632161
2023-04-03,NIFTY100,15988.63,89.93370547365768
2023-04-04,NIFTY100,15987.69,89.9284181111291
2023-04-05,NIFTY100,15819.59,88.98288019511492
2023-04-06,NIFTY100,15729.21,88.47450591284625
2023-04-07,NIFTY100,15725.39,88.45301897150672
2023-04-10,NIFTY100,15633.06,87.93367622441815
2023-04-11,NIFTY100,15863.48,89.2297550263693
2023-04-12,NIFTY100,15891.47,89.38719468293823
2023-04-13,NIFTY100,15912.48,89.50537286030563
2023-04-14,NIFTY100,16044.02,90.2452661230808
2023-04-17,NIFTY100,16088.1,90.4932096765484
2023-04-18,NIFTY100,16060.87,90.34004490883237
2023-04-19,NIFTY100,16268.97,91.51057697499864
2023-04-20,NIFTY100,16334.72,91.88041110931114
2023-04-21,NIFTY100,16276.53,91.55310086937739
2023-04-24,NIFTY100,16308.08,91.73056500530986
2023-04-25,NIFTY100,16245.2,91.37687420127077
2023-04-26,NIFTY100,16144.11,90.80825773529888
2023-04-27,NIFTY100,16256.61,91.44105378260164
2023-04-28,NIFTY100,16197.72,91.10980614504022
2023-05-01,NIFTY100,16103.92,90.58219486293355
2023-05-02,NIFTY100,16135.48,90.75971524740356
2023-05-03,NIFTY100,16282.42,91.58623125798728
2023-05-04,NIFTY100,16012.4,90.06740824738556
2023-05-05,NIFTY100,15925.28,89.5773709883543
2023-05-08,NIFTY100,15643.97,87.99504337887214
2023-05-09,NIFTY100,15223.57,85.63035486077361
2023-05-10,NIFTY100,15236.78,85.70465917886135
2023-05-11,NIFTY100,15080.39,84.82498830030418
2023-05-12,NIFTY100,15182.46,85.39911712295479
2023-05-15,NIFTY100,15041.07,84.60381905070467
2023-05-16,NIFTY100,15120.8,85.05228864049533
2023-05-17,NIFTY100,15163.88,85.29460734020914
2023-05-18,NIFTY100,15055.37,84.68425445938405
2023-05-19,NIFTY100,15000.54,84.37584372806307
2023-05-22,NIFTY100,15029.03,84.53609581150889
2023-05-23,NIFTY100,15101.64,84.94451644257248
2023-05-24,NIFTY100,15278.47,85.93915933185737
2023-05-25,NIFTY100,15312.62,86.13124808754972
2023-05-26,NIFTY100,15314.19,86.1400791079432
2023-05-29,NIFTY100,15324.41,86.19756511330705
2023-05-30,NIFTY100,15299.69,86.05851872851305
2023-05-31,NIFTY100,15248.41,85.77007622801807
2023-06-01,NIFTY100,15139.5,85.15747340569145
2023-06-02,NIFTY100,15194.66,85.46774033875118
2023-06-05,NIFTY100,15097.48,84.92111705095667
2023-06-06,NIFTY100,15125.97,85.0813691344025
2023-06-07,NIFTY100,15128.86,85.097624961751
2023-06-08,NIFTY100,15215.84,85.58687474125672
2023-06-09,NIFTY100,15252.62,85.79375686232157
2023-06-12,NIFTY100,15163.26,85.29111993088179
2023-06-13,NIFTY100,15033.28,84.56000143996256
2023-06-14,NIFTY100,15168.87,85.32267536044063
2023-06-15,NIFTY100,15123.84,85.0693881959069
2023-06-16,NIFTY100,15305.19,86.08945542415897
2023-06-19,NIFTY100,14987.25,84.30108942167503
2023-06-20,NIFTY100,15016.65,84.4664601220368
2023-06-21,NIFTY100,15129.44,85.10088737692818
2023-06-22,NIFTY100,15147.46,85.20224724157171
2023-06-23,NIFTY100,15181.01,85.39096108501178
2023-06-26,NIFTY100,15259.57,85.8328495959105
2023-06-27,NIFTY100,15370.58,86.4572646111201
2023-06-28,NIFTY100,15454.09,86.92699614810014
2023-06-29,NIFTY100,15617.82,87.84795345321021
2023-06-30,NIFTY100,15564.88,87.5501736954839
2023-07-03,NIFTY100,15786.83,88.79860998614035
2023-07-04,NIFTY100,15661.22,88.09207210612523
2023-07-05,NIFTY100,15792.09,88.82819671688536
2023-07-06,NIFTY100,15850.73,89.15803814100832
2023-07-07,NIFTY100,16152.01,90.8526940799539
2023-07-10,NIFTY100,16199.27,91.11852466835862
2023-07-11,NIFTY100,16298.43,91.67628516658566
2023-07-12,NIFTY100,16086.96,90.48679734326906
2023-07-13,NIFTY100,16207.62,91.16549219720287
2023-07-14,NIFTY100,16252.81,91.41967933833719
2023-07-17,NIFTY100,16358.91,92.01647632161563
2023-07-18,NIFTY100,16239.48,91.34470003779902
2023-07-19,NIFTY100,16180.98,91.01564609320157
2023-07-20,NIFTY100,16212.76,91.19440394549741
2023-07-21,NIFTY100,16211.03,91.18467294850333
2023-07-24,NIFTY100,16255.01,91.43205401659557
2023-07-25,NIFTY100,16284.8,91.59961840992133
2023-07-26,NIFTY100,16226.47,91.27152069046204
2023-07-27,NIFTY100,16202.45,91.1364117032957
2023-07-28,NIFTY100,16111.33,90.62387502924923
2023-07-31,NIFTY100,16487.1,92.73752632431555
2023-08-01,NIFTY100,16540.9,93.04014345627014
2023-08-02,NIFTY100,16788.5,94.4328572457116
2023-08-03,NIFTY100,16654.0,93.67631441582517
2023-08-04,NIFTY100,16649.87,93.65308376982196
2023-08-07,NIFTY100,16597.05,93.35597899454613
2023-08-08,NIFTY100,16658.89,93.70381995068126
2023-08-09,NIFTY100,16694.71,93.90530221214247
2023-08-10,NIFTY100,16547.88,93.07940493547167
2023-08-11,NIFTY100,16620.41,93.48737557823496
2023-08-14,NIFTY100,16664.8,93.73706283636625
2023-08-15,NIFTY100,16713.0,94.00818078729952
2023-08-16,NIFTY100,16879.5,94.94471893730763
2023-08-17,NIFTY100,17019.12,95.73006101841351
2023-08-18,NIFTY100,17255.36,97.0588764692118
2023-08-21,NIFTY100,17311.56,97.37499325017549
2023-08-22,NIFTY100,17449.92,98.15324801555157
2023-08-23,NIFTY100,17431.04,98.0470507766798
2023-08-24,NIFTY100,17466.78,98.24808304984069
2023-08-25,NIFTY100,17558.45,98.76371339345177
2023-08-28,NIFTY100,17495.85,98.41159754846373
2023-08-29,NIFTY100,17513.03,98.50823253595405
2023-08-30,NIFTY100,17338.47,97.52635806469031
2023-08-31,NIFTY100,17522.91,98.56380609104163
2023-09-01,NIFTY100,17713.52,99.6359594650539
2023-09-04,NIFTY100,17546.73,98.6977901074572
2023-09-05,NIFTY100,17722.32,99.68545817808736
2023-09-06,NIFTY100,17871.87,100.5266550569685
2023-09-07,NIFTY100,17927.29,100.83838445200423
2023-09-08,NIFTY100,17983.24,101.15309501952949
2023-09-11,NIFTY100,18076.37,101.6769376496211
2023-09-12,NIFTY100,17891.41,100.63656469931782
2023-09-13,NIFTY100,18240.89,102.60233858919668
2023-09-14,NIFTY100,17928.21,100.84355931745775
2023-09-15,NIFTY100,17723.25,99.69068929207839
2023-09-18,NIFTY100,17886.49,100.6088904188491
2023-09-19,NIFTY100,18030.0,101.41611318105728
2023-09-20,NIFTY100,18292.09,102.89033110139137
2023-09-21,NIFTY100,18316.46,103.02740878737151
2023-09-22,NIFTY100,18187.19,102.30028394261748
2023-09-25,NIFTY100,18205.58,102.40372500314992
2023-09-26,NIFTY100,18341.81,103.16999883003042
2023-09-27,NIFTY100,18246.42,102.63344403045518
2023-09-28,NIFTY100,18096.36,101.78937847615961
2023-09-29,NIFTY100,18109.68,101.86430152816027
2023-10-02,NIFTY100,18011.46,101.31182839246178
2023-10-03,NIFTY100,17994.38,101.21575589034684
2023-10-04,NIFTY100,17912.11,100.75299917202152
2023-10-05,NIFTY100,18006.34,101.28302914124232
2023-10-06,NIFTY100,17948.68,100.95870007379808
2023-10-09,NIFTY100,17881.22,100.57924743956657
2023-10-10,NIFTY100,17993.35,101.20996229098043
2023-10-11,NIFTY100,17838.99,100.34170986554349
2023-10-12,NIFTY100,17715.56,99.64743416671166
2023-10-13,NIFTY100,17773.24,99.97187573123098
2023-10-16,NIFTY100,17654.74,99.3053305614054
2023-10-17,NIFTY100,17852.33,100.41674541461923
2023-10-18,NIFTY100,17707.44,99.60176035423078
2023-10-19,NIFTY100,17698.56,99.55181165289703
2023-10-20,NIFTY100,17581.58,98.89381626077723
2023-10-23,NIFTY100,17801.94,100.13330903396509
2023-10-24,NIFTY100,17657.02,99.31815522796407
2023-10-25,NIFTY100,17945.04,100.93822560613424
2023-10-26,NIFTY100,17965.84,101.05522256421334
2023-10-27,NIFTY100,17947.25,100.95065653293014
2023-10-30,NIFTY100,17651.62,99.28778101769352
2023-10-31,NIFTY100,17902.62,100.69961930989793
2023-11-01,NIFTY100,17985.8,101.16749464513921
2023-11-02,NIFTY100,17815.63,100.21031328185468
2023-11-03,NIFTY100,17748.2,99.83102939323577
2023-11-06,NIFTY100,17517.72,98.5346131000594
2023-11-07,NIFTY100,17414.77,97.95553440610544
2023-11-08,NIFTY100,17406.75,97.91042307899994
2023-11-09,NIFTY100,17650.05,99.27894999730006
2023-11-10,NIFTY100,18022.49,101.37387052936624
2023-11-13,NIFTY100,18109.97,101.86593273574887
2023-11-14,NIFTY100,17889.06,100.62334629299639
2023-11-15,NIFTY100,18242.27,102.61010088737692
2023-11-16,NIFTY100,17987.98,101.1797568263225
2023-11-17,NIFTY100,18123.58,101.94248699533813
2023-11-20,NIFTY100,18141.98,102.04598430440808
2023-11-21,NIFTY100,18334.81,103.1306248537538
2023-11-22,NIFTY100,18230.41,102.54339012185683
2023-11-23,NIFTY100,18394.31,103.46530365210505
2023-11-24,NIFTY100,18623.08,104.75210144536243
2023-11-27,NIFTY100,18694.63,105.15455973144698
2023-11-28,NIFTY100,18705.54,105.21592688590096
2023-11-29,NIFTY100,18871.49,106.14937136634448
2023-11-30,NIFTY100,19089.15,107.3736770343971
2023-12-01,NIFTY100,19025.54,107.01588008711774
2023-12-04,NIFTY100,18935.92,106.51178069370195
2023-12-05,NIFTY100,18845.16,106.00126896700685
2023-12-06,NIFTY100,18510.3,104.11773043900858
2023-12-07,NIFTY100,18661.21,104.96657711899489
2023-12-08,NIFTY100,18669.1,105.0109572151124
2023-12-11,NIFTY100,18634.58,104.81678726353114
2023-12-12,NIFTY100,18575.85,104.48643960257031
2023-12-13,NIFTY100,18651.43,104.91156604928271
2023-12-14,NIFTY100,18559.3,104.39334827294489
2023-12-15,NIFTY100,18705.12,105.21356444732434
2023-12-18,NIFTY100,18656.25,104.93867784437603
2023-12-19,NIFTY100,18490.54,104.00658332883343
2023-12-20,NIFTY100,18591.22,104.57289360476626
2023-12-21,NIFTY100,18468.16,103.88069910182334
2023-12-22,NIFTY100,18466.26,103.87001187969112
2023-12-25,NIFTY100,18617.09,104.71840857137713
2023-12-26,NIFTY100,18633.36,104.8099249419515
2023-12-27,NIFTY100,18658.77,104.95285247583561
2023-12-28,NIFTY100,18600.74,104.62644221250248
2023-12-29,NIFTY100,18635.26,104.82061216408371
2024-01-01,NIFTY100,18549.12,104.33608726173118
2024-01-02,NIFTY100,18638.25,104.8374304768076
2024-01-03,NIFTY100,18595.92,104.59933041740912
2024-01-04,NIFTY100,18576.09,104.48778956747124
2024-01-05,NIFTY100,18432.33,103.6791605918246
2024-01-08,NIFTY100,18519.39,104.16886035963064
2024-01-09,NIFTY100,18445.92,103.75560235433876
2024-01-10,NIFTY100,18290.2,102.87970012779668
2024-01-11,NIFTY100,18221.38,102.49259769246
2024-01-12,NIFTY100,18352.06,103.22765358100689
2024-01-15,NIFTY100,18448.21,103.76848326943498
2024-01-16,NIFTY100,18121.95,101.93331848371943
2024-01-17,NIFTY100,18027.78,101.40362600572384
2024-01-18,NIFTY100,18250.11,102.65419974080675
2024-01-19,NIFTY100,18447.52,103.76460212034486
2024-01-22,NIFTY100,18267.84,102.75392839786164
2024-01-23,NIFTY100,18411.51,103.56205113667043
2024-01-24,NIFTY100,18204.6,102.39821264647118
2024-01-25,NIFTY100,18088.89,101.7473608186187
2024-01-26,NIFTY100,17939.5,100.90706391633817
2024-01-29,NIFTY100,18056.85,101.56714050434688
2024-01-30,NIFTY100,18070.38,101.64324477563582
2024-01-31,NIFTY100,18154.2,102.11472001727955
2024-02-01,NIFTY100,17873.64,100.53661104811273
2024-02-02,NIFTY100,18012.03,101.31503455910145
2024-02-05,NIFTY100,18263.65,102.73036026063322
2024-02-06,NIFTY100,18308.39,102.98201621757832
2024-02-07,NIFTY100,18617.53,104.72088350702879
2024-02-08,NIFTY100,18759.69,105.52051271666936
2024-02-09,NIFTY100,19048.41,107.1445204924672
2024-02-12,NIFTY100,19021.64,106.9939431574779
2024-02-13,NIFTY100,19080.74,107.32637201432762
2024-02-14,NIFTY100,18984.07,106.78261740194755
2024-02-15,NIFTY100,18768.67,105.57102390337849
2024-02-16,NIFTY100,18653.02,104.92050956675125
2024-02-19,NIFTY100,18705.47,105.21553314613821
2024-02-20,NIFTY100,18522.31,104.18528493259176
2024-02-21,NIFTY100,18548.37,104.33186862141584
2024-02-22,NIFTY100,18229.55,102.53855274762856
2024-02-23,NIFTY100,18188.91,102.30995869107402
2024-02-26,NIFTY100,18236.42,102.57719549291717
2024-02-27,NIFTY100,18140.11,102.03546582788847
2024-02-28,NIFTY100,18102.25,101.82250886476952
2024-02-29,NIFTY100,18107.93,101.8544580340911
2024-03-01,NIFTY100,18058.93,101.5788402001548
2024-03-04,NIFTY100,18109.85,101.8652577532984
2024-03-05,NIFTY100,17869.4,100.51276166819663
2024-03-06,NIFTY100,17705.06,99.58837320229674
2024-03-07,NIFTY100,17565.31,98.80229989020285
2024-03-08,NIFTY100,17543.19,98.67787812516873
2024-03-11,NIFTY100,17813.28,100.19709487553321
2024-03-12,NIFTY100,17906.49,100.72138749392516
2024-03-13,NIFTY100,17665.04,99.36326655506956
2024-03-14,NIFTY100,17703.7,99.58072340119156
2024-03-15,NIFTY100,17632.35,99.17939008585776
2024-03-18,NIFTY100,17575.17,98.85776094821533
2024-03-19,NIFTY100,17479.0,98.31681876271216
2024-03-20,NIFTY100,17447.25,98.13822965602893
2024-03-21,NIFTY100,17201.88,96.75805929045845
2024-03-22,NIFTY100,17192.88,96.70743560667422
2024-03-25,NIFTY100,17245.57,97.00380915096206
2024-03-26,NIFTY100,17140.81,96.41454947171373
2024-03-27,NIFTY100,17074.76,96.04302788127507
2024-03-28,NIFTY100,16916.57,95.15323226596108
2024-03-29,NIFTY100,16868.45,94.88256430332811
2024-04-01,NIFTY100,16888.83,94.99719882283061
2024-04-02,NIFTY100,16870.69,94.89516397573662
2024-04-03,NIFTY100,16969.37,95.45022454416183
2024-04-04,NIFTY100,17110.64,96.24484763396151
2024-04-05,NIFTY100,17036.23,95.82630226614107
2024-04-08,NIFTY100,17011.92,95.68956207138612
2024-04-09,NIFTY100,16866.83,94.87345204024695
2024-04-10,NIFTY100,16808.29,94.54417310149937
2024-04-11,NIFTY100,16823.41,94.62922089025685
2024-04-12,NIFTY100,16935.63,95.26044197850855
2024-04-15,NIFTY100,16930.0,95.22877405187464
2024-04-16,NIFTY100,16980.84,95.51474161671796
2024-04-17,NIFTY100,16803.86,94.51925499937
2024-04-18,NIFTY100,16845.45,94.75319266699064
2024-04-19,NIFTY100,16733.93,94.12590897636662
2024-04-22,NIFTY100,16958.47,95.3889136382454
2024-04-23,NIFTY100,17220.58,96.86324405565455
2024-04-24,NIFTY100,17447.79,98.141267077056
2024-04-25,NIFTY100,17324.95,97.4503100419389
2024-04-26,NIFTY100,17426.62,98.02218892308798
2024-04-29,NIFTY100,17082.77,96.08808295984304
2024-04-30,NIFTY100,17241.35,96.980072268121
2024-05-01,NIFTY100,17244.51,96.99784680598302
2024-05-02,NIFTY100,16997.14,95.60642673290494
2024-05-03,NIFTY100,17089.16,96.12402577532984
2024-05-06,NIFTY100,17048.91,95.89762541173928
2024-05-07,NIFTY100,17008.18,95.66852511834692
2024-05-08,NIFTY100,17089.87,96.12801942149503
2024-05-09,NIFTY100,17238.29,96.9628602156344
2024-05-10,NIFTY100,17284.24,97.22132224562161
2024-05-13,NIFTY100,16969.97,95.45359945641412
2024-05-14,NIFTY100,17014.9,95.70632413557247
2024-05-15,NIFTY100,16878.83,94.94095028529259
2024-05-16,NIFTY100,16953.11,95.35876442212502
2024-05-17,NIFTY100,17005.88,95.65558795471317
2024-05-20,NIFTY100,16968.51,95.44538716993355
2024-05-21,NIFTY100,16955.82,95.37400777579782
2024-05-22,NIFTY100,16708.03,93.98022526414312
2024-05-23,NIFTY100,16929.07,95.22354293788361
2024-05-24,NIFTY100,16972.13,95.46574914052235
2024-05-27,NIFTY100,17005.04,95.65086307755998
2024-05-28,NIFTY100,17044.52,95.8729323037601
2024-05-29,NIFTY100,16791.53,94.44990055258562
2024-05-30,NIFTY100,16923.37,95.19148127148692
2024-05-31,NIFTY100,16863.56,94.85505876847202
2024-06-03,NIFTY100,16875.43,94.92182578252965
2024-06-04,NIFTY100,16788.29,94.4316760264233
2024-06-05,NIFTY100,16616.34,93.46448242345699
2024-06-06,NIFTY100,16538.08,93.02428136868441
2024-06-07,NIFTY100,16507.71,92.85345456018142
2024-06-10,NIFTY100,16501.34,92.8176242417697
2024-06-11,NIFTY100,16428.76,92.40937235631873
2024-06-12,NIFTY100,16409.74,92.30238763792141
2024-06-13,NIFTY100,16364.28,92.04668178627355
2024-06-14,NIFTY100,16176.78,90.9920217074356
2024-06-17,NIFTY100,16167.64,90.94061054412585
2024-06-18,NIFTY100,16158.44,90.88886188959087
2024-06-19,NIFTY100,16061.79,90.34521977428587
2024-06-20,NIFTY100,16179.78,91.00889626869701
2024-06-21,NIFTY100,16173.76,90.97503464909911
2024-06-24,NIFTY100,16220.61,91.23855904746476
2024-06-25,NIFTY100,16101.93,90.57100140396349
2024-06-26,NIFTY100,16008.77,90.04699002825926
2024-06-27,NIFTY100,15968.3,89.81935219684287
2024-06-28,NIFTY100,15806.46,88.90902586532748
2024-07-01,NIFTY100,15565.93,87.5560797919254
2024-07-02,NIFTY100,15737.05,88.51860476627607
2024-07-03,NIFTY100,15660.24,88.08655974944651
2024-07-04,NIFTY100,15639.34,87.96900030599204
2024-07-05,NIFTY100,15674.19,88.16502645931206
2024-07-08,NIFTY100,15645.06,88.00117446946378
2024-07-09,NIFTY100,15499.14,87.18039580970893
2024-07-10,NIFTY100,15630.27,87.91798288244506
2024-07-11,NIFTY100,15567.93,87.56732949943301
2024-07-12,NIFTY100,15648.16,88.01861151610058
2024-07-15,NIFTY100,15835.38,89.07169663588745
2024-07-16,NIFTY100,15673.47,88.1609765646093
2024-07-17,NIFTY100,15784.67,88.78646030203214
2024-07-18,NIFTY100,15804.86,88.90002609932142
2024-07-19,NIFTY100,15694.7,88.28039220980254
2024-07-22,NIFTY100,15756.77,88.62952688230106
2024-07-23,NIFTY100,15777.69,88.7471988228306
2024-07-24,NIFTY100,15706.33,88.34580925895926
2024-07-25,NIFTY100,15960.67,89.77643456270135
2024-07-26,NIFTY100,16018.35,90.10087612722069
2024-07-29,NIFTY100,15883.1,89.34011465701892
2024-07-30,NIFTY100,15933.58,89.62405727451085
2024-07-31,NIFTY100,15917.38,89.53293464369925
2024-08-01,NIFTY100,15777.82,88.74793005381859
2024-08-02,NIFTY100,15755.2,88.62069586190758
2024-08-05,NIFTY100,15812.79,88.94463118958906
2024-08-06,NIFTY100,15700.58,88.31346634987489
2024-08-07,NIFTY100,15529.29,87.34998515038609
2024-08-08,NIFTY100,15362.67,86.41277201792754
2024-08-09,NIFTY100,15204.19,85.52134519502492
2024-08-12,NIFTY100,15278.12,85.93719063304354
2024-08-13,NIFTY100,15336.63,86.26630082617851
2024-08-14,NIFTY100,15228.61,85.65870412369277
2024-08-15,NIFTY100,15208.95,85.54811949889303
2024-08-16,NIFTY100,15053.53,84.67390472847705
2024-08-19,NIFTY100,14981.01,84.26599033425131
2024-08-20,NIFTY100,14906.94,83.84935741670716
2024-08-21,NIFTY100,14950.61,84.0949947801357
2024-08-22,NIFTY100,15102.72,84.95059128462658
2024-08-23,NIFTY100,14975.16,84.23308493979155
2024-08-26,NIFTY100,14880.97,83.7032799647209
2024-08-27,NIFTY100,14921.39,83.9306365534496
2024-08-28,NIFTY100,14753.49,82.98622360818618
2024-08-29,NIFTY100,14650.37,82.40618868909408
2024-08-30,NIFTY100,14760.51,83.02571008153788
2024-09-02,NIFTY100,14916.24,83.90166855661751
2024-09-03,NIFTY100,14810.0,83.30408409381356
2024-09-04,NIFTY100,14717.11,82.78159142862285
2024-09-05,NIFTY100,14805.13,83.27669105603252
2024-09-06,NIFTY100,14928.9,83.97287920514066
2024-09-09,NIFTY100,14898.73,83.80317736738844
2024-09-10,NIFTY100,14819.8,83.35920766060082
2024-09-11,NIFTY100,14888.06,83.74316017783536
2024-09-12,NIFTY100,14933.94,84.00122846805984
2024-09-13,NIFTY100,14931.69,83.98857254711378
2024-09-16,NIFTY100,15160.16,85.273682884245
2024-09-17,NIFTY100,15193.21,85.45958430080816
2024-09-18,NIFTY100,15054.54,84.6795858307684
2024-09-19,NIFTY100,15108.71,84.98428415861187
2024-09-20,NIFTY100,15026.52,84.52197742858685
2024-09-23,NIFTY100,15008.09,84.41831137390427
2024-09-24,NIFTY100,15104.99,84.96335970264772
2024-09-25,NIFTY100,15214.41,85.57883120038878
2024-09-26,NIFTY100,14853.8,83.5504526882301
2024-09-27,NIFTY100,14787.04,83.17493745162625
2024-09-30,NIFTY100,14728.18,82.84385855967744
2024-10-01,NIFTY100,14730.0,82.85409579350936
2024-10-02,NIFTY100,14626.49,82.27186718145327
2024-10-03,NIFTY100,14594.44,82.0915906186439
2024-10-04,NIFTY100,14587.3,82.05142916284174
2024-10-07,NIFTY100,14390.67,80.94541416923158
2024-10-08,NIFTY100,14372.93,80.84562926363914
2024-10-09,NIFTY100,14490.4,81.50638083409831
2024-10-10,NIFTY100,14346.96,80.69955181165288
2024-10-11,NIFTY100,14366.73,80.81075517036555
2024-10-14,NIFTY100,14379.72,80.88382202062745
2024-10-15,NIFTY100,14171.82,79.71441492521194
2024-10-16,NIFTY100,14134.89,79.50668907608402
2024-10-17,NIFTY100,14128.86,79.47277120794858
2024-10-18,NIFTY100,14278.48,80.31436182659249
2024-10-21,NIFTY100,14240.13,80.09864868513418
2024-10-22,NIFTY100,14288.49,80.37066661266806
2024-10-23,NIFTY100,14210.56,79.93232175963423
2024-10-24,NIFTY100,14250.15,80.15500971974727
2024-10-25,NIFTY100,14357.37,80.75810653922998
2024-10-28,NIFTY100,14168.56,79.69607790197453
2024-10-29,NIFTY100,14189.62,79.81453732202962
2024-10-30,NIFTY100,14256.69,80.19179626329715
2024-10-31,NIFTY100,14246.14,80.13245405619452
2024-11-01,NIFTY100,14279.33,80.31914295228323
2024-11-04,NIFTY100,14373.15,80.84686673146497
2024-11-05,NIFTY100,14218.52,79.97709559551451
2024-11-06,NIFTY100,14269.15,80.26188194106952
2024-11-07,NIFTY100,14414.19,81.07771072952103
2024-11-08,NIFTY100,14369.34,80.82543603866299
2024-11-11,NIFTY100,14300.81,80.43996481091492
2024-11-12,NIFTY100,14232.26,80.05438108609175
2024-11-13,NIFTY100,14272.7,80.28185017189553
2024-11-14,NIFTY100,14445.88,81.25596234497901
2024-11-15,NIFTY100,14699.96,82.68512518674514
2024-11-18,NIFTY100,14897.22,83.7946838382202
2024-11-19,NIFTY100,14862.16,83.59747646561189
2024-11-20,NIFTY100,14764.86,83.05017819536693
2024-11-21,NIFTY100,14586.66,82.04782925643931
2024-11-22,NIFTY100,14647.02,82.38734542901884
2024-11-25,NIFTY100,15010.84,84.43377972172723
2024-11-26,NIFTY100,15043.38,84.61681246287596
2024-11-27,NIFTY100,15092.83,84.89496148100149
2024-11-28,NIFTY100,15094.69,84.90542370898356
2024-11-29,NIFTY100,15170.81,85.33358757672299
2024-12-02,NIFTY100,15100.92,84.94046654786975
2024-12-03,NIFTY100,15148.34,85.20719711287505
2024-12-04,NIFTY100,15118.43,85.03895773709883
2024-12-05,NIFTY100,15184.85,85.41256052342638
2024-12-06,NIFTY100,15190.58,85.44479093543566
2024-12-09,NIFTY100,15262.58,85.84978040570944
2024-12-10,NIFTY100,15156.27,85.25180220314272
2024-12-11,NIFTY100,15299.43,86.05705626653707
2024-12-12,NIFTY100,15429.09,86.78637480425509
2024-12-13,NIFTY100,15398.71,86.61549174721456
2024-12-16,NIFTY100,15335.05,86.2574135572475
2024-12-17,NIFTY100,15184.43,85.41019808484978
2024-12-18,NIFTY100,15047.46,84.63976186619146
2024-12-19,NIFTY100,15006.41,84.40886161959789
2024-12-20,NIFTY100,15032.5,84.55561405403459
2024-12-23,NIFTY100,15064.49,84.73555312561872
2024-12-24,NIFTY100,15288.32,85.99456414133232
2024-12-25,NIFTY100,15231.62,85.67563493349172
2024-12-26,NIFTY100,15162.79,85.2884762496175
2024-12-27,NIFTY100,15158.44,85.26400813578846
2024-12-30,NIFTY100,15052.32,84.66709865543494
2024-12-31,NIFTY100,15249.27,85.77491360224634
2025-01-01,NIFTY100,15482.17,87.08494204150692
2025-01-02,NIFTY100,15590.37,87.69355121766834
2025-01-03,NIFTY100,15717.14,88.40661392803786
2025-01-06,NIFTY100,15703.81,88.33163462749968
2025-01-07,NIFTY100,15798.1,88.86200208794571
2025-01-08,NIFTY100,15968.03,89.81783348632935
2025-01-09,NIFTY100,15933.63,89.62433851719854
2025-01-10,NIFTY100,16129.36,90.72529114243028
2025-01-13,NIFTY100,16133.9,90.75082797847254
2025-01-14,NIFTY100,16128.6,90.7210162535774
2025-01-15,NIFTY100,16020.77,90.1144882733049
2025-01-16,NIFTY100,16057.4,90.32052666630666
2025-01-17,NIFTY100,16213.08,91.19620389869863
2025-01-20,NIFTY100,15923.37,89.56662751768454
2025-01-21,NIFTY100,15975.8,89.8615385999964
2025-01-22,NIFTY100,16078.7,90.44033605126266
2025-01-23,NIFTY100,16102.07,90.57178888348902
2025-01-24,NIFTY100,15852.25,89.1665879187141
2025-01-27,NIFTY100,15684.27,88.22172498515039
2025-01-28,NIFTY100,15681.47,88.20597539463972
2025-01-29,NIFTY100,15475.43,87.04703052720629
2025-01-30,NIFTY100,15827.04,89.02478535558075
2025-01-31,NIFTY100,16003.75,90.01875326241517
2025-02-03,NIFTY100,15876.03,89.30034694097952
2025-02-04,NIFTY100,15997.59,89.98410416329175
2025-02-05,NIFTY100,16093.28,90.52234641899311
2025-02-06,NIFTY100,16053.21,90.29695852907822
2025-02-07,NIFTY100,16190.65,91.07003842900083
2025-02-10,NIFTY100,15923.94,89.56983368432421
2025-02-11,NIFTY100,15886.99,89.3619953381212
2025-02-12,NIFTY100,15826.68,89.02276040822939
2025-02-13,NIFTY100,16069.02,90.38588746692585
2025-02-14,NIFTY100,15950.73,89.72052351638857
2025-02-17,NIFTY100,16048.15,90.268496769084
2025-02-18,NIFTY100,15965.65,89.8044463343953
2025-02-19,NIFTY100,16112.88,90.63259355256761
2025-02-20,NIFTY100,16063.67,90.355794499343
2025-02-21,NIFTY100,15912.29,89.50430413809241
2025-02-24,NIFTY100,15915.96,89.52494735136885
2025-02-25,NIFTY100,16033.96,90.18868009431753
2025-02-26,NIFTY100,16110.42,90.61875641233327
2025-02-27,NIFTY100,15922.25,89.56032768148027
2025-02-28,NIFTY100,15722.71,88.43794436344655
2025-03-03,NIFTY100,15647.53,88.01506785823568
2025-03-04,NIFTY100,15529.22,87.34959141062332
2025-03-05,NIFTY100,15422.27,86.74801330165415
2025-03-06,NIFTY100,15371.45,86.46215823388592
2025-03-07,NIFTY100,15453.5,86.9236774843854
2025-03-10,NIFTY100,15425.92,86.76854401785553
2025-03-11,NIFTY100,15284.25,85.97167098655434
2025-03-12,NIFTY100,15177.11,85.36902415537196
2025-03-13,NIFTY100,15239.62,85.72063376352214
2025-03-14,NIFTY100,15233.0,85.68339723167196
2025-03-17,NIFTY100,15151.67,85.22592787587521
2025-03-18,NIFTY100,15237.48,85.708596576489
2025-03-19,NIFTY100,15345.82,86.31799323217595
2025-03-20,NIFTY100,15449.69,86.90224679158341
2025-03-21,NIFTY100,15444.27,86.8717600842378
2025-03-24,NIFTY100,15338.19,86.27507559803445
2025-03-25,NIFTY100,15317.19,86.1569536692046
2025-03-26,NIFTY100,15235.68,85.69847183973216
2025-03-27,NIFTY100,14917.74,83.91010583724822
2025-03-28,NIFTY100,14896.02,83.78793401371564
2025-03-31,NIFTY100,14643.16,82.36563349352916
2025-04-01,NIFTY100,14563.29,81.91637642421297
2025-04-02,NIFTY100,14500.85,81.56516055582554
2025-04-03,NIFTY100,14692.44,82.64282628651655
2025-04-04,NIFTY100,14557.4,81.88324603560307
2025-04-07,NIFTY100,14592.18,82.07887844916031
2025-04-08,NIFTY100,14561.42,81.90585794769335
2025-04-09,NIFTY100,14623.43,82.25465512896663
2025-04-10,NIFTY100,14551.18,81.84825944525441
2025-04-11,NIFTY100,14371.11,80.83539202980722
2025-04-14,NIFTY100,14390.57,80.94485168385621
2025-04-15,NIFTY100,14399.46,80.99485663372751
2025-04-16,NIFTY100,14428.49,81.1581461382004
2025-04-17,NIFTY100,14399.95,80.99761281206689
2025-04-18,NIFTY100,14364.89,80.80040543945857
2025-04-21,NIFTY100,14466.71,81.37312804867072
2025-04-22,NIFTY100,14558.29,81.88825215544395
2025-04-23,NIFTY100,14469.62,81.38949637309429
2025-04-24,NIFTY100,14458.93,81.32936668646614
2025-04-25,NIFTY100,14324.13,80.57113640045358
2025-04-28,NIFTY100,14397.76,80.98529438234605
2025-04-29,NIFTY100,14459.24,81.33111039112983
2025-04-30,NIFTY100,14634.81,82.31866596468491
2025-05-01,NIFTY100,14730.4,82.85634573501088
2025-05-02,NIFTY100,14759.0,83.01721655236963
2025-05-05,NIFTY100,15081.25,84.82982567453246
2025-05-06,NIFTY100,15131.41,85.11196833882319
2025-05-07,NIFTY100,15207.67,85.54091968608816
2025-05-08,NIFTY100,14991.01,84.32223887178932
2025-05-09,NIFTY100,15098.24,84.92539193980956
2025-05-12,NIFTY100,15407.35,86.66409048364741
2025-05-13,NIFTY100,15450.9,86.90905286462551
2025-05-14,NIFTY100,15557.82,87.51046222798206
2025-05-15,NIFTY100,15707.27,88.35109662148784
2025-05-16,NIFTY100,15948.39,89.70736135860466
2025-05-19,NIFTY100,16035.81,90.19908607376207
2025-05-20,NIFTY100,15836.88,89.08013391651815
2025-05-21,NIFTY100,15874.16,89.28982846445992
2025-05-22,NIFTY100,15983.1,89.90260003239915
2025-05-23,NIFTY100,16082.33,90.46075427038896
2025-05-26,NIFTY100,16069.92,90.39094983530428
2025-05-27,NIFTY100,16029.25,90.16218703313713
2025-05-28,NIFTY100,15989.49,89.93854284788596
2025-05-29,NIFTY100,15977.58,89.87155083967816
2025-05-30,NIFTY100,16002.37,90.01099096423492
2025-06-02,NIFTY100,16081.24,90.45462317979731
2025-06-03,NIFTY100,16138.5,90.77670230574005
2025-06-04,NIFTY100,16089.19,90.49934076714004
2025-06-05,NIFTY100,15940.9,89.66523120398868
2025-06-06,NIFTY100,15997.98,89.98629785625573
2025-06-09,NIFTY100,15967.7,89.8159772845906
2025-06-10,NIFTY100,16186.98,91.04939521572439
2025-06-11,NIFTY100,16316.11,91.77573258095289
2025-06-12,NIFTY100,16369.52,92.07615601994348
2025-06-13,NIFTY100,16276.29,91.55175090447648
2025-06-16,NIFTY100,16104.84,90.58736972838706
2025-06-17,NIFTY100,16112.83,90.63231230987994
2025-06-18,NIFTY100,16139.8,90.78401461561998
2025-06-19,NIFTY100,15919.45,89.54457809096962
2025-06-20,NIFTY100,15988.92,89.93533668124628
2025-06-23,NIFTY100,16003.0,90.01453462209982
2025-06-24,NIFTY100,15664.24,88.10905916446171
2025-06-25,NIFTY100,15562.24,87.53532408157388
2025-06-26,NIFTY100,15469.31,87.012606422233
2025-06-27,NIFTY100,15322.81,86.18856534730097
2025-06-30,NIFTY100,15378.83,86.50366965458898
2025-07-01,NIFTY100,15613.14,87.8216291376424
2025-07-02,NIFTY100,15679.98,88.19759436254657
2025-07-03,NIFTY100,15768.89,88.69770010979713
2025-07-04,NIFTY100,15676.47,88.17785112587072
2025-07-07,NIFTY100,15749.54,88.58885918966106
2025-07-08,NIFTY100,15733.4,88.49807405007469
2025-07-09,NIFTY100,15741.0,88.5408229386036
2025-07-10,NIFTY100,15670.84,88.14618319923682
2025-07-11,NIFTY100,15476.97,87.05569280198713
2025-07-14,NIFTY100,15601.39,87.75553710603523
2025-07-15,NIFTY100,15629.46,87.91342675090446
2025-07-16,NIFTY100,15607.59,87.79041119930882
2025-07-17,NIFTY100,15850.22,89.15516946559389
2025-07-18,NIFTY100,15728.9,88.47276220818257
2025-07-21,NIFTY100,15819.12,88.98023651385064
2025-07-22,NIFTY100,16095.0,90.53202116744964
2025-07-23,NIFTY100,16157.99,90.88633070540165
2025-07-24,NIFTY100,16012.83,90.0698269344997
2025-07-25,NIFTY100,16149.34,90.83767572043126
2025-07-28,NIFTY100,16085.02,90.47588512698668
2025-07-29,NIFTY100,16011.91,90.06465206904619
2025-07-30,NIFTY100,15901.57,89.44400570585164
2025-07-31,NIFTY100,16122.72,90.68794211350504
2025-08-01,NIFTY100,16076.99,90.43071755134365
2025-08-04,NIFTY100,15963.92,89.79471533740121
2025-08-05,NIFTY100,16135.43,90.75943400471587
2025-08-06,NIFTY100,15934.59,89.6297383768022
2025-08-07,NIFTY100,15950.57,89.71962353978795
2025-08-08,NIFTY100,15869.54,89.26384164011736
2025-08-11,NIFTY100,15956.12,89.75084147812157
2025-08-12,NIFTY100,15908.46,89.48276094821533
2025-08-13,NIFTY100,15733.14,88.49661158809869
2025-08-14,NIFTY100,15759.18,88.64308277984772
2025-08-15,NIFTY100,15707.52,88.35250283492628
2025-08-18,NIFTY100,15823.73,89.00616708965566
2025-08-19,NIFTY100,15839.96,89.09745846607987
2025-08-20,NIFTY100,16127.87,90.71691011033712
2025-08-21,NIFTY100,16062.16,90.34730097017477
2025-08-22,NIFTY100,16224.87,91.26252092445596
2025-08-25,NIFTY100,16186.11,91.04450159295858
2025-08-26,NIFTY100,16177.77,90.99759031265187
2025-08-27,NIFTY100,16286.02,91.60648073150097
2025-08-28,NIFTY100,16168.6,90.94601040372949
2025-08-29,NIFTY100,16334.53,91.87934238709794
2025-09-01,NIFTY100,16435.26,92.44593390571843
2025-09-02,NIFTY100,16549.98,93.09121712835466
2025-09-03,NIFTY100,16685.24,93.85203484709398
2025-09-04,NIFTY100,16772.48,94.34274708857569
2025-09-05,NIFTY100,16874.21,94.91496346094999
2025-09-08,NIFTY100,17065.23,95.98942302500134
2025-09-09,NIFTY100,17074.14,96.03954047194772
2025-09-10,NIFTY100,17057.3,95.94481793473368
2025-09-11,NIFTY100,17133.18,96.37163183757221
2025-09-12,NIFTY100,17155.4,96.4966160879817
2025-09-15,NIFTY100,17295.56,97.28499559011465
2025-09-16,NIFTY100,17570.14,98.8294679338337
2025-09-17,NIFTY100,17442.88,98.11364904512483
2025-09-18,NIFTY100,17465.23,98.2393645265223
2025-09-19,NIFTY100,17322.06,97.43405421459042
2025-09-22,NIFTY100,17300.46,97.31255737350828
2025-09-23,NIFTY100,17287.65,97.24050299692209
2025-09-24,NIFTY100,17240.75,96.97669735586874
2025-09-25,NIFTY100,17377.23,97.74437739618769
2025-09-26,NIFTY100,17436.66,98.07866245477616
2025-09-29,NIFTY100,17359.5,97.64464873913278
2025-09-30,NIFTY100,17497.18,98.4190786039563
2025-10-01,NIFTY100,17489.17,98.37402352538832
2025-10-02,NIFTY100,17421.42,97.99293968356821
2025-10-03,NIFTY100,17284.96,97.22537214032434
2025-10-06,NIFTY100,17086.94,96.11153859999638
2025-10-07,NIFTY100,17030.11,95.79187816116782
2025-10-08,NIFTY100,17046.39,95.8834507802797
2025-10-09,NIFTY100,17184.56,96.66063682344259
2025-10-10,NIFTY100,16907.35,95.10137111435101
2025-10-13,NIFTY100,17175.59,96.61018188527098
2025-10-14,NIFTY100,17075.83,96.04904647479165
2025-10-15,NIFTY100,17030.12,95.79193440970533
2025-10-16,NIFTY100,16989.54,95.56367784437604
2025-10-17,NIFTY100,16909.96,95.11605198264844
2025-10-20,NIFTY100,16875.87,94.92430071818131
2025-10-21,NIFTY100,16850.99,94.78435435678672
2025-10-22,NIFTY100,16838.03,94.71145625213742
2025-10-23,NIFTY100,17066.17,95.9947103875299
2025-10-24,NIFTY100,16971.86,95.46423043000881
2025-10-27,NIFTY100,17236.86,96.95481667476645
2025-10-28,NIFTY100,17322.25,97.43512293680364
2025-10-29,NIFTY100,17111.54,96.24991000233993
2025-10-30,NIFTY100,17003.55,95.6424820454668
2025-10-31,NIFTY100,16879.75,94.94612515074607
2025-11-03,NIFTY100,16884.7,94.9739681768274
2025-11-04,NIFTY100,17076.29,96.0516339075184
2025-11-05,NIFTY100,17198.7,96.74017225552134
2025-11-06,NIFTY100,17064.14,95.98329193440969
2025-11-07,NIFTY100,17242.99,96.98929702827726
2025-11-10,NIFTY100,17104.47,96.21014228630057
2025-11-11,NIFTY100,16988.07,95.55540930935794
2025-11-12,NIFTY100,17142.78,96.42563043360872
2025-11-13,NIFTY100,17295.92,97.287020537466
2025-11-14,NIFTY100,17420.04,97.98517738538798
2025-11-17,NIFTY100,17431.2,98.04795075328042
2025-11-18,NIFTY100,17428.81,98.03450735280883
2025-11-19,NIFTY100,17270.71,97.14521797433265
2025-11-20,NIFTY100,17277.18,97.18161077811976
2025-11-21,NIFTY100,17190.35,96.69320472667708
2025-11-24,NIFTY100,17173.44,96.5980884497003
2025-11-25,NIFTY100,17507.58,98.47757708299585
2025-11-26,NIFTY100,17562.38,98.7858190687042
2025-11-27,NIFTY100,17411.94,97.93961606998216
2025-11-28,NIFTY100,17598.5,98.98898878629154
2025-12-01,NIFTY100,17801.56,100.13117158953868
2025-12-02,NIFTY100,18020.5,101.36267707039617
2025-12-03,NIFTY100,17958.85,101.01590483647422
2025-12-04,NIFTY100,17951.03,100.9719184801195
2025-12-05,NIFTY100,17774.98,99.98166297676259
2025-12-08,NIFTY100,18011.98,101.31475331641376
2025-12-09,NIFTY100,18038.89,101.46611813092858
2025-12-10,NIFTY100,17846.08,100.38159007865795
2025-12-11,NIFTY100,18098.03,101.79877198192845
2025-12-12,NIFTY100,18006.31,101.2828603956297
2025-12-15,NIFTY100,17956.77,101.00420514066633
2025-12-16,NIFTY100,17812.0,100.18989506272835
2025-12-17,NIFTY100,17645.21,99.25172570513166
2025-12-18,NIFTY100,17710.03,99.61632872545312
2025-12-19,NIFTY100,17617.69,99.09692972982701
2025-12-22,NIFTY100,17407.32,97.9136292456396
2025-12-23,NIFTY100,17557.52,98.75848227946072
2025-12-24,NIFTY100,17638.41,99.21347669960579
2025-12-25,NIFTY100,17907.08,100.72470615763991
2025-12-26,NIFTY100,17861.01,100.46556914520221
2025-12-29,NIFTY100,17875.38,100.54639829364436
2025-12-30,NIFTY100,17914.9,100.76869251399462
2025-12-31,NIFTY100,17943.93,100.93198201846751
2026-01-01,NIFTY100,17989.44,101.18796911280306
2026-01-02,NIFTY100,17950.77,100.97045601814352
2026-01-05,NIFTY100,17696.2,99.53853699803804
2026-01-06,NIFTY100,17746.43,99.82107340209154
2026-01-07,NIFTY100,17838.7,100.34007865795489
2026-01-08,NIFTY100,17798.1,100.1117095955505
2026-01-09,NIFTY100,18172.83,102.2195110427129
2026-01-12,NIFTY100,18110.58,101.86936389653869
2026-01-13,NIFTY100,18026.64,101.3972136724445
2026-01-14,NIFTY100,18100.89,101.81485906366434
2026-01-15,NIFTY100,18144.4,102.0595964504923
2026-01-16,NIFTY100,17920.55,100.8004729377036
2026-01-19,NIFTY100,18046.45,101.50864202530734
2026-01-20,NIFTY100,17987.7,101.17818186727146
2026-01-21,NIFTY100,18179.71,102.25821003653903
2026-01-22,NIFTY100,18248.01,102.64238754792375
2026-01-23,NIFTY100,18221.6,102.49383516028581
2026-01-26,NIFTY100,18421.61,103.61886215958384
2026-01-27,NIFTY100,18347.73,103.20329796425291
2026-01-28,NIFTY100,18156.81,102.12940088557698
2026-01-29,NIFTY100,17963.84,101.04397285670572
2026-01-30,NIFTY100,18008.15,101.29321012653672
2026-02-02,NIFTY100,18287.32,102.86350054898573
2026-02-03,NIFTY100,18274.68,102.79240239753766
2026-02-04,NIFTY100,18397.52,103.48335943265474
2026-02-05,NIFTY100,18453.28,103.79700127796676
2026-02-06,NIFTY100,18399.73,103.49579035945065
2026-02-09,NIFTY100,18160.3,102.14903162517773
2026-02-10,NIFTY100,18193.73,102.33707048616736
2026-02-11,NIFTY100,18322.7,103.06250787479524
2026-02-12,NIFTY100,18399.89,103.49669033605124
2026-02-13,NIFTY100,18357.52,103.25836528250265
2026-02-16,NIFTY100,18286.91,102.86119435894665
2026-02-17,NIFTY100,18200.9,102.37740068758212
2026-02-18,NIFTY100,18111.6,101.87510124736757
2026-02-19,NIFTY100,18126.9,101.96116150980075
2026-02-20,NIFTY100,18112.29,101.8789823964577
2026-02-23,NIFTY100,18196.12,102.35051388663894
2026-02-24,NIFTY100,18060.73,101.58896493691162
2026-02-25,NIFTY100,18065.44,101.61545799809204
2026-02-26,NIFTY100,18068.86,101.63469499793005
2026-02-27,NIFTY100,18002.35,101.26058597476464
2026-03-02,NIFTY100,18056.33,101.5642155803949
2026-03-03,NIFTY100,17933.37,100.87258356282736
2026-03-04,NIFTY100,18118.0,101.9111003113919
2026-03-05,NIFTY100,18189.69,102.31434607700199
2026-03-06,NIFTY100,18279.69,102.8205829148442
2026-03-09,NIFTY100,18277.65,102.80910821318645
2026-03-10,NIFTY100,18237.19,102.5815266303076
2026-03-11,NIFTY100,18138.31,102.02534109113164
2026-03-12,NIFTY100,18023.65,101.38039535972065
2026-03-13,NIFTY100,17807.85,100.16655191965008
2026-03-16,NIFTY100,17829.89,100.29052369638387
2026-03-17,NIFTY100,17940.74,100.9140387349929
2026-03-18,NIFTY100,17770.6,99.95702611732094
2026-03-19,NIFTY100,17972.7,101.09380906096442
2026-03-20,NIFTY100,17751.17,99.84773520888454
2026-03-23,NIFTY100,17884.32,100.59668448620336
2026-03-24,NIFTY100,17769.37,99.95010754720376
2026-03-25,NIFTY100,17935.62,100.88523948377342
2026-03-26,NIFTY100,18056.63,101.56590303652105
2026-03-27,NIFTY100,18461.52,103.84335007289809
2026-03-30,NIFTY100,18376.27,103.36383129038644
2026-03-31,NIFTY100,18051.34,101.53614756016343
2026-04-01,NIFTY100,17782.44,100.02362438576596
2026-04-02,NIFTY100,17760.9,99.90246503590906
2026-04-03,NIFTY100,17793.29,100.08465404899471
2026-04-06,NIFTY100,17697.48,99.54573681084291
2026-04-07,NIFTY100,17758.78,99.89054034595098
2026-04-08,NIFTY100,17897.71,100.67200127796676
2026-04-09,NIFTY100,17992.09,101.20287497525065
2026-04-10,NIFTY100,17994.82,101.21823082599852
2026-04-13,NIFTY100,17879.1,100.5673227496085
2026-04-14,NIFTY100,18009.93,101.30322236621848
2026-04-15,NIFTY100,18223.56,102.50485987364328
2026-04-16,NIFTY100,18142.7,102.05003419911083
2026-04-17,NIFTY100,17978.08,101.12407077415988
2026-04-20,NIFTY100,18157.51,102.13333828320461
2026-04-21,NIFTY100,18214.04,102.45131126590708
2026-04-22,NIFTY100,18267.78,102.7535909066364
2026-04-23,NIFTY100,18535.61,104.26009548751732
2026-04-24,NIFTY100,18274.07,102.78897123674784
2026-04-27,NIFTY100,18251.07,102.65959960041037
2026-04-28,NIFTY100,18316.33,103.02667755638353
2026-04-29,NIFTY100,18629.93,104.79063169357596
2026-04-30,NIFTY100,18631.29,104.79828149468113
2026-05-01,NIFTY100,18566.52,104.43395971704734
2026-05-04,NIFTY100,18608.36,104.66930359810644
2026-05-05,NIFTY100,18728.99,105.34782970642765
2026-05-06,NIFTY100,18921.78,106.43224526162318
2026-05-07,NIFTY100,19160.18,107.77321039652968
2026-05-08,NIFTY100,18871.35,106.14858388681891
2026-05-11,NIFTY100,18762.08,105.53395611714096
2026-05-12,NIFTY100,18904.22,106.33347282970642
2026-05-13,NIFTY100,18953.65,106.61150935075688
2026-05-14,NIFTY100,19030.41,107.04327312489875
2026-05-15,NIFTY100,18942.22,106.54721727235092
2026-05-18,NIFTY100,18988.63,106.80826673506489
2026-05-19,NIFTY100,18961.65,106.65650818078728
2026-05-20,NIFTY100,19044.55,107.12280855697752
2026-05-21,NIFTY100,19133.14,107.62111435102686
2026-05-22,NIFTY100,19193.21,107.95899931601778
2026-05-25,NIFTY100,19245.64,108.25391039832964
2026-05-26,NIFTY100,19228.08,108.15513796641287
2026-05-27,NIFTY100,19489.24,109.62412477275592
2026-05-28,NIFTY100,19677.97,110.68570342171103
2026-05-29,NIFTY100,19696.29,110.78875074248069
2022-01-03,NIFTY50,17492.79,100.0
2022-01-04,NIFTY50,17689.64,101.12532077501643
2022-01-05,NIFTY50,17835.05,101.95657753851728
2022-01-06,NIFTY50,17878.51,102.20502275508936
2022-01-07,NIFTY50,17759.15,101.52268448886656
2022-01-10,NIFTY50,18124.84,103.6132029253195
2022-01-11,NIFTY50,18256.96,104.36848553032421
2022-01-12,NIFTY50,18162.54,103.8287202899023
2022-01-13,NIFTY50,18179.05,103.92310203232302
2022-01-14,NIFTY50,17971.75,102.73804235916626
2022-01-17,NIFTY50,17998.26,102.88959051129063
2022-01-18,NIFTY50,17938.46,102.54773538126278
2022-01-19,NIFTY50,18301.33,104.62213289017932
2022-01-20,NIFTY50,18424.66,105.3271662210545
2022-01-21,NIFTY50,18055.59,103.21732553812171
2022-01-24,NIFTY50,18338.54,104.83484910068664
2022-01-25,NIFTY50,18408.04,105.23215564812702
2022-01-26,NIFTY50,18650.54,106.61844108344067
2022-01-27,NIFTY50,18701.92,106.91216209649804
2022-01-28,NIFTY50,18734.13,107.09629510215353
2022-01-31,NIFTY50,18615.38,106.4174439869226
2022-02-01,NIFTY50,18724.17,107.03935735808865
2022-02-02,NIFTY50,18900.9,108.04965931678137
2022-02-03,NIFTY50,18640.35,106.56018851195263
2022-02-04,NIFTY50,18524.44,105.89757265707756
2022-02-07,NIFTY50,18347.28,104.8848125427676
2022-02-08,NIFTY50,18626.31,106.47992687272871
2022-02-09,NIFTY50,18807.0,107.51286672966404
2022-02-10,NIFTY50,18760.65,107.24790042068761
2022-02-11,NIFTY50,18935.65,108.24831259050158
2022-02-14,NIFTY50,18733.59,107.09320811602952
2022-02-15,NIFTY50,18789.33,107.41185368371771
2022-02-16,NIFTY50,18942.63,108.28821474447471
2022-02-17,NIFTY50,18867.92,107.8611244975787
2022-02-18,NIFTY50,18875.61,107.90508546664081
2022-02-21,NIFTY50,18962.56,108.4021473990141
2022-02-22,NIFTY50,19151.71,109.48345003855873
2022-02-23,NIFTY50,18922.93,108.17559691735852
2022-02-24,NIFTY50,18905.49,108.07589869883536
2022-02-25,NIFTY50,18772.62,107.31632861310287
2022-02-28,NIFTY50,18865.93,107.84974838204768
2022-03-01,NIFTY50,18827.48,107.62994353673714
2022-03-02,NIFTY50,18962.53,108.40197589978497
2022-03-03,NIFTY50,18764.05,107.26733699998685
2022-03-04,NIFTY50,18700.26,106.90267247248721
2022-03-07,NIFTY50,19018.69,108.72302245668071
2022-03-08,NIFTY50,18996.04,108.59354053870194
2022-03-09,NIFTY50,19174.22,109.61213162680168
2022-03-10,NIFTY50,19018.0,108.71907797441116
2022-03-11,NIFTY50,18796.74,107.4542139933081
2022-03-14,NIFTY50,19023.35,108.74966200360261
2022-03-15,NIFTY50,19158.43,109.52186586587959
2022-03-16,NIFTY50,19102.14,109.20007614565772
2022-03-17,NIFTY50,19368.71,110.72396112912806
2022-03-18,NIFTY50,19279.61,110.21460841866848
2022-03-21,NIFTY50,19153.99,109.49648397997119
2022-03-22,NIFTY50,19165.54,109.5625111831789
2022-03-23,NIFTY50,19132.24,109.37214703886573
2022-03-24,NIFTY50,18960.4,108.38979945451813
2022-03-25,NIFTY50,18951.21,108.33726352400046
2022-03-28,NIFTY50,18999.44,108.61297711800117
2022-03-29,NIFTY50,19138.12,109.40576088777148
2022-03-30,NIFTY50,19568.64,111.86688915833322
2022-03-31,NIFTY50,19775.28,113.04817584844955
2022-04-01,NIFTY50,19613.8,112.12505266455493
2022-04-04,NIFTY50,20065.6,114.70783105496606
2022-04-05,NIFTY50,20083.52,114.81027326115503
2022-04-06,NIFTY50,20147.77,115.177567443501
2022-04-07,NIFTY50,20045.55,114.59321240351024
2022-04-08,NIFTY50,20053.65,114.6395171953702
2022-04-11,NIFTY50,20059.1,114.67067288865869
2022-04-12,NIFTY50,20180.83,115.3665595939813
2022-04-13,NIFTY50,20341.13,116.28293714153088
2022-04-14,NIFTY50,20287.69,115.97743984807454
2022-04-15,NIFTY50,20496.5,117.17113164909657
2022-04-18,NIFTY50,20414.87,116.70448224668561
2022-04-19,NIFTY50,20612.2,117.83254700936784
2022-04-20,NIFTY50,20511.28,117.25562360263856
2022-04-21,NIFTY50,20331.45,116.22760005693775
2022-04-22,NIFTY50,20291.62,115.99990624708806
2022-04-25,NIFTY50,20260.33,115.82103255112534
2022-04-26,NIFTY50,20107.17,114.94547182010415
2022-04-27,NIFTY50,20054.36,114.64357601045916
2022-04-28,NIFTY50,19975.05,114.19018921509947
2022-04-29,NIFTY50,19985.01,114.2471269591643
2022-05-02,NIFTY50,20084.37,114.81513240597982
2022-05-03,NIFTY50,20080.44,114.7926660069663
2022-05-04,NIFTY50,19936.88,113.97198502926062
2022-05-05,NIFTY50,19887.01,113.68689614406848
2022-05-06,NIFTY50,20058.65,114.66810040022204
2022-05-09,NIFTY50,19959.55,114.10158128005881
2022-05-10,NIFTY50,19812.47,113.26077772613745
2022-05-11,NIFTY50,19573.89,111.89690152342764
2022-05-12,NIFTY50,19473.78,111.32460859588436
2022-05-13,NIFTY50,19615.18,112.13294162909403
2022-05-16,NIFTY50,19507.43,111.51697356453715
2022-05-17,NIFTY50,19510.92,111.53692464152371
2022-05-18,NIFTY50,19442.05,111.14321957789466
2022-05-19,NIFTY50,19363.97,110.69686425092853
2022-05-20,NIFTY50,19582.7,111.94726513037656
2022-05-23,NIFTY50,19568.13,111.86397367143834
2022-05-24,NIFTY50,19377.34,110.77329574070231
2022-05-25,NIFTY50,19145.6,109.4485213622298
2022-05-26,NIFTY50,18989.49,108.55609654034606
2022-05-27,NIFTY50,18816.95,107.56974730731919
2022-05-30,NIFTY50,18959.16,108.38271081971487
2022-05-31,NIFTY50,18935.9,108.24974175074418
2022-06-01,NIFTY50,18955.11,108.35955842378489
2022-06-02,NIFTY50,18925.23,108.18874519159036
2022-06-03,NIFTY50,18902.99,108.06160709640945
2022-06-06,NIFTY50,19058.44,108.95025893525275
2022-06-07,NIFTY50,19226.83,109.9128841082526
2022-06-08,NIFTY50,19519.86,111.58803141179881
2022-06-09,NIFTY50,19389.21,110.84115226902054
2022-06-10,NIFTY50,19336.46,110.53959945783376
2022-06-13,NIFTY50,19376.58,110.76895109356484
2022-06-14,NIFTY50,19637.19,112.25876489685179
2022-06-15,NIFTY50,19535.11,111.67521018659687
2022-06-16,NIFTY50,19696.35,112.5969613766586
2022-06-17,NIFTY50,19607.58,112.08949515771927
2022-06-20,NIFTY50,19773.96,113.04062988236868
2022-06-21,NIFTY50,19798.47,113.18074475255233
2022-06-22,NIFTY50,19639.48,112.27185600467391
2022-06-23,NIFTY50,19629.85,112.21680475212929
2022-06-24,NIFTY50,19738.19,112.83614563485868
2022-06-27,NIFTY50,19287.24,110.25822638927238
2022-06-28,NIFTY50,19440.76,111.13584511104288
2022-06-29,NIFTY50,19217.98,109.86229183566485
2022-06-30,NIFTY50,19192.78,109.71823248321164
2022-07-01,NIFTY50,19184.78,109.67249935544872
2022-07-04,NIFTY50,18769.89,107.30072218325377
2022-07-05,NIFTY50,18684.56,106.8129212092525
2022-07-06,NIFTY50,18757.53,107.23006450086005
2022-07-07,NIFTY50,19054.96,108.93036502467588
2022-07-08,NIFTY50,19192.88,109.7188041473087
2022-07-11,NIFTY50,19344.92,110.58796224044305
2022-07-12,NIFTY50,19015.04,108.7021567171389
2022-07-13,NIFTY50,18977.21,108.48589618922995
2022-07-14,NIFTY50,19271.29,110.16704596579505
2022-07-15,NIFTY50,19438.74,111.12429749628276
2022-07-18,NIFTY50,19366.57,110.71172751745146
2022-07-19,NIFTY50,19393.94,110.86819198081037
2022-07-20,NIFTY50,19559.49,111.81458189345439
2022-07-21,NIFTY50,19722.34,112.74553687547841
2022-07-22,NIFTY50,19711.32,112.68253949198497
2022-07-25,NIFTY50,19681.21,112.51041143236726
2022-07-26,NIFTY50,19761.96,112.97203019072428
2022-07-27,NIFTY50,19929.86,113.93185420964866
2022-07-28,NIFTY50,19875.39,113.62046877599283
2022-07-29,NIFTY50,19585.87,111.96538688225262
2022-08-01,NIFTY50,19582.35,111.94526430603693
2022-08-02,NIFTY50,19390.08,110.84612574666477
2022-08-03,NIFTY50,19708.9,112.6687052208367
2022-08-04,NIFTY50,19564.96,111.84585191956226
2022-08-05,NIFTY50,19555.4,111.7912008318856
2022-08-08,NIFTY50,19451.25,111.19581267482201
2022-08-09,NIFTY50,19378.13,110.7778118870689
2022-08-10,NIFTY50,19520.25,111.59026090177724
2022-08-11,NIFTY50,19698.67,112.61022398370983
2022-08-12,NIFTY50,19814.19,113.27061034860645
2022-08-15,NIFTY50,19981.4,114.2264898852613
2022-08-16,NIFTY50,19904.95,113.78945268307686
2022-08-17,NIFTY50,19736.49,112.82642734520908
2022-08-18,NIFTY50,19625.12,112.18976504033947
2022-08-19,NIFTY50,19703.9,112.64012201598487
2022-08-22,NIFTY50,19910.72,113.82243770147586
2022-08-23,NIFTY50,19719.82,112.73113094023309
2022-08-24,NIFTY50,19671.88,112.45707517211376
2022-08-25,NIFTY50,19637.3,112.25939372735851
2022-08-26,NIFTY50,19522.67,111.60409517292551
2022-08-29,NIFTY50,19627.67,112.2043424748139
2022-08-30,NIFTY50,19798.26,113.17954425794854
2022-08-31,NIFTY50,20209.61,115.53108452110841
2022-09-01,NIFTY50,20548.9,117.47068363594373
2022-09-02,NIFTY50,20692.13,118.28947812212918
2022-09-05,NIFTY50,20624.2,117.90114670101224
2022-09-06,NIFTY50,20753.83,118.64219487000074
2022-09-07,NIFTY50,20433.94,116.81349858999049
2022-09-08,NIFTY50,20554.69,117.50378298716213
2022-09-09,NIFTY50,20626.15,117.91229415090444
2022-09-12,NIFTY50,20648.98,118.0428050642579
2022-09-13,NIFTY50,20527.01,117.34554636510242
2022-09-14,NIFTY50,20670.74,118.16719917177305
2022-09-15,NIFTY50,20513.65,117.26917204173834
2022-09-16,NIFTY50,20701.55,118.34332888007
2022-09-19,NIFTY50,20813.58,118.98376416798007
2022-09-20,NIFTY50,20896.86,119.45984602799211
2022-09-21,NIFTY50,20739.02,118.5575314172296
2022-09-22,NIFTY50,20638.36,117.9820943371526
2022-09-23,NIFTY50,20398.27,116.60958600657756
2022-09-26,NIFTY50,20548.89,117.47062646953401
2022-09-27,NIFTY50,20564.79,117.56152106096283
2022-09-28,NIFTY50,20484.23,117.10098846439018
2022-09-29,NIFTY50,20471.11,117.025986134859
2022-09-30,NIFTY50,20657.7,118.09265417351949
2022-10-03,NIFTY50,20475.58,117.05153951999654
2022-10-04,NIFTY50,20411.92,116.68761815582305
2022-10-05,NIFTY50,20159.15,115.24262281774378
2022-10-06,NIFTY50,19995.72,114.30835218395694
2022-10-07,NIFTY50,19964.19,114.1281064941613
2022-10-10,NIFTY50,20151.84,115.2008341722504
2022-10-11,NIFTY50,20267.68,115.86304986225753
2022-10-12,NIFTY50,20442.32,116.86140404132217
2022-10-13,NIFTY50,20563.45,117.55386076206253
2022-10-14,NIFTY50,20412.01,116.68813265351037
2022-10-17,NIFTY50,20707.13,118.37522773668465
2022-10-18,NIFTY50,20843.26,119.15343407198048
2022-10-19,NIFTY50,21162.28,120.97715687434652
2022-10-20,NIFTY50,21464.58,122.70529743968801
2022-10-21,NIFTY50,21458.74,122.67191225642107
2022-10-24,NIFTY50,21383.16,122.23984853188084
2022-10-25,NIFTY50,21005.4,120.08033023891558
2022-10-26,NIFTY50,21044.03,120.30116407960078
2022-10-27,NIFTY50,21047.28,120.31974316275446
2022-10-28,NIFTY50,20947.39,119.74870789622467
2022-10-31,NIFTY50,20871.91,119.31721583578148
2022-11-01,NIFTY50,20970.82,119.88264879416033
2022-11-02,NIFTY50,20659.57,118.10334429213407
2022-11-03,NIFTY50,20887.35,119.4054807723639
2022-11-04,NIFTY50,21047.55,120.32128665581648
2022-11-07,NIFTY50,20996.17,120.0275656427591
2022-11-08,NIFTY50,20993.09,120.00995838857038
2022-11-09,NIFTY50,21057.78,120.3797678929433
2022-11-10,NIFTY50,21208.88,121.24355234356554
2022-11-11,NIFTY50,21574.46,123.33344194951177
2022-11-14,NIFTY50,21491.94,122.8617047366372
2022-11-15,NIFTY50,21743.69,124.3008691009267
2022-11-16,NIFTY50,21714.61,124.13462918150849
2022-11-17,NIFTY50,21654.27,123.78968706535665
2022-11-18,NIFTY50,21618.86,123.58726080859599
2022-11-21,NIFTY50,21821.82,124.74751025994138
2022-11-22,NIFTY50,21730.17,124.22358011500737
2022-11-23,NIFTY50,21759.53,124.3914206938973
2022-11-24,NIFTY50,21678.62,123.92888727298504
2022-11-25,NIFTY50,21612.98,123.55364695969024
2022-11-28,NIFTY50,21863.78,124.98738051505791
2022-11-29,NIFTY50,21872.29,125.03602912971571
2022-11-30,NIFTY50,21763.67,124.4150875875146
2022-12-01,NIFTY50,21696.78,124.03270147300687
2022-12-02,NIFTY50,21756.82,124.37592859686761
2022-12-05,NIFTY50,21757.88,124.38198823629621
2022-12-06,NIFTY50,21768.68,124.44372795877617
2022-12-07,NIFTY50,21725.81,124.1986555603766
2022-12-08,NIFTY50,21922.79,125.32471949871919
2022-12-09,NIFTY50,22037.03,125.97778856317372
2022-12-12,NIFTY50,22007.01,125.80617500124336
2022-12-13,NIFTY50,22040.93,126.00008346295817
2022-12-14,NIFTY50,21904.8,125.22187712766231
2022-12-15,NIFTY50,21902.0,125.20587053294527
2022-12-16,NIFTY50,21788.91,124.55937560560663
2022-12-19,NIFTY50,21834.23,124.81845377438361
2022-12-20,NIFTY50,21826.13,124.77214898252367
2022-12-21,NIFTY50,21793.49,124.58555782125093
2022-12-22,NIFTY50,21829.4,124.79084239849676
2022-12-23,NIFTY50,21893.27,125.155964257274
2022-12-26,NIFTY50,22100.16,126.33868010763291
2022-12-27,NIFTY50,22252.11,127.20732370307995
2022-12-28,NIFTY50,22436.78,128.26301579107732
2022-12-29,NIFTY50,22382.85,127.95471734354552
2022-12-30,NIFTY50,22446.34,128.31766687875404
2023-01-02,NIFTY50,22778.36,130.2157060137348
2023-01-03,NIFTY50,22771.14,130.17443186592877
2023-01-04,NIFTY50,22806.13,130.37445713348185
2023-01-05,NIFTY50,22843.67,130.58905983550935
2023-01-06,NIFTY50,22835.1,130.54006822239333
2023-01-09,NIFTY50,23088.26,131.98729305045106
2023-01-10,NIFTY50,23015.77,131.57289374650927
2023-01-11,NIFTY50,23231.29,132.80494420844244
2023-01-12,NIFTY50,23389.28,133.70811631535048
2023-01-13,NIFTY50,23388.78,133.7052579948653
2023-01-16,NIFTY50,23321.28,133.31938472936562
2023-01-17,NIFTY50,23326.14,133.3471676044816
2023-01-18,NIFTY50,23559.85,134.68320376566572
2023-01-19,NIFTY50,23779.86,135.94092194555586
2023-01-20,NIFTY50,23947.55,136.89954546987644
2023-01-23,NIFTY50,23942.01,136.8678752789006
2023-01-24,NIFTY50,23961.96,136.9819222662594
2023-01-25,NIFTY50,24096.65,137.75189663855792
2023-01-26,NIFTY50,24061.41,137.55044221076224
2023-01-27,NIFTY50,24238.56,138.5631451586625
2023-01-30,NIFTY50,24280.25,138.80147192071703
2023-01-31,NIFTY50,24494.37,140.0255190852917
2023-02-01,NIFTY50,24223.82,138.47888187075932
2023-02-02,NIFTY50,24115.15,137.8576544965097
2023-02-03,NIFTY50,24060.94,137.54775538950616
2023-02-06,NIFTY50,24153.86,138.07894566847253
2023-02-07,NIFTY50,24091.1,137.7201692811724
2023-02-08,NIFTY50,24536.77,140.2679046624352
2023-02-09,NIFTY50,24304.68,138.94112945962306
2023-02-10,NIFTY50,24520.15,140.17289408950774
2023-02-13,NIFTY50,24780.22,141.65962090667068
2023-02-14,NIFTY50,24893.39,142.30657316528695
2023-02-15,NIFTY50,24840.97,142.0069068456204
2023-02-16,NIFTY50,24848.9,142.0522398085154
2023-02-17,NIFTY50,25027.64,143.07403221555853
2023-02-20,NIFTY50,24713.9,141.28049327751606
2023-02-21,NIFTY50,24597.57,140.61547643343343
2023-02-22,NIFTY50,24501.18,140.0644494102999
2023-02-23,NIFTY50,24622.43,140.7575921279567
2023-02-24,NIFTY50,24854.82,142.08608232305994
2023-02-27,NIFTY50,25273.35,144.478668068387
2023-02-28,NIFTY50,24902.29,142.35745126992322
2023-03-01,NIFTY50,24705.34,141.23155883080972
2023-03-02,NIFTY50,24647.95,140.90348080552045
2023-03-03,NIFTY50,24772.26,141.61411644454657
2023-03-06,NIFTY50,24939.69,142.57125364221486
2023-03-07,NIFTY50,24711.86,141.26883132993652
2023-03-08,NIFTY50,24799.95,141.77241023301602
2023-03-09,NIFTY50,24297.03,138.8973971561998
2023-03-10,NIFTY50,24366.79,139.29619003029248
2023-03-13,NIFTY50,24373.18,139.3327193660931
2023-03-14,NIFTY50,24364.9,139.2853855788585
2023-03-15,NIFTY50,24298.41,138.90528612073888
2023-03-16,NIFTY50,24292.13,138.869385615445
2023-03-17,NIFTY50,24367.8,139.30196383767256
2023-03-20,NIFTY50,24713.22,141.2766059616562
2023-03-21,NIFTY50,24466.13,139.86408114428858
2023-03-22,NIFTY50,24423.14,139.61832274897256
2023-03-23,NIFTY50,24543.24,140.30489132951348
2023-03-24,NIFTY50,24542.81,140.30243317389622
2023-03-27,NIFTY50,24579.47,140.5120052318698
2023-03-28,NIFTY50,24473.33,139.90524095927523
2023-03-29,NIFTY50,24651.04,140.92114522611888
2023-03-30,NIFTY50,24227.91,138.5022629323281
2023-03-31,NIFTY50,24043.2,137.4463421786919
2023-04-03,NIFTY50,24442.96,139.73162657300523
2023-04-04,NIFTY50,24209.74,138.39839156589656
2023-04-05,NIFTY50,24048.92,137.47904136504238
2023-04-06,NIFTY50,23905.67,136.66013254603752
2023-04-07,NIFTY50,23811.3,136.12065313766414
2023-04-10,NIFTY50,23818.88,136.1639852762195
2023-04-11,NIFTY50,24041.73,137.43793871646545
2023-04-12,NIFTY50,24147.4,138.042016167804
2023-04-13,NIFTY50,24112.24,137.84101907128593
2023-04-14,NIFTY50,24471.76,139.89626583295174
2023-04-17,NIFTY50,24399.9,139.4854680128213
2023-04-18,NIFTY50,24423.04,139.61775108487552
2023-04-19,NIFTY50,24458.55,139.8207490057332
2023-04-20,NIFTY50,24640.52,140.86100616311063
2023-04-21,NIFTY50,24420.96,139.60586047165717
2023-04-24,NIFTY50,24228.6,138.50620741459764
2023-04-25,NIFTY50,24428.0,139.64610562408853
2023-04-26,NIFTY50,24799.47,141.76966624535024
2023-04-27,NIFTY50,24737.41,141.41489150672933
2023-04-28,NIFTY50,24494.8,140.02797724090897
2023-05-01,NIFTY50,24268.79,138.73595921519666
2023-05-02,NIFTY50,24487.26,139.9848737679924
2023-05-03,NIFTY50,24162.88,138.13050977002524
2023-05-04,NIFTY50,24187.03,138.26856664945956
2023-05-05,NIFTY50,24163.65,138.13491158357243
2023-05-08,NIFTY50,24041.81,137.4383960477431
2023-05-09,NIFTY50,23884.78,136.5407119161666
2023-05-10,NIFTY50,24032.77,137.386717613371
2023-05-11,NIFTY50,24197.78,138.330020539891
2023-05-12,NIFTY50,24441.85,139.7252811015281
2023-05-15,NIFTY50,24550.67,140.34736597192327
2023-05-16,NIFTY50,24563.89,140.4229399655515
2023-05-17,NIFTY50,24608.47,140.67778782001042
2023-05-18,NIFTY50,24820.77,141.891430698019
2023-05-19,NIFTY50,24487.77,139.98778925488728
2023-05-22,NIFTY50,24588.67,140.56459832879716
2023-05-23,NIFTY50,24484.16,139.96715218098427
2023-05-24,NIFTY50,24571.39,140.46581477282925
2023-05-25,NIFTY50,24376.5,139.35169861411472
2023-05-26,NIFTY50,24558.48,140.39201293790185
2023-05-29,NIFTY50,24688.69,141.1363767586531
2023-05-30,NIFTY50,24558.17,140.390240779201
2023-05-31,NIFTY50,24476.07,139.920904555534
2023-06-01,NIFTY50,24375.89,139.3482114631228
2023-06-02,NIFTY50,24398.93,139.47992287108002
2023-06-05,NIFTY50,24819.7,141.8853138921807
2023-06-06,NIFTY50,24464.63,139.85550618283304
2023-06-07,NIFTY50,24541.65,140.29580187037058
2023-06-08,NIFTY50,24640.11,140.85866234031278
2023-06-09,NIFTY50,24544.89,140.31432378711457
2023-06-12,NIFTY50,24222.32,138.4703069093038
2023-06-13,NIFTY50,24194.0,138.308411637023
2023-06-14,NIFTY50,23965.37,137.00141601196836
2023-06-15,NIFTY50,24086.29,137.69267223810496
2023-06-16,NIFTY50,23826.58,136.20800341169132
2023-06-19,NIFTY50,23828.16,136.2170357044245
2023-06-20,NIFTY50,23689.49,135.42430910106393
2023-06-21,NIFTY50,23918.57,136.73387721455526
2023-06-22,NIFTY50,24239.58,138.5689761324523
2023-06-23,NIFTY50,24179.92,138.22792133216026
2023-06-26,NIFTY50,23984.1,137.1084886973433
2023-06-27,NIFTY50,24326.44,139.06552356713823
2023-06-28,NIFTY50,24310.87,138.97651546722963
2023-06-29,NIFTY50,24385.1,139.40086172645988
2023-06-30,NIFTY50,24372.49,139.32877488382357
2023-07-03,NIFTY50,24343.08,139.16064847288513
2023-07-04,NIFTY50,24256.57,138.6661018625388
2023-07-05,NIFTY50,23895.6,136.60256597146594
2023-07-06,NIFTY50,24255.54,138.6602137223393
2023-07-07,NIFTY50,24306.47,138.95136224696003
2023-07-10,NIFTY50,24301.82,138.92477986644784
2023-07-11,NIFTY50,24498.9,140.05141546888746
2023-07-12,NIFTY50,24398.52,139.47757904828217
2023-07-13,NIFTY50,24484.15,139.9670950145746
2023-07-14,NIFTY50,24341.92,139.15401716935946
2023-07-17,NIFTY50,24284.8,138.8274826371322
2023-07-18,NIFTY50,24412.93,139.55995584466513
2023-07-19,NIFTY50,24479.6,139.94108429815938
2023-07-20,NIFTY50,24425.95,139.6343865100993
2023-07-21,NIFTY50,24584.3,140.53961660775667
2023-07-24,NIFTY50,24439.96,139.7144766500941
2023-07-25,NIFTY50,24269.21,138.7383602044042
2023-07-26,NIFTY50,24190.93,138.290861549244
2023-07-27,NIFTY50,24156.83,138.09592409215455
2023-07-28,NIFTY50,24102.63,137.78608215156072
2023-07-31,NIFTY50,24029.95,137.37059668583456
2023-08-01,NIFTY50,24219.97,138.4568728030234
2023-08-02,NIFTY50,24531.73,140.23909279194456
2023-08-03,NIFTY50,24517.19,140.15597283223545
2023-08-04,NIFTY50,24648.05,140.90405246961748
2023-08-07,NIFTY50,24511.78,140.12504580458577
2023-08-08,NIFTY50,24504.44,140.08308565986326
2023-08-09,NIFTY50,24609.34,140.68276129765462
2023-08-10,NIFTY50,24452.05,139.78359083942584
2023-08-11,NIFTY50,24614.4,140.71168750096467
2023-08-14,NIFTY50,24479.93,139.94297078967963
2023-08-15,NIFTY50,24697.29,141.18553987099827
2023-08-16,NIFTY50,24881.56,142.23894530260753
2023-08-17,NIFTY50,25121.88,143.61276846060576
2023-08-18,NIFTY50,25345.46,144.89089504876006
2023-08-21,NIFTY50,25762.06,147.27244767701436
2023-08-22,NIFTY50,25881.66,147.95615793707006
2023-08-23,NIFTY50,25589.02,146.2832401235023
2023-08-24,NIFTY50,25628.24,146.50744678236006
2023-08-25,NIFTY50,25544.53,146.02890676673073
2023-08-28,NIFTY50,25272.65,144.47466641970777
2023-08-29,NIFTY50,25550.86,146.06509310407316
2023-08-30,NIFTY50,25499.01,145.76868526975971
2023-08-31,NIFTY50,25201.62,144.0686134115827
2023-09-01,NIFTY50,25080.84,143.37815751518198
2023-09-04,NIFTY50,25562.58,146.13209213624586
2023-09-05,NIFTY50,25862.75,147.84805625632046
2023-09-06,NIFTY50,26030.1,148.80473612271112
2023-09-07,NIFTY50,26177.37,149.64662583841684
2023-09-08,NIFTY50,25996.8,148.61437197839794
2023-09-11,NIFTY50,25801.55,147.49819782893408
2023-09-12,NIFTY50,25932.07,148.2443338083862
2023-09-13,NIFTY50,26284.12,150.25687726200337
2023-09-14,NIFTY50,26078.66,149.08233620823205
2023-09-15,NIFTY50,26070.46,149.03545975227505
2023-09-18,NIFTY50,26132.96,149.39274981292291
2023-09-19,NIFTY50,26042.52,148.87573680356306
2023-09-20,NIFTY50,26017.43,148.7323062816166
2023-09-21,NIFTY50,25811.49,147.5550212401795
2023-09-22,NIFTY50,25889.16,147.9990327443478
2023-09-25,NIFTY50,25938.06,148.2785764877987
2023-09-26,NIFTY50,26081.71,149.0997719631917
2023-09-27,NIFTY50,26050.54,148.9215842641454
2023-09-28,NIFTY50,26215.53,149.864772857846
2023-09-29,NIFTY50,26300.87,150.35263099825698
2023-10-02,NIFTY50,26580.95,151.95374780123697
2023-10-03,NIFTY50,26535.97,151.69661329038993
2023-10-04,NIFTY50,26754.38,152.94518484472746
2023-10-05,NIFTY50,26718.02,152.73732777904496
2023-10-06,NIFTY50,26871.56,153.61506083363489
2023-10-09,NIFTY50,27178.46,155.36949794744004
2023-10-10,NIFTY50,27454.29,156.94631902629595
2023-10-11,NIFTY50,27421.55,156.75915620092618
2023-10-12,NIFTY50,27316.77,156.16016656005132
2023-10-13,NIFTY50,27547.99,157.48196828521924
2023-10-16,NIFTY50,27458.95,156.97295857321788
2023-10-17,NIFTY50,27695.63,158.325973158084
2023-10-18,NIFTY50,27438.97,156.85874008662998
2023-10-19,NIFTY50,27558.75,157.54347934206035
2023-10-20,NIFTY50,27488.86,157.1439433046415
2023-10-23,NIFTY50,27129.29,155.08841071092718
2023-10-24,NIFTY50,26970.7,154.1818086194369
2023-10-25,NIFTY50,26898.16,153.7671234834466
2023-10-26,NIFTY50,27338.5,156.28438916833736
2023-10-27,NIFTY50,26688.69,152.56965869938412
2023-10-30,NIFTY50,26628.7,152.22671740757193
2023-10-31,NIFTY50,26565.37,151.86468253491864
2023-11-01,NIFTY50,26367.72,150.73478844712594
2023-11-02,NIFTY50,26296.57,150.32804944208442
2023-11-03,NIFTY50,26277.25,150.21760393853697
2023-11-06,NIFTY50,26145.92,149.46683747989883
2023-11-07,NIFTY50,26235.04,149.97630452317782
2023-11-08,NIFTY50,26589.74,152.00399707536647
2023-11-09,NIFTY50,26591.61,152.01468719398105
2023-11-10,NIFTY50,26455.11,151.23436570152617
2023-11-13,NIFTY50,26443.9,151.17028215624836
2023-11-14,NIFTY50,26381.22,150.81196310022585
2023-11-15,NIFTY50,26631.91,152.24506782508678
2023-11-16,NIFTY50,26543.49,151.73960243048708
2023-11-17,NIFTY50,26662.35,152.4190823762247
2023-11-20,NIFTY50,26738.23,152.85286109305605
2023-11-21,NIFTY50,26774.36,153.05940333131537
2023-11-22,NIFTY50,26539.03,151.71410621175923
2023-11-23,NIFTY50,26418.44,151.02473647714285
2023-11-24,NIFTY50,26389.86,150.86135487820982
2023-11-27,NIFTY50,26146.25,149.46872397141908
2023-11-28,NIFTY50,25949.67,148.34494668946462
2023-11-29,NIFTY50,25860.22,147.83359315466544
2023-11-30,NIFTY50,25945.06,148.31859297459124
2023-12-01,NIFTY50,26258.49,150.1103597539329
2023-12-04,NIFTY50,26328.55,150.5108676203167
2023-12-05,NIFTY50,26368.49,150.7391902606731
2023-12-06,NIFTY50,26396.12,150.8971410506843
2023-12-07,NIFTY50,26335.04,150.5479686202144
2023-12-08,NIFTY50,26327.03,150.50217832604173
2023-12-11,NIFTY50,26461.37,151.27015187400065
2023-12-12,NIFTY50,26679.91,152.51946659166433
2023-12-13,NIFTY50,26164.46,149.57282400348944
2023-12-14,NIFTY50,26332.05,150.530875863713
2023-12-15,NIFTY50,26281.12,150.23972733909227
2023-12-18,NIFTY50,26400.34,150.92126527557926
2023-12-19,NIFTY50,26490.99,151.4394787795429
2023-12-20,NIFTY50,26475.03,151.34824118965585
2023-12-21,NIFTY50,26601.9,152.07351142956614
2023-12-22,NIFTY50,26676.81,152.50174500465621
2023-12-25,NIFTY50,26681.28,152.52729838979374
2023-12-26,NIFTY50,26670.1,152.46338634374504
2023-12-27,NIFTY50,26467.95,151.30776737158567
2023-12-28,NIFTY50,26483.66,151.3975758012301
2023-12-29,NIFTY50,26067.8,149.02025348729387
2024-01-01,NIFTY50,26141.77,149.44311341987185
2024-01-02,NIFTY50,26315.16,150.43432179772353
2024-01-03,NIFTY50,26017.19,148.7309342877837
2024-01-04,NIFTY50,25970.63,148.4647674842035
2024-01-05,NIFTY50,26286.8,150.27219785980395
2024-01-08,NIFTY50,26773.66,153.0554016826361
2024-01-09,NIFTY50,26765.23,153.0072103992559
2024-01-10,NIFTY50,26791.68,153.1584155529221
2024-01-11,NIFTY50,26788.79,153.14189446051773
2024-01-12,NIFTY50,26834.61,153.4038309497799
2024-01-15,NIFTY50,27120.42,155.03770410552002
2024-01-16,NIFTY50,27134.09,155.11585058758493
2024-01-17,NIFTY50,26843.83,153.45653837952668
2024-01-18,NIFTY50,26913.23,153.85327326287
2024-01-19,NIFTY50,26841.32,153.44218961069103
2024-01-22,NIFTY50,26608.94,152.11375658199748
2024-01-23,NIFTY50,26378.65,150.79727133293204
2024-01-24,NIFTY50,26367.44,150.7331877876542
2024-01-25,NIFTY50,26515.75,151.5810228099691
2024-01-26,NIFTY50,26652.74,152.3641454564995
2024-01-29,NIFTY50,26930.04,153.94936999758187
2024-01-30,NIFTY50,26776.38,153.0709509460755
2024-01-31,NIFTY50,26708.12,152.68073303343834
2024-02-01,NIFTY50,26860.26,153.55046279066974
2024-02-02,NIFTY50,27032.14,154.53303904065615
2024-02-05,NIFTY50,26929.88,153.94845533502658
2024-02-06,NIFTY50,26791.56,153.15772955600565
2024-02-07,NIFTY50,26907.95,153.82308939854647
2024-02-08,NIFTY50,27115.31,155.00849207016148
2024-02-09,NIFTY50,27075.51,154.7809697595409
2024-02-12,NIFTY50,27190.52,155.43844063754267
2024-02-13,NIFTY50,27204.1,155.51607262192022
2024-02-14,NIFTY50,27072.21,154.76210484433872
2024-02-15,NIFTY50,27248.68,155.77092047637913
2024-02-16,NIFTY50,27210.95,155.55523161256724
2024-02-19,NIFTY50,26888.11,153.70967124169442
2024-02-20,NIFTY50,26756.34,152.95638946102937
2024-02-21,NIFTY50,26280.57,150.23658318655856
2024-02-22,NIFTY50,26881.8,153.6735992371714
2024-02-23,NIFTY50,27182.27,155.39127834953715
2024-02-26,NIFTY50,26902.93,153.79439186087524
2024-02-27,NIFTY50,26786.05,153.12623086425893
2024-02-28,NIFTY50,26848.24,153.48174876620598
2024-02-29,NIFTY50,27215.19,155.57947017028158
2024-03-01,NIFTY50,27390.12,156.5794821752276
2024-03-04,NIFTY50,27452.76,156.9375725656113
2024-03-05,NIFTY50,27333.8,156.25752095577664
2024-03-06,NIFTY50,27454.14,156.9454615301504
2024-03-07,NIFTY50,27565.91,157.58441049140816
2024-03-08,NIFTY50,27586.79,157.7037739548694
2024-03-11,NIFTY50,27581.92,157.67593391334373
2024-03-12,NIFTY50,27494.21,157.17452733383294
2024-03-13,NIFTY50,27798.72,158.91530167571898
2024-03-14,NIFTY50,27429.35,156.80374600049504
2024-03-15,NIFTY50,27511.84,157.2753117141405
2024-03-18,NIFTY50,27528.73,157.37186578012998
2024-03-19,NIFTY50,27101.41,154.92903076067338
2024-03-20,NIFTY50,27030.46,154.52343508382594
2024-03-21,NIFTY50,26818.59,153.31225036143462
2024-03-22,NIFTY50,26605.43,152.0936911721915
2024-03-25,NIFTY50,26447.91,151.19320588653952
2024-03-26,NIFTY50,26731.68,152.81541709470014
2024-03-27,NIFTY50,26731.44,152.81404510086725
2024-03-28,NIFTY50,26907.86,153.82257490085917
2024-03-29,NIFTY50,26656.93,152.38809818216532
2024-04-01,NIFTY50,26534.7,151.68935315635756
2024-04-02,NIFTY50,26455.04,151.23396553665825
2024-04-03,NIFTY50,26502.3,151.50413398891772
2024-04-04,NIFTY50,26630.64,152.23780769105443
2024-04-05,NIFTY50,26702.49,152.64854834477518
2024-04-08,NIFTY50,26539.12,151.71462070944656
2024-04-09,NIFTY50,26713.2,152.7097735695678
2024-04-10,NIFTY50,26592.91,152.02211882724254
2024-04-11,NIFTY50,26663.65,152.4265140094862
2024-04-12,NIFTY50,26377.86,150.79275518656544
2024-04-15,NIFTY50,26335.16,150.54865461713084
2024-04-16,NIFTY50,26459.58,151.25991908666373
2024-04-17,NIFTY50,26494.47,151.45937269011975
2024-04-18,NIFTY50,26330.15,150.5200142458693
2024-04-19,NIFTY50,26459.88,151.2616340789548
2024-04-22,NIFTY50,26304.4,150.3728107408824
2024-04-23,NIFTY50,25943.01,148.30687386060197
2024-04-24,NIFTY50,26175.88,149.638108043371
2024-04-25,NIFTY50,25974.02,148.484146897093
2024-04-26,NIFTY50,26154.9,149.51817291581276
2024-04-29,NIFTY50,26116.62,149.29933989946713
2024-04-30,NIFTY50,26267.55,150.16215252112443
2024-05-01,NIFTY50,26111.64,149.27087102743474
2024-05-02,NIFTY50,26307.62,150.39121832480694
2024-05-03,NIFTY50,26202.91,149.79262884879998
2024-05-06,NIFTY50,26156.68,149.52834853674
2024-05-07,NIFTY50,25711.25,146.98198514931008
2024-05-08,NIFTY50,25384.42,145.1136153809655
2024-05-09,NIFTY50,25554.67,146.08687350617024
2024-05-10,NIFTY50,25427.66,145.36080293652412
2024-05-13,NIFTY50,25034.38,143.1125623756988
2024-05-14,NIFTY50,24918.63,142.45086118337898
2024-05-15,NIFTY50,25040.63,143.14829138176356
2024-05-16,NIFTY50,24808.29,141.82008701870885
2024-05-17,NIFTY50,25031.62,143.09678444662057
2024-05-20,NIFTY50,24930.84,142.52066136962713
2024-05-21,NIFTY50,24864.19,142.13964724895226
2024-05-22,NIFTY50,24718.66,141.30770448853497
2024-05-23,NIFTY50,24352.62,139.21518522774238
2024-05-24,NIFTY50,24302.31,138.92758102052332
2024-05-27,NIFTY50,24294.5,138.88293405454476
2024-05-28,NIFTY50,24377.48,139.3573009222657
2024-05-29,NIFTY50,24232.85,138.5305031387217
2024-05-30,NIFTY50,23918.07,136.73101889407008
2024-05-31,NIFTY50,24263.56,138.70606118292164
2024-06-03,NIFTY50,24306.96,138.95416340103552
2024-06-04,NIFTY50,24298.76,138.9072869450785
2024-06-05,NIFTY50,24515.94,140.14882703102248
2024-06-06,NIFTY50,24327.82,139.07341253167732
2024-06-07,NIFTY50,24108.83,137.821525325577
2024-06-10,NIFTY50,24240.59,138.57474993983234
2024-06-11,NIFTY50,24606.36,140.66572570756296
2024-06-12,NIFTY50,24329.59,139.0835309861949
2024-06-13,NIFTY50,24328.14,139.07524185678784
2024-06-14,NIFTY50,24400.26,139.4875260035706
2024-06-17,NIFTY50,24493.03,140.0178587863914
2024-06-18,NIFTY50,24433.08,139.67514616021802
2024-06-19,NIFTY50,24251.6,138.63769015691608
2024-06-20,NIFTY50,23845.04,136.31353260400428
2024-06-21,NIFTY50,24242.12,138.583496400517
2024-06-24,NIFTY50,24562.63,140.41573699792886
2024-06-25,NIFTY50,24429.47,139.654509086315
2024-06-26,NIFTY50,24432.48,139.6717161756358
2024-06-27,NIFTY50,24309.96,138.9713133239466
2024-06-28,NIFTY50,24249.42,138.62522787960066
2024-07-01,NIFTY50,24219.76,138.45567230841962
2024-07-02,NIFTY50,23978.71,137.07767600251302
2024-07-03,NIFTY50,23963.28,136.98946823234027
2024-07-04,NIFTY50,23984.4,137.11020368963443
2024-07-05,NIFTY50,23663.37,135.27499043891797
2024-07-08,NIFTY50,23523.06,134.472888544366
2024-07-09,NIFTY50,23252.67,132.92716599238886
2024-07-10,NIFTY50,23052.9,131.78515262573896
2024-07-11,NIFTY50,23007.05,131.5230446372477
2024-07-12,NIFTY50,22976.94,131.35091657762996
2024-07-15,NIFTY50,22948.31,131.1872491466484
2024-07-16,NIFTY50,23344.22,133.45052447322584
2024-07-17,NIFTY50,23403.7,133.79055027814317
2024-07-18,NIFTY50,23477.72,134.2136960427696
2024-07-19,NIFTY50,23500.87,134.34603628123355
2024-07-22,NIFTY50,23225.61,132.77247368773078
2024-07-23,NIFTY50,23202.96,132.64299176975197
2024-07-24,NIFTY50,23204.79,132.65345322272776
2024-07-25,NIFTY50,23346.45,133.46327258258975
2024-07-26,NIFTY50,23136.57,132.26346397572942
2024-07-29,NIFTY50,23030.51,131.65715703441245
2024-07-30,NIFTY50,22827.69,130.4977079128029
2024-07-31,NIFTY50,22704.38,129.79278891474718
2024-08-01,NIFTY50,22650.66,129.48569096181913
2024-08-02,NIFTY50,22431.03,128.23014510549774
2024-08-05,NIFTY50,22584.78,129.10907865469144
2024-08-06,NIFTY50,22404.45,128.07819678850544
2024-08-07,NIFTY50,22532.78,128.81181332423245
2024-08-08,NIFTY50,22452.13,128.35076622997246
2024-08-09,NIFTY50,22367.52,127.86708123746983
2024-08-12,NIFTY50,22526.84,128.77785647686846
2024-08-13,NIFTY50,22647.1,129.46533971996462
2024-08-14,NIFTY50,22735.91,129.97303460454276
2024-08-15,NIFTY50,22420.47,128.1697773768507
2024-08-16,NIFTY50,22650.74,129.48614829309676
2024-08-19,NIFTY50,22929.48,131.07960479717642
2024-08-20,NIFTY50,22884.85,130.824471110669
2024-08-21,NIFTY50,22709.62,129.82274411343187
2024-08-22,NIFTY50,22490.05,128.5675412555687
2024-08-23,NIFTY50,22439.05,128.27599256608008
2024-08-26,NIFTY50,22243.53,127.1582749235542
2024-08-27,NIFTY50,22207.46,126.95207568375312
2024-08-28,NIFTY50,22110.53,126.39796167449559
2024-08-29,NIFTY50,21873.88,125.0451185888586
2024-08-30,NIFTY50,21757.43,124.37941574785954
2024-09-02,NIFTY50,21776.98,124.49117607883018
2024-09-03,NIFTY50,21618.96,123.58783247269302
2024-09-04,NIFTY50,21560.82,123.25546696667598
2024-09-05,NIFTY50,21723.49,124.18539295332533
2024-09-06,NIFTY50,21594.36,123.44720310482205
2024-09-09,NIFTY50,21435.0,122.5361991997846
2024-09-10,NIFTY50,21460.45,122.6816877124804
2024-09-11,NIFTY50,21670.03,123.8797813270496
2024-09-12,NIFTY50,21751.37,124.34477290357913
2024-09-13,NIFTY50,21636.51,123.68815952172294
2024-09-16,NIFTY50,21521.66,123.03160330627647
2024-09-17,NIFTY50,21440.2,122.5659257328305
2024-09-18,NIFTY50,21386.9,122.26122876911
2024-09-19,NIFTY50,21833.13,124.81216546931621
2024-09-20,NIFTY50,21860.06,124.96611461064815
2024-09-23,NIFTY50,22193.05,126.86969888737016
2024-09-24,NIFTY50,22353.15,127.7849331067257
2024-09-25,NIFTY50,21904.89,125.22239162534963
2024-09-26,NIFTY50,21823.42,124.75665688549395
2024-09-27,NIFTY50,21820.83,124.74185078538072
2024-09-30,NIFTY50,21860.32,124.96760093730043
2024-10-01,NIFTY50,21882.13,125.09228087686412
2024-10-02,NIFTY50,21585.33,123.39558183685966
2024-10-03,NIFTY50,21285.85,121.68356219905456
2024-10-04,NIFTY50,21287.69,121.69408081844004
2024-10-07,NIFTY50,21226.63,121.34502272078953
2024-10-08,NIFTY50,21458.83,122.67242675410841
2024-10-09,NIFTY50,21469.47,122.7332518140331
2024-10-10,NIFTY50,21614.9,123.56462291035335
2024-10-11,NIFTY50,21740.08,124.28023202702371
2024-10-14,NIFTY50,21737.68,124.26651208869481
2024-10-15,NIFTY50,21945.12,125.45237209158743
2024-10-16,NIFTY50,21871.8,125.03322797564024
2024-10-17,NIFTY50,21872.35,125.03637212817394
2024-10-18,NIFTY50,21894.68,125.1640247210422
2024-10-21,NIFTY50,21753.58,124.35740668012365
2024-10-22,NIFTY50,21557.84,123.2384313765843
2024-10-23,NIFTY50,21341.42,122.00123593777778
2024-10-24,NIFTY50,21169.13,121.01631586499353
2024-10-25,NIFTY50,21155.33,120.93742621960249
2024-10-28,NIFTY50,21218.4,121.29797476560343
2024-10-29,NIFTY50,21010.6,120.11005677196147
2024-10-30,NIFTY50,21029.77,120.21964477936338
2024-10-31,NIFTY50,20995.61,120.02436432381569
2024-11-01,NIFTY50,21165.71,120.99676495287486
2024-11-04,NIFTY50,21088.33,120.55441127458799
2024-11-05,NIFTY50,21373.95,122.18719826854378
2024-11-06,NIFTY50,21517.91,123.0101659026376
2024-11-07,NIFTY50,21469.52,122.73353764608161
2024-11-08,NIFTY50,21383.49,122.24173502340108
2024-11-11,NIFTY50,21549.43,123.1903544260235
2024-11-12,NIFTY50,21500.74,122.91201117717642
2024-11-13,NIFTY50,21517.68,123.00885107521442
2024-11-14,NIFTY50,21438.01,122.55340628910538
2024-11-15,NIFTY50,21350.68,122.05417203316338
2024-11-18,NIFTY50,21147.94,120.89518024283146
2024-11-19,NIFTY50,21396.52,122.31622285524493
2024-11-20,NIFTY50,21337.55,121.97911253722246
2024-11-21,NIFTY50,21371.25,122.17176333792379
2024-11-22,NIFTY50,21467.6,122.7225616954185
2024-11-25,NIFTY50,21717.8,124.15286526620395
2024-11-26,NIFTY50,21628.92,123.64477021675786
2024-11-27,NIFTY50,21234.91,121.39235650802416
2024-11-28,NIFTY50,21260.85,121.54064617479543
2024-11-29,NIFTY50,21358.1,122.09658950916346
2024-12-02,NIFTY50,21273.83,121.61484817459079
2024-12-03,NIFTY50,21379.73,122.22024045335249
2024-12-04,NIFTY50,21390.01,122.27900752252782
2024-12-05,NIFTY50,21338.71,121.9857438407481
2024-12-06,NIFTY50,21582.0,123.37654542242834
2024-12-09,NIFTY50,21535.65,123.1115791134519
2024-12-10,NIFTY50,21840.26,124.85292511943491
2024-12-11,NIFTY50,21856.57,124.94616353366158
2024-12-12,NIFTY50,21718.53,124.15703841411232
2024-12-13,NIFTY50,21392.39,122.29261312803732
2024-12-16,NIFTY50,21612.32,123.5498739766498
2024-12-17,NIFTY50,21792.31,124.5788121849059
2024-12-18,NIFTY50,21945.2,125.45282942286508
2024-12-19,NIFTY50,22187.83,126.83985802150485
2024-12-20,NIFTY50,22527.48,128.78151512708948
2024-12-23,NIFTY50,22146.78,126.60518990967134
2024-12-24,NIFTY50,21838.5,124.84286383132708
2024-12-25,NIFTY50,21798.66,124.61511285506771
2024-12-26,NIFTY50,21984.51,125.67755057941012
2024-12-27,NIFTY50,22047.05,126.0350693056968
2024-12-30,NIFTY50,22110.15,126.39578935092688
2024-12-31,NIFTY50,22040.14,125.99556731659156
2025-01-01,NIFTY50,21898.36,125.18506195981315
2025-01-02,NIFTY50,21891.34,125.14493114020118
2025-01-03,NIFTY50,21856.17,124.94387687727342
2025-01-06,NIFTY50,21786.26,124.54422650703516
2025-01-07,NIFTY50,21909.21,125.24708751434162
2025-01-08,NIFTY50,21917.86,125.29653645873529
2025-01-09,NIFTY50,22007.87,125.81109131247787
2025-01-10,NIFTY50,21998.22,125.75592572711385
2025-01-13,NIFTY50,22132.75,126.52498543685712
2025-01-14,NIFTY50,21943.93,125.4455692888327
2025-01-15,NIFTY50,21701.58,124.06014134966463
2025-01-16,NIFTY50,21652.11,123.77733912086065
2025-01-17,NIFTY50,21798.48,124.61408385969304
2025-01-20,NIFTY50,21744.26,124.30412758627982
2025-01-21,NIFTY50,22120.01,126.45215543089465
2025-01-22,NIFTY50,21946.64,125.4610613858624
2025-01-23,NIFTY50,21922.3,125.3219183446437
2025-01-24,NIFTY50,21605.35,123.51002898908634
2025-01-27,NIFTY50,21878.84,125.07347312807163
2025-01-28,NIFTY50,21867.68,125.00967541484233
2025-01-29,NIFTY50,21460.36,122.68117321479306
2025-01-30,NIFTY50,21415.14,122.42266671011312
2025-01-31,NIFTY50,20978.61,119.92718142731948
2025-02-03,NIFTY50,21199.23,121.18838675820152
2025-02-04,NIFTY50,21051.69,120.34495354943377
2025-02-05,NIFTY50,21068.72,120.44230794515911
2025-02-06,NIFTY50,20951.31,119.77111712882851
2025-02-07,NIFTY50,20926.99,119.63208842042923
2025-02-10,NIFTY50,21075.16,120.47912311300826
2025-02-11,NIFTY50,21015.32,120.13703931734159
2025-02-12,NIFTY50,21121.5,120.744032255575
2025-02-13,NIFTY50,20650.3,118.05035103033879
2025-02-14,NIFTY50,20445.87,116.88169811676697
2025-02-17,NIFTY50,20464.36,116.98739880830902
2025-02-18,NIFTY50,20353.97,116.35633881159038
2025-02-19,NIFTY50,20560.37,117.5362535078738
2025-02-20,NIFTY50,20711.63,118.4009526210513
2025-02-21,NIFTY50,20954.15,119.78735238918435
2025-02-24,NIFTY50,20981.05,119.94113003128717
2025-02-25,NIFTY50,20863.63,119.26988204854685
2025-02-26,NIFTY50,20978.52,119.92666692963215
2025-02-27,NIFTY50,20808.01,118.95192247777511
2025-02-28,NIFTY50,20768.48,118.72594366021659
2025-03-03,NIFTY50,20847.94,119.1801879517218
2025-03-04,NIFTY50,20737.75,118.55027128319723
2025-03-05,NIFTY50,21157.49,120.94977416409847
2025-03-06,NIFTY50,21292.87,121.72369301866655
2025-03-07,NIFTY50,21143.25,120.86836919668045
2025-03-10,NIFTY50,21319.95,121.87849965614403
2025-03-11,NIFTY50,21617.26,123.57811418304341
2025-03-12,NIFTY50,21362.09,122.11939890663524
2025-03-13,NIFTY50,21597.43,123.46475319260107
2025-03-14,NIFTY50,21385.56,122.25356847020971
2025-03-17,NIFTY50,21394.22,122.30307458101308
2025-03-18,NIFTY50,21435.1,122.53677086388161
2025-03-19,NIFTY50,21329.91,121.93543740020887
2025-03-20,NIFTY50,21224.67,121.3338181044876
2025-03-21,NIFTY50,21086.44,120.543606823154
2025-03-24,NIFTY50,21003.35,120.0686111249263
2025-03-25,NIFTY50,20842.98,119.15183341250881
2025-03-26,NIFTY50,21043.85,120.30013508422613
2025-03-27,NIFTY50,20801.86,118.91676513580738
2025-03-28,NIFTY50,21120.45,120.73802978255613
2025-03-31,NIFTY50,21107.42,120.66354195071224
2025-04-01,NIFTY50,20758.3,118.66774825513824
2025-04-02,NIFTY50,20900.04,119.47802494627786
2025-04-03,NIFTY50,20843.6,119.15537772991043
2025-04-04,NIFTY50,20650.82,118.05332368364336
2025-04-07,NIFTY50,20602.99,117.7798967460308
2025-04-08,NIFTY50,20482.53,117.09127017474054
2025-04-09,NIFTY50,20709.48,118.38866184296502
2025-04-10,NIFTY50,20587.3,117.69020264920576
2025-04-11,NIFTY50,20374.92,116.47610243991953
2025-04-14,NIFTY50,20266.64,115.85710455564835
2025-04-15,NIFTY50,20112.15,114.9739406921366
2025-04-16,NIFTY50,20300.03,116.04798319764885
2025-04-17,NIFTY50,20343.18,116.29465625552014
2025-04-18,NIFTY50,20109.89,114.96102108354356
2025-04-21,NIFTY50,19946.22,114.02537845592384
2025-04-22,NIFTY50,19883.09,113.66448691146466
2025-04-23,NIFTY50,19594.65,112.01557898997245
2025-04-24,NIFTY50,19426.95,111.05689829924215
2025-04-25,NIFTY50,19487.87,111.4051560671568
2025-04-28,NIFTY50,19789.04,113.12683682820179
2025-04-29,NIFTY50,19502.75,111.49021968479585
2025-04-30,NIFTY50,19952.62,114.06196495813417
2025-05-01,NIFTY50,20023.5,114.46716047011367
2025-05-02,NIFTY50,19847.79,113.46268948521076
2025-05-05,NIFTY50,20107.16,114.94541465369446
2025-05-06,NIFTY50,20185.78,115.3948569667846
2025-05-07,NIFTY50,20335.79,116.25241027874912
2025-05-08,NIFTY50,20483.46,117.096586650843
2025-05-09,NIFTY50,20674.47,118.18852224259253
2025-05-12,NIFTY50,20473.51,117.03970607318786
2025-05-13,NIFTY50,20619.09,117.87193466565367
2025-05-14,NIFTY50,20637.93,117.97963618153535
2025-05-15,NIFTY50,20746.22,118.59869123221625
2025-05-16,NIFTY50,20641.62,118.000730586716
2025-05-19,NIFTY50,20542.34,117.43318247117811
2025-05-20,NIFTY50,20454.84,116.93297638627114
2025-05-21,NIFTY50,20587.5,117.69134597739983
2025-05-22,NIFTY50,20583.11,117.66624992353994
2025-05-23,NIFTY50,20502.19,117.20365933621795
2025-05-26,NIFTY50,20455.39,116.93612053880484
2025-05-27,NIFTY50,20675.83,118.19629687431221
2025-05-28,NIFTY50,20769.54,118.73200329964517
2025-05-29,NIFTY50,20857.58,119.23529637067615
2025-05-30,NIFTY50,20913.08,119.55256994453143
2025-06-02,NIFTY50,21107.5,120.6639992819899
2025-06-03,NIFTY50,20935.42,119.68027970380939
2025-06-04,NIFTY50,21097.91,120.60917669508409
2025-06-05,NIFTY50,21121.17,120.74214576405478
2025-06-06,NIFTY50,20970.41,119.88030497136248
2025-06-09,NIFTY50,20977.09,119.91849213304452
2025-06-10,NIFTY50,20939.94,119.70611892099544
2025-06-11,NIFTY50,21008.55,120.09833765797222
2025-06-12,NIFTY50,21174.14,121.04495623625505
2025-06-13,NIFTY50,20989.16,119.98749198955683
2025-06-16,NIFTY50,21296.6,121.745016089486
2025-06-17,NIFTY50,21015.5,120.13806831271626
2025-06-18,NIFTY50,20898.4,119.46864965508648
2025-06-19,NIFTY50,21248.57,121.47044582367934
2025-06-20,NIFTY50,21001.73,120.05935016655434
2025-06-23,NIFTY50,20910.16,119.53587735289797
2025-06-24,NIFTY50,20787.22,118.83307351200123
2025-06-25,NIFTY50,20389.07,116.5569929096502
2025-06-26,NIFTY50,20380.39,116.50737246602742
2025-06-27,NIFTY50,20464.36,116.98739880830902
2025-06-30,NIFTY50,20548.17,117.46651048803534
2025-07-01,NIFTY50,20458.04,116.95126963737633
2025-07-02,NIFTY50,20138.08,115.12217319249818
2025-07-03,NIFTY50,20032.04,114.51598058400062
2025-07-04,NIFTY50,19892.88,113.72045282656455
2025-07-07,NIFTY50,19942.66,114.00502721406933
2025-07-08,NIFTY50,19857.84,113.52014172696295
2025-07-09,NIFTY50,19930.69,113.93659902165405
2025-07-10,NIFTY50,19624.86,112.18827871368717
2025-07-11,NIFTY50,19732.14,112.80155995698797
2025-07-14,NIFTY50,19820.07,113.30422419751223
2025-07-15,NIFTY50,19646.82,112.31381614939639
2025-07-16,NIFTY50,19535.62,111.67812567349176
2025-07-17,NIFTY50,19487.91,111.40538473279562
2025-07-18,NIFTY50,19665.12,112.41843067915408
2025-07-21,NIFTY50,19621.67,112.17004262899171
2025-07-22,NIFTY50,19679.59,112.50115047399527
2025-07-23,NIFTY50,19683.16,112.52155888225947
2025-07-24,NIFTY50,19834.61,113.38734415722134
2025-07-25,NIFTY50,19866.08,113.56724684855874
2025-07-28,NIFTY50,19669.27,112.4421547391811
2025-07-29,NIFTY50,19631.76,112.22772353638268
2025-07-30,NIFTY50,19798.35,113.18005875563588
2025-07-31,NIFTY50,19856.06,113.5099661060357
2025-08-01,NIFTY50,19663.19,112.40739756208127
2025-08-04,NIFTY50,19956.72,114.08540318611269
2025-08-05,NIFTY50,19863.21,113.55084008897379
2025-08-06,NIFTY50,20020.43,114.44961038233465
2025-08-07,NIFTY50,20259.68,115.8173167344946
2025-08-08,NIFTY50,20442.73,116.86374786412001
2025-08-11,NIFTY50,20302.52,116.06221763366507
2025-08-12,NIFTY50,20492.23,117.14672159215309
2025-08-13,NIFTY50,20540.34,117.42174918923737
2025-08-14,NIFTY50,20327.49,116.2049621586951
2025-08-15,NIFTY50,20321.95,116.17329196771927
2025-08-18,NIFTY50,20165.11,115.27669399792715
2025-08-19,NIFTY50,20238.79,115.69789610462367
2025-08-20,NIFTY50,20379.02,116.49954066789803
2025-08-21,NIFTY50,20577.01,117.63137841362068
2025-08-22,NIFTY50,20573.44,117.61097000535648
2025-08-25,NIFTY50,20428.68,116.78342905848638
2025-08-26,NIFTY50,20237.5,115.6905216377719
2025-08-27,NIFTY50,20359.35,116.38709434001093
2025-08-28,NIFTY50,20531.62,117.3719000799758
2025-08-29,NIFTY50,20633.24,117.95282513538434
2025-09-01,NIFTY50,20498.69,117.18365109282165
2025-09-02,NIFTY50,20400.89,116.6245636059199
2025-09-03,NIFTY50,20314.81,116.13247515119087
2025-09-04,NIFTY50,20075.62,114.76511179748911
2025-09-05,NIFTY50,20167.91,115.29270059264417
2025-09-08,NIFTY50,20153.66,115.21123845881644
2025-09-09,NIFTY50,20400.72,116.62359177695495
2025-09-10,NIFTY50,20248.26,115.75203269461302
2025-09-11,NIFTY50,20233.43,115.66725490902252
2025-09-12,NIFTY50,20037.29,114.54599294909502
2025-09-15,NIFTY50,19984.15,114.24221064792981
2025-09-16,NIFTY50,20123.23,115.03728107408824
2025-09-17,NIFTY50,20141.99,115.1445252586923
2025-09-18,NIFTY50,19992.62,114.2906305969488
2025-09-19,NIFTY50,19758.05,112.94967812453017
2025-09-22,NIFTY50,19713.28,112.6937441082869
2025-09-23,NIFTY50,19755.9,112.93738734644387
2025-09-24,NIFTY50,19898.51,113.75263751522769
2025-09-25,NIFTY50,19786.63,113.11305972346321
2025-09-26,NIFTY50,19671.28,112.45364518753154
2025-09-29,NIFTY50,20025.86,114.48065174280376
2025-09-30,NIFTY50,20031.45,114.51260776582811
2025-10-01,NIFTY50,20198.11,115.4653431499492
2025-10-02,NIFTY50,19999.37,114.32921792349875
2025-10-03,NIFTY50,20061.7,114.68553615518164
2025-10-06,NIFTY50,20192.97,115.43595961536153
2025-10-07,NIFTY50,20212.15,115.54560478917315
2025-10-08,NIFTY50,19935.59,113.96461056240885
2025-10-09,NIFTY50,19797.34,113.1742849482558
2025-10-10,NIFTY50,19866.46,113.56941917212748
2025-10-13,NIFTY50,19617.49,112.1461470697356
2025-10-14,NIFTY50,20038.2,114.55119509237805
2025-10-15,NIFTY50,20235.74,115.68046034966406
2025-10-16,NIFTY50,19997.05,114.31595531644751
2025-10-17,NIFTY50,20049.63,114.61653629866935
2025-10-20,NIFTY50,20071.64,114.74235956642707
2025-10-21,NIFTY50,20261.08,115.82532003185312
2025-10-22,NIFTY50,19860.45,113.53506215989559
2025-10-23,NIFTY50,19897.55,113.74714953989613
2025-10-24,NIFTY50,19712.01,112.68648397425451
2025-10-27,NIFTY50,19792.4,113.14604474186223
2025-10-28,NIFTY50,19626.23,112.19611051181657
2025-10-29,NIFTY50,19856.98,113.51522541572841
2025-10-30,NIFTY50,19916.8,113.85719487857568
2025-10-31,NIFTY50,19634.35,112.24252963649595
2025-11-03,NIFTY50,19237.47,109.97370916817728
2025-11-04,NIFTY50,19325.33,110.47597324383361
2025-11-05,NIFTY50,19224.82,109.90139365990217
2025-11-06,NIFTY50,19324.55,110.47151426387671
2025-11-07,NIFTY50,19229.58,109.9286048709211
2025-11-10,NIFTY50,19429.29,111.07027523911279
2025-11-11,NIFTY50,19599.87,112.04541985583774
2025-11-12,NIFTY50,19678.69,112.49600549712196
2025-11-13,NIFTY50,19543.62,111.72385880125468
2025-11-14,NIFTY50,19459.3,111.24183163463346
2025-11-17,NIFTY50,19427.32,111.05901345640117
2025-11-18,NIFTY50,19270.2,110.16081482713736
2025-11-19,NIFTY50,19384.09,110.81188306725227
2025-11-20,NIFTY50,19341.65,110.56926882446999
2025-11-21,NIFTY50,19322.07,110.45733699427021
2025-11-24,NIFTY50,19249.08,110.04007936984324
2025-11-25,NIFTY50,19255.41,110.07626570718566
2025-11-26,NIFTY50,19292.28,110.28703825976301
2025-11-27,NIFTY50,19215.07,109.84565641044108
2025-11-28,NIFTY50,19187.01,109.68524746481263
2025-12-01,NIFTY50,19123.08,109.31978260757718
2025-12-02,NIFTY50,19059.76,108.95780490133362
2025-12-03,NIFTY50,19072.05,109.02806241885943
2025-12-04,NIFTY50,18685.61,106.81892368227138
2025-12-05,NIFTY50,18910.47,108.10436757086777
2025-12-08,NIFTY50,19038.06,108.83375379227671
2025-12-09,NIFTY50,19072.17,109.02874841577585
2025-12-10,NIFTY50,19212.55,109.83125047519577
2025-12-11,NIFTY50,19009.32,108.66945753078838
2025-12-12,NIFTY50,18748.29,107.1772427382939
2025-12-15,NIFTY50,18469.26,105.58212840833279
2025-12-16,NIFTY50,18543.66,106.007446496528
2025-12-17,NIFTY50,18573.96,106.18066071793007
2025-12-18,NIFTY50,18637.62,106.54458208210353
2025-12-19,NIFTY50,18789.93,107.4152836682999
2025-12-22,NIFTY50,18436.93,105.3973094057609
2025-12-23,NIFTY50,18265.14,104.41524765346179
2025-12-24,NIFTY50,18176.35,103.90766710170303
2025-12-25,NIFTY50,18284.4,104.52535015855105
2025-12-26,NIFTY50,18315.42,104.70268036145175
2025-12-29,NIFTY50,18723.63,107.03627037196468
2025-12-30,NIFTY50,18565.61,106.13292676582753
2025-12-31,NIFTY50,18654.07,106.63862082606606
2026-01-01,NIFTY50,18808.75,107.52287085136219
2026-01-02,NIFTY50,19044.78,108.87216961959756
2026-01-05,NIFTY50,19021.88,108.7412585413762
2026-01-06,NIFTY50,18829.06,107.63897582947031
2026-01-07,NIFTY50,18939.51,108.27037882464717
2026-01-08,NIFTY50,18993.86,108.58107826138654
2026-01-09,NIFTY50,19092.69,109.14605388848774
2026-01-12,NIFTY50,19314.22,110.41246136265283
2026-01-13,NIFTY50,19285.86,110.25033742473327
2026-01-14,NIFTY50,19131.63,109.3686598878738
2026-01-15,NIFTY50,19229.77,109.92969103270546
2026-01-16,NIFTY50,19287.53,110.25988421515378
2026-01-19,NIFTY50,19246.63,110.02607359946583
2026-01-20,NIFTY50,19097.0,109.17069261107004
2026-01-21,NIFTY50,19159.69,109.52906883350224
2026-01-22,NIFTY50,19303.74,110.35255096528343
2026-01-23,NIFTY50,19062.89,108.97569798757087
2026-01-26,NIFTY50,19078.82,109.0667640782288
2026-01-27,NIFTY50,19180.35,109.64717463595
2026-01-28,NIFTY50,19474.49,111.32866741097331
2026-01-29,NIFTY50,19494.43,111.44265723192241
2026-01-30,NIFTY50,19753.64,112.92446773785085
2026-02-02,NIFTY50,19899.21,113.75663916390695
2026-02-03,NIFTY50,20049.2,114.61407814305208
2026-02-04,NIFTY50,19926.84,113.91458995391814
2026-02-05,NIFTY50,20344.88,116.30437454516975
2026-02-06,NIFTY50,20364.99,116.4193361950838
2026-02-09,NIFTY50,20408.68,116.66909623907907
2026-02-10,NIFTY50,20421.69,116.74346973810353
2026-02-11,NIFTY50,20639.95,117.9911837962955
2026-02-12,NIFTY50,20983.66,119.95605046421983
2026-02-13,NIFTY50,21107.37,120.66325611866372
2026-02-16,NIFTY50,21051.16,120.3419237297195
2026-02-17,NIFTY50,21356.16,122.08549922568098
2026-02-18,NIFTY50,21146.71,120.88814877443792
2026-02-19,NIFTY50,21036.59,120.25863227078126
2026-02-20,NIFTY50,20808.75,118.95615279209319
2026-02-23,NIFTY50,20756.19,118.65568614269077
2026-02-24,NIFTY50,20937.54,119.69239898266657
2026-02-25,NIFTY50,20909.28,119.53084670884404
2026-02-26,NIFTY50,20929.33,119.64546536029988
2026-02-27,NIFTY50,21001.87,120.06015049629018
2026-03-02,NIFTY50,20972.58,119.89271008226818
2026-03-03,NIFTY50,20791.56,118.85788373381261
2026-03-04,NIFTY50,20521.62,117.31473367027215
2026-03-05,NIFTY50,20752.23,118.63304824444813
2026-03-06,NIFTY50,20654.41,118.07384642472698
2026-03-09,NIFTY50,20548.58,117.46885431083321
2026-03-10,NIFTY50,20308.33,116.0954313177029
2026-03-11,NIFTY50,20295.16,116.02014315612317
2026-03-12,NIFTY50,20395.24,116.59226458443737
2026-03-13,NIFTY50,20344.18,116.30037289649049
2026-03-16,NIFTY50,20412.45,116.69064797553735
2026-03-17,NIFTY50,20094.33,114.87207015004468
2026-03-18,NIFTY50,20131.99,115.08735884898864
2026-03-19,NIFTY50,20074.22,114.75710850013063
2026-03-20,NIFTY50,19848.33,113.46577647133475
2026-03-23,NIFTY50,19596.33,112.02518294680266
2026-03-24,NIFTY50,19468.16,111.2924810736309
2026-03-25,NIFTY50,19284.67,110.24353462197854
2026-03-26,NIFTY50,19348.8,110.61014280740807
2026-03-27,NIFTY50,19427.12,111.0578701282071
2026-03-30,NIFTY50,19463.75,111.26727068695159
2026-03-31,NIFTY50,19533.12,111.66383407106584
2026-04-01,NIFTY50,19292.7,110.28943924897057
2026-04-02,NIFTY50,19382.35,110.80193611196383
2026-04-03,NIFTY50,19497.75,111.46163647994402
2026-04-06,NIFTY50,19550.84,111.76513294906071
2026-04-07,NIFTY50,19544.45,111.72860361326009
2026-04-08,NIFTY50,19435.22,111.10417492006708
2026-04-09,NIFTY50,19498.48,111.46580962785238
2026-04-10,NIFTY50,19446.79,111.17031645609418
2026-04-13,NIFTY50,19603.64,112.06697159229601
2026-04-14,NIFTY50,19657.57,112.37527003982784
2026-04-15,NIFTY50,19639.87,112.27408549465237
2026-04-16,NIFTY50,19594.15,112.01272066948727
2026-04-17,NIFTY50,19578.04,111.92062558345467
2026-04-20,NIFTY50,19562.71,111.83298947737896
2026-04-21,NIFTY50,19559.56,111.81498205832231
2026-04-22,NIFTY50,19362.93,110.69091894431935
2026-04-23,NIFTY50,19410.04,110.96022990043326
2026-04-24,NIFTY50,19446.39,111.16802979970603
2026-04-27,NIFTY50,19268.82,110.15292586259824
2026-04-28,NIFTY50,19314.38,110.41337602520811
2026-04-29,NIFTY50,19321.75,110.45550766915969
2026-04-30,NIFTY50,19199.98,109.75939229819829
2026-05-01,NIFTY50,19304.74,110.35826760625378
2026-05-04,NIFTY50,19526.9,111.62827656423018
2026-05-05,NIFTY50,19444.78,111.15882600774376
2026-05-06,NIFTY50,19470.77,111.30740150656355
2026-05-07,NIFTY50,19680.29,112.50515212267453
2026-05-08,NIFTY50,19339.3,110.5558347181896
2026-05-11,NIFTY50,19650.77,112.33639688122933
2026-05-12,NIFTY50,19673.07,112.4638779748685
2026-05-13,NIFTY50,19804.92,113.21761708681117
2026-05-14,NIFTY50,19540.09,111.7036790586293
2026-05-15,NIFTY50,19332.08,110.51456057038358
2026-05-18,NIFTY50,19189.06,109.6969665788019
2026-05-19,NIFTY50,19032.79,108.80362709436288
2026-05-20,NIFTY50,18681.88,106.79760061145191
2026-05-21,NIFTY50,18509.36,105.81136571124445
2026-05-22,NIFTY50,18392.58,105.14377637872518
2026-05-25,NIFTY50,18186.57,103.96609117242018
2026-05-26,NIFTY50,18418.36,105.29115138294121
2026-05-27,NIFTY50,18523.57,105.89259917943335
2026-05-28,NIFTY50,18421.08,105.30670064638059
2026-05-29,NIFTY50,18517.65,105.8587566648888
2022-01-03,NIFTY500,14837.07,100.0
2022-01-04,NIFTY500,14743.12,99.36678872580639
2022-01-05,NIFTY500,14960.53,100.83210499107977
2022-01-06,NIFTY500,14950.28,100.7630212703721
2022-01-07,NIFTY500,15044.47,101.39785011461157
2022-01-10,NIFTY500,14927.83,100.61171107233436
2022-01-11,NIFTY500,14883.56,100.31333679762918
2022-01-12,NIFTY500,14864.72,100.18635754903092
2022-01-13,NIFTY500,14796.69,99.72784383978778
2022-01-14,NIFTY500,14793.7,99.70769161296673
2022-01-17,NIFTY500,14685.76,98.98018948485112
2022-01-18,NIFTY500,14683.54,98.96522696192712
2022-01-19,NIFTY500,14839.56,100.01678228922557
2022-01-20,NIFTY500,14629.78,98.60289127165944
2022-01-21,NIFTY500,14620.34,98.53926684985647
2022-01-24,NIFTY500,14565.98,98.17288723447419
2022-01-25,NIFTY500,14499.41,97.72421374300991
2022-01-26,NIFTY500,14758.9,99.47314395632021
2022-01-27,NIFTY500,14956.08,100.80211254647986
2022-01-28,NIFTY500,14899.33,100.41962462939111
2022-01-31,NIFTY500,14729.9,99.27768757578147
2022-02-01,NIFTY500,14936.51,100.67021318899216
2022-02-02,NIFTY500,14997.17,101.07905401807768
2022-02-03,NIFTY500,14852.83,100.10622043301002
2022-02-04,NIFTY500,14741.64,99.35681371052371
2022-02-07,NIFTY500,14762.94,99.50037305209183
2022-02-08,NIFTY500,15000.94,101.10446334754775
2022-02-09,NIFTY500,14960.09,100.82913944599574
2022-02-10,NIFTY500,15027.84,101.2857659901854
2022-02-11,NIFTY500,14957.42,100.81114397923578
2022-02-14,NIFTY500,15027.81,101.28556379392965
2022-02-15,NIFTY500,14820.97,99.89148800942503
2022-02-16,NIFTY500,14912.37,100.50751260188164
2022-02-17,NIFTY500,14951.88,100.7738050706777
2022-02-18,NIFTY500,14851.13,100.09476264518533
2022-02-21,NIFTY500,14426.04,97.22970910024688
2022-02-22,NIFTY500,14641.86,98.68430896396661
2022-02-23,NIFTY500,14426.37,97.23193325905991
2022-02-24,NIFTY500,14595.33,98.37070257132979
2022-02-25,NIFTY500,14496.81,97.70669006751332
2022-02-28,NIFTY500,14553.1,98.08607764201423
2022-03-01,NIFTY500,14639.75,98.67008782731361
2022-03-02,NIFTY500,14862.71,100.172810399897
2022-03-03,NIFTY500,14728.91,99.27101509934239
2022-03-04,NIFTY500,14731.39,99.28772998981604
2022-03-07,NIFTY500,14614.22,98.49801881368761
2022-03-08,NIFTY500,14487.72,97.64542460202722
2022-03-09,NIFTY500,14507.13,97.77624557948435
2022-03-10,NIFTY500,14622.56,98.55422937278048
2022-03-11,NIFTY500,14954.42,100.79092435366282
2022-03-14,NIFTY500,14933.13,100.64743241084662
2022-03-15,NIFTY500,14931.6,100.63712040180441
2022-03-16,NIFTY500,14938.63,100.68450172439707
2022-03-17,NIFTY500,14967.91,100.88184526998928
2022-03-18,NIFTY500,15008.92,101.15824755157183
2022-03-21,NIFTY500,14864.44,100.18447038397744
2022-03-22,NIFTY500,14515.22,97.83077116977947
2022-03-23,NIFTY500,14488.18,97.64852494461508
2022-03-24,NIFTY500,14748.49,99.402981855582
2022-03-25,NIFTY500,14765.56,99.51803152509223
2022-03-28,NIFTY500,14755.9,99.45292433074724
2022-03-29,NIFTY500,14760.65,99.48493873790444
2022-03-30,NIFTY500,14677.52,98.92465291327736
2022-03-31,NIFTY500,14672.22,98.8889315747651
2022-04-01,NIFTY500,14685.66,98.97951549733203
2022-04-04,NIFTY500,14698.42,99.06551630476908
2022-04-05,NIFTY500,14720.48,99.21419795148233
2022-04-06,NIFTY500,14741.43,99.3553983367336
2022-04-07,NIFTY500,14740.96,99.35223059539383
2022-04-08,NIFTY500,14897.02,100.40405551769993
2022-04-11,NIFTY500,15155.8,102.14820041962463
2022-04-12,NIFTY500,14939.38,100.6895566307903
2022-04-13,NIFTY500,14873.99,100.2488361920514
2022-04-14,NIFTY500,14593.31,98.35708802344398
2022-04-15,NIFTY500,14665.12,98.84107846090907
2022-04-18,NIFTY500,14834.94,99.98564406584319
2022-04-19,NIFTY500,14857.19,100.13560628884275
2022-04-20,NIFTY500,14880.87,100.29520653336543
2022-04-21,NIFTY500,14813.05,99.83810819791239
2022-04-22,NIFTY500,14845.28,100.05533437531804
2022-04-25,NIFTY500,14843.13,100.0408436436574
2022-04-26,NIFTY500,14993.45,101.05398168236721
2022-04-27,NIFTY500,15273.51,102.94155112835621
2022-04-28,NIFTY500,15492.74,104.41913396647722
2022-04-29,NIFTY500,15813.62,106.58182511776249
2022-05-02,NIFTY500,15913.28,107.25352107929666
2022-05-03,NIFTY500,15968.93,107.6285951336753
2022-05-04,NIFTY500,15974.96,107.66923658107699
2022-05-05,NIFTY500,16035.72,108.07875139768161
2022-05-06,NIFTY500,16091.93,108.45759978216725
2022-05-09,NIFTY500,16289.39,109.78845553738034
2022-05-10,NIFTY500,16272.32,109.67340586787013
2022-05-11,NIFTY500,16131.16,108.72200508590981
2022-05-12,NIFTY500,16135.18,108.74909938417761
2022-05-13,NIFTY500,16012.6,107.9229254832659
2022-05-16,NIFTY500,15990.6,107.77464822906411
2022-05-17,NIFTY500,15757.37,106.20270713826923
2022-05-18,NIFTY500,15770.54,106.29147129453457
2022-05-19,NIFTY500,15656.39,105.52211454148292
2022-05-20,NIFTY500,15767.79,106.27293663775934
2022-05-23,NIFTY500,15723.39,105.97368617927934
2022-05-24,NIFTY500,15467.99,104.25232205550017
2022-05-25,NIFTY500,15420.59,103.93285197144719
2022-05-26,NIFTY500,15417.19,103.90993639579781
2022-05-27,NIFTY500,15470.45,104.26890214847002
2022-05-30,NIFTY500,15551.09,104.81240568387156
2022-05-31,NIFTY500,15448.9,104.12365783810415
2022-06-01,NIFTY500,15353.4,103.47999975736448
2022-06-02,NIFTY500,15357.4,103.50695925812845
2022-06-03,NIFTY500,15406.57,103.83835892126949
2022-06-06,NIFTY500,15478.93,104.32605629008962
2022-06-07,NIFTY500,15617.4,105.25932680778618
2022-06-08,NIFTY500,15396.18,103.76833161803509
2022-06-09,NIFTY500,15536.5,104.71407090483498
2022-06-10,NIFTY500,15657.16,105.52730424538
2022-06-13,NIFTY500,15783.13,106.37632632318915
2022-06-14,NIFTY500,15760.34,106.22272456758645
2022-06-15,NIFTY500,15803.94,106.51658312591368
2022-06-16,NIFTY500,15880.96,107.03568831312383
2022-06-17,NIFTY500,15863.33,106.91686431350664
2022-06-20,NIFTY500,16005.25,107.87338740061212
2022-06-21,NIFTY500,15847.51,106.81023948798516
2022-06-22,NIFTY500,15956.65,107.54582946632993
2022-06-23,NIFTY500,16034.68,108.07174192748299
2022-06-24,NIFTY500,16259.39,109.58625928165063
2022-06-27,NIFTY500,16548.29,111.533409224328
2022-06-28,NIFTY500,16528.86,111.40245344936703
2022-06-29,NIFTY500,16763.24,112.98214539663157
2022-06-30,NIFTY500,16816.83,113.34333530811678
2022-07-01,NIFTY500,16874.78,113.73391107543469
2022-07-04,NIFTY500,16942.46,114.19006582836097
2022-07-05,NIFTY500,16752.29,112.90834376329019
2022-07-06,NIFTY500,16929.59,114.10332363465294
2022-07-07,NIFTY500,16732.28,112.77347886071844
2022-07-08,NIFTY500,16815.54,113.33464086912039
2022-07-11,NIFTY500,16456.51,110.9148234792988
2022-07-12,NIFTY500,16433.52,110.75987374865792
2022-07-13,NIFTY500,16440.49,110.80685067873914
2022-07-14,NIFTY500,16541.97,111.49081321312093
2022-07-15,NIFTY500,16763.63,112.98477394795603
2022-07-18,NIFTY500,16761.12,112.96785686122664
2022-07-19,NIFTY500,16586.45,111.79060286161622
2022-07-20,NIFTY500,16529.57,111.40723876075262
2022-07-21,NIFTY500,16572.6,111.69725559022096
2022-07-22,NIFTY500,16603.78,111.90740489867608
2022-07-25,NIFTY500,16359.5,110.26098818702074
2022-07-26,NIFTY500,16294.14,109.82046994453756
2022-07-27,NIFTY500,16226.06,109.3616192415349
2022-07-28,NIFTY500,16204.74,109.21792510246296
2022-07-29,NIFTY500,16299.17,109.85437151674826
2022-08-01,NIFTY500,16194.52,109.14904357801103
2022-08-02,NIFTY500,16356.03,110.23760082010803
2022-08-03,NIFTY500,16471.43,111.01538241714842
2022-08-04,NIFTY500,16178.71,109.04248615124146
2022-08-05,NIFTY500,16127.51,108.6974045414627
2022-08-08,NIFTY500,16166.03,108.95702453381968
2022-08-09,NIFTY500,16391.31,110.47538361684619
2022-08-10,NIFTY500,16227.32,109.37011148427554
2022-08-11,NIFTY500,15990.67,107.77512002032748
2022-08-12,NIFTY500,16030.48,108.04343445168084
2022-08-15,NIFTY500,15896.93,107.14332411992396
2022-08-16,NIFTY500,15894.87,107.1294399770305
2022-08-17,NIFTY500,15801.12,106.49757667787509
2022-08-18,NIFTY500,15938.19,107.42141137030426
2022-08-19,NIFTY500,16051.23,108.18328686189389
2022-08-22,NIFTY500,15973.85,107.661755319615
2022-08-23,NIFTY500,16196.48,109.16225373338537
2022-08-24,NIFTY500,16213.93,109.27986455546817
2022-08-25,NIFTY500,16269.66,109.65547779986211
2022-08-26,NIFTY500,16183.26,109.07315258336045
2022-08-29,NIFTY500,16086.73,108.42255243117407
2022-08-30,NIFTY500,16314.13,109.95520004960548
2022-08-31,NIFTY500,16339.25,110.12450571440317
2022-09-01,NIFTY500,16380.47,110.40232336977584
2022-09-02,NIFTY500,16315.16,109.9621421210522
2022-09-05,NIFTY500,16362.9,110.28390376267012
2022-09-06,NIFTY500,16373.92,110.35817718727485
2022-09-07,NIFTY500,16379.76,110.39753805839024
2022-09-08,NIFTY500,16628.53,112.07421680965311
2022-09-09,NIFTY500,16656.74,112.264348688791
2022-09-12,NIFTY500,16499.78,111.206457878813
2022-09-13,NIFTY500,16580.99,111.75380314307341
2022-09-14,NIFTY500,16535.78,111.44909338568867
2022-09-15,NIFTY500,16397.03,110.51393570293864
2022-09-16,NIFTY500,16302.38,109.87600651611133
2022-09-19,NIFTY500,16468.3,110.9942866078006
2022-09-20,NIFTY500,16328.12,110.04949090352744
2022-09-21,NIFTY500,16196.29,109.1609731570991
2022-09-22,NIFTY500,16213.63,109.27784259291087
2022-09-23,NIFTY500,16175.11,109.0182226005539
2022-09-26,NIFTY500,16044.12,108.13536634928596
2022-09-27,NIFTY500,16183.15,109.07241119708945
2022-09-28,NIFTY500,16131.32,108.72308346594038
2022-09-29,NIFTY500,15956.36,107.54387490252458
2022-09-30,NIFTY500,16006.7,107.88316021963907
2022-10-03,NIFTY500,16130.41,108.71695017951657
2022-10-04,NIFTY500,16205.81,109.22513676891732
2022-10-05,NIFTY500,16308.57,109.91772634354358
2022-10-06,NIFTY500,16409.58,110.59852113658562
2022-10-07,NIFTY500,16379.36,110.39484210831385
2022-10-10,NIFTY500,16320.89,110.00076160589659
2022-10-11,NIFTY500,16232.88,109.40758519033744
2022-10-12,NIFTY500,16240.27,109.45739286799888
2022-10-13,NIFTY500,16015.92,107.94530186889999
2022-10-14,NIFTY500,15861.79,106.90648490571253
2022-10-17,NIFTY500,16057.01,108.22224334049781
2022-10-18,NIFTY500,16192.86,109.13785538519399
2022-10-19,NIFTY500,16223.38,109.34355637602302
2022-10-20,NIFTY500,16451.92,110.88388745217215
2022-10-21,NIFTY500,16516.01,111.31584605316279
2022-10-24,NIFTY500,16528.55,111.40036408805783
2022-10-25,NIFTY500,16340.77,110.13475032469348
2022-10-26,NIFTY500,16309.24,109.92224205992154
2022-10-27,NIFTY500,16459.19,110.93288634481067
2022-10-28,NIFTY500,16549.27,111.54001430201517
2022-10-31,NIFTY500,16846.12,113.54074625246089
2022-11-01,NIFTY500,16858.39,113.62344452105435
2022-11-02,NIFTY500,16490.64,111.14485541956734
2022-11-03,NIFTY500,16555.25,111.58031875565729
2022-11-04,NIFTY500,16209.9,109.25270285844846
2022-11-07,NIFTY500,16149.92,108.84844514449281
2022-11-08,NIFTY500,16286.04,109.76587695549054
2022-11-09,NIFTY500,16538.23,111.4656060799066
2022-11-10,NIFTY500,16396.46,110.51009397407978
2022-11-11,NIFTY500,16462.71,110.95661070548294
2022-11-14,NIFTY500,16701.69,112.56730607862605
2022-11-15,NIFTY500,16724.5,112.72104263173254
2022-11-16,NIFTY500,16642.49,112.16830546731937
2022-11-17,NIFTY500,16924.52,114.0691524674346
2022-11-18,NIFTY500,17082.03,115.13075020876762
2022-11-21,NIFTY500,17100.9,115.25793165362165
2022-11-22,NIFTY500,16880.59,113.77306975029438
2022-11-23,NIFTY500,16836.31,113.47462807683728
2022-11-24,NIFTY500,16736.88,112.80448228659704
2022-11-25,NIFTY500,16493.73,111.1656816339075
2022-11-28,NIFTY500,16699.79,112.55450031576315
2022-11-29,NIFTY500,16793.07,113.18319587357881
2022-11-30,NIFTY500,16696.88,112.53488727895737
2022-12-01,NIFTY500,16619.52,112.0134905341823
2022-12-02,NIFTY500,16561.02,111.61920783550931
2022-12-05,NIFTY500,16424.31,110.69779949814891
2022-12-06,NIFTY500,16850.65,113.5712778870761
2022-12-07,NIFTY500,16753.23,112.91467924596972
2022-12-08,NIFTY500,16714.32,112.65243070228826
2022-12-09,NIFTY500,16621.81,112.02892484836966
2022-12-12,NIFTY500,16369.57,110.32885873019403
2022-12-13,NIFTY500,16200.95,109.19238097548912
2022-12-14,NIFTY500,16361.52,110.27460273490657
2022-12-15,NIFTY500,16322.97,110.01478054629384
2022-12-16,NIFTY500,16391.22,110.47477702807899
2022-12-19,NIFTY500,16465.89,110.9780435085903
2022-12-20,NIFTY500,16541.27,111.48609530048724
2022-12-21,NIFTY500,16448.86,110.86326343408774
2022-12-22,NIFTY500,16704.39,112.58550374164172
2022-12-23,NIFTY500,16849.34,113.5624486505759
2022-12-26,NIFTY500,16928.98,114.09921231078644
2022-12-27,NIFTY500,16975.26,114.41113373462551
2022-12-28,NIFTY500,16778.95,113.08802883588203
2022-12-29,NIFTY500,16910.86,113.97708577232568
2022-12-30,NIFTY500,16899.9,113.90321674023242
2023-01-02,NIFTY500,16788.23,113.1505748776544
2023-01-03,NIFTY500,16646.31,112.19405179054895
2023-01-04,NIFTY500,16799.84,113.22882482862182
2023-01-05,NIFTY500,16602.76,111.90053022598127
2023-01-06,NIFTY500,16552.93,111.56468224521419
2023-01-09,NIFTY500,16584.85,111.77981906131063
2023-01-10,NIFTY500,16571.78,111.69172889256436
2023-01-11,NIFTY500,16641.34,112.16055461084973
2023-01-12,NIFTY500,16823.31,113.38700969935441
2023-01-13,NIFTY500,16924.08,114.06618692235058
2023-01-16,NIFTY500,16942.47,114.19013322711291
2023-01-17,NIFTY500,16884.62,113.80023144731406
2023-01-18,NIFTY500,16681.11,112.42859944719544
2023-01-19,NIFTY500,16680.27,112.42293795203501
2023-01-20,NIFTY500,16633.82,112.10987074941346
2023-01-23,NIFTY500,16720.1,112.69138718089218
2023-01-24,NIFTY500,16708.67,112.61435040745916
2023-01-25,NIFTY500,16871.27,113.71025411351434
2023-01-26,NIFTY500,16814.56,113.32803579143322
2023-01-27,NIFTY500,16740.43,112.82840884352503
2023-01-30,NIFTY500,16811.65,113.30842275462744
2023-01-31,NIFTY500,16836.28,113.47442588058155
2023-02-01,NIFTY500,16901.49,113.91393314178609
2023-02-02,NIFTY500,16890.57,113.84033370470046
2023-02-03,NIFTY500,16903.17,113.92525613210694
2023-02-06,NIFTY500,16867.74,113.68646235409014
2023-02-07,NIFTY500,16896.23,113.87848139828148
2023-02-08,NIFTY500,17090.27,115.18628678034139
2023-02-09,NIFTY500,17022.48,114.72939064114411
2023-02-10,NIFTY500,16940.47,114.17665347673093
2023-02-13,NIFTY500,16997.05,114.55799561503719
2023-02-14,NIFTY500,16978.05,114.42993798640838
2023-02-15,NIFTY500,17199.75,115.92416831625113
2023-02-16,NIFTY500,17315.15,116.70194991329153
2023-02-17,NIFTY500,17455.25,117.64620642754937
2023-02-20,NIFTY500,17610.46,118.6923024559431
2023-02-21,NIFTY500,17517.84,118.06805521575352
2023-02-22,NIFTY500,17544.3,118.24639231330714
2023-02-23,NIFTY500,17658.52,119.01622085762216
2023-02-24,NIFTY500,17668.35,119.08247383074959
2023-02-27,NIFTY500,17538.18,118.20514427713829
2023-02-28,NIFTY500,17691.49,119.23843454266915
2023-03-01,NIFTY500,17673.39,119.11644280171218
2023-03-02,NIFTY500,17729.7,119.49596517371693
2023-03-03,NIFTY500,17830.18,120.17318783290771
2023-03-06,NIFTY500,18078.96,121.8499339829225
2023-03-07,NIFTY500,18120.89,122.13253694968076
2023-03-08,NIFTY500,17810.73,120.04209726044293
2023-03-09,NIFTY500,17848.58,120.29720153642197
2023-03-10,NIFTY500,17902.15,120.65825665040335
2023-03-13,NIFTY500,17649.8,118.95744914595672
2023-03-14,NIFTY500,17889.73,120.57454740053124
2023-03-15,NIFTY500,17485.85,117.85244660839369
2023-03-16,NIFTY500,17584.52,118.51747009348881
2023-03-17,NIFTY500,17357.64,116.98832721015673
2023-03-20,NIFTY500,17531.06,118.15715636577843
2023-03-21,NIFTY500,17627.64,118.80809351172434
2023-03-22,NIFTY500,17867.64,120.42566355756223
2023-03-23,NIFTY500,17958.75,121.03973358621344
2023-03-24,NIFTY500,18024.23,121.48106061371955
2023-03-27,NIFTY500,17981.49,121.19299834805662
2023-03-28,NIFTY500,17717.55,119.41407569014638
2023-03-29,NIFTY500,18070.87,121.7954083926274
2023-03-30,NIFTY500,18003.17,121.33911884219728
2023-03-31,NIFTY500,18066.17,121.76373097922972
2023-04-03,NIFTY500,17944.73,120.94524053603575
2023-04-04,NIFTY500,17784.89,119.86793888550771
2023-04-05,NIFTY500,17803.41,119.99276137404489
2023-04-06,NIFTY500,17878.09,120.49609525330811
2023-04-07,NIFTY500,18166.72,122.4414254296839
2023-04-10,NIFTY500,18338.07,123.59630304366023
2023-04-11,NIFTY500,18393.09,123.96713097666859
2023-04-12,NIFTY500,18392.84,123.96544600787082
2023-04-13,NIFTY500,18458.35,124.40697523163264
2023-04-14,NIFTY500,18425.35,124.18455935032995
2023-04-17,NIFTY500,18477.02,124.53280870144847
2023-04-18,NIFTY500,18357.27,123.72570864732728
2023-04-19,NIFTY500,18277.22,123.18618163828843
2023-04-20,NIFTY500,18278.36,123.19386509600616
2023-04-21,NIFTY500,18340.05,123.6096479965384
2023-04-24,NIFTY500,18330.34,123.54420380843388
2023-04-25,NIFTY500,18371.06,123.81865152621106
2023-04-26,NIFTY500,18233.23,122.88969452863671
2023-04-27,NIFTY500,18050.43,121.65764534372352
2023-04-28,NIFTY500,18051.79,121.6668115739833
2023-05-01,NIFTY500,17794.45,119.93237209233361
2023-05-02,NIFTY500,17939.17,120.90776682997384
2023-05-03,NIFTY500,17732.14,119.51241046918292
2023-05-04,NIFTY500,17680.27,119.16281314302621
2023-05-05,NIFTY500,17768.06,119.75450678604335
2023-05-08,NIFTY500,17921.4,120.78799924782994
2023-05-09,NIFTY500,18032.47,121.53659718529333
2023-05-10,NIFTY500,18119.14,122.12074216809651
2023-05-11,NIFTY500,18544.46,124.98734588432892
2023-05-12,NIFTY500,18382.47,123.89555350214026
2023-05-15,NIFTY500,18442.89,124.30277676117993
2023-05-16,NIFTY500,18555.7,125.06310208147566
2023-05-17,NIFTY500,18623.76,125.5218179869745
2023-05-18,NIFTY500,18557.21,125.07327929301404
2023-05-19,NIFTY500,18656.24,125.74072913317794
2023-05-22,NIFTY500,18744.23,126.33377075123322
2023-05-23,NIFTY500,18960.84,127.79369511635383
2023-05-24,NIFTY500,19049.97,128.39442019212692
2023-05-25,NIFTY500,18743.08,126.32601989476359
2023-05-26,NIFTY500,18883.72,127.27391594162461
2023-05-29,NIFTY500,18826.7,126.88960825823428
2023-05-30,NIFTY500,18804.84,126.7422745865592
2023-05-31,NIFTY500,18625.78,125.53543253486032
2023-06-01,NIFTY500,18657.82,125.75137813597968
2023-06-02,NIFTY500,18995.28,128.02581641793157
2023-06-05,NIFTY500,19184.76,129.30288796912058
2023-06-06,NIFTY500,18995.14,128.02487283540484
2023-06-07,NIFTY500,18971.5,127.86554218588981
2023-06-08,NIFTY500,19150.9,129.07467579515364
2023-06-09,NIFTY500,19130.51,128.93724974000932
2023-06-12,NIFTY500,18797.92,126.69563465023754
2023-06-13,NIFTY500,18717.26,126.15199631733218
2023-06-14,NIFTY500,18956.31,127.76316348173866
2023-06-15,NIFTY500,19219.86,129.53945758832438
2023-06-16,NIFTY500,19199.84,129.40452528700075
2023-06-19,NIFTY500,19163.3,129.15825024752192
2023-06-20,NIFTY500,18789.13,126.63639114730873
2023-06-21,NIFTY500,18782.91,126.59446912362078
2023-06-22,NIFTY500,18698.21,126.02360169494379
2023-06-23,NIFTY500,18398.04,124.00049335886398
2023-06-26,NIFTY500,18253.41,123.02570520999092
2023-06-27,NIFTY500,18052.96,121.67469722795671
2023-06-28,NIFTY500,18071.51,121.79972191274962
2023-06-29,NIFTY500,18329.83,123.54076647208649
2023-06-30,NIFTY500,18314.63,123.4383203691834
2023-07-03,NIFTY500,18366.38,123.78710891031722
2023-07-04,NIFTY500,18779.31,126.57020557293322
2023-07-05,NIFTY500,18475.99,124.52586663000176
2023-07-06,NIFTY500,18516.81,124.80098833529803
2023-07-07,NIFTY500,18714.29,126.13197888801496
2023-07-10,NIFTY500,18775.65,126.5455376297342
2023-07-11,NIFTY500,18517.78,124.80752601423326
2023-07-12,NIFTY500,18845.17,127.01409375301186
2023-07-13,NIFTY500,18994.93,128.02345746161473
2023-07-14,NIFTY500,19049.8,128.39327441334441
2023-07-17,NIFTY500,18828.77,126.90355979987964
2023-07-18,NIFTY500,19223.01,129.560688195176
2023-07-19,NIFTY500,19332.71,130.30005250362774
2023-07-20,NIFTY500,19418.9,130.8809623463393
2023-07-21,NIFTY500,19529.52,131.6265273399667
2023-07-24,NIFTY500,19705.39,132.81186918980634
2023-07-25,NIFTY500,19735.41,133.01420024303988
2023-07-26,NIFTY500,19725.06,132.94444253481313
2023-07-27,NIFTY500,19348.82,130.4086318929546
2023-07-28,NIFTY500,19225.23,129.5756507181
2023-07-31,NIFTY500,19574.09,131.9269235772292
2023-08-01,NIFTY500,19441.28,131.03180075311366
2023-08-02,NIFTY500,19400.44,130.75654425031357
2023-08-03,NIFTY500,19214.1,129.50063590722428
2023-08-04,NIFTY500,19310.62,130.15116866065875
2023-08-07,NIFTY500,19277.01,129.9246414554895
2023-08-08,NIFTY500,19237.46,129.65807939168585
2023-08-09,NIFTY500,19111.96,128.81222505521643
2023-08-10,NIFTY500,19192.32,129.35384142556447
2023-08-11,NIFTY500,19453.1,131.11146607787117
2023-08-14,NIFTY500,19174.79,129.2356914134664
2023-08-15,NIFTY500,19133.4,128.95672797931127
2023-08-16,NIFTY500,19115.91,128.83884756222085
2023-08-17,NIFTY500,18997.39,128.0400375545846
2023-08-18,NIFTY500,19202.08,129.41962260742855
2023-08-21,NIFTY500,19411.13,130.8285935161053
2023-08-22,NIFTY500,19460.5,131.16134115428451
2023-08-23,NIFTY500,19354.35,130.4459034027608
2023-08-24,NIFTY500,19561.35,131.84105756729596
2023-08-25,NIFTY500,19520.59,131.56634025451118
2023-08-28,NIFTY500,19699.94,132.77513687001544
2023-08-29,NIFTY500,20139.37,135.7368402251927
2023-08-30,NIFTY500,20149.85,135.8074741171943
2023-08-31,NIFTY500,20188.38,136.0671615083032
2023-09-01,NIFTY500,20074.82,135.30178128161424
2023-09-04,NIFTY500,20266.46,136.59341096321577
2023-09-05,NIFTY500,20314.72,136.91867733993303
2023-09-06,NIFTY500,20101.03,135.4784334103701
2023-09-07,NIFTY500,19985.2,134.6977536669976
2023-09-08,NIFTY500,20343.87,137.1151447017504
2023-09-11,NIFTY500,20310.34,136.8891566865965
2023-09-12,NIFTY500,20125.34,135.6422797762631
2023-09-13,NIFTY500,20169.05,135.93687972086133
2023-09-14,NIFTY500,20085.16,135.3714715910891
2023-09-15,NIFTY500,20062.73,135.22029619055513
2023-09-18,NIFTY500,20169.13,135.93741891087663
2023-09-19,NIFTY500,20239.83,136.4139280868797
2023-09-20,NIFTY500,20256.4,136.5256078187944
2023-09-21,NIFTY500,20157.58,135.85957335242068
2023-09-22,NIFTY500,19853.72,133.81159487688606
2023-09-25,NIFTY500,20203.32,136.1678552436566
2023-09-26,NIFTY500,20548.19,138.49223600077374
2023-09-27,NIFTY500,20563.17,138.5931993311348
2023-09-28,NIFTY500,20725.79,139.68923783469378
2023-09-29,NIFTY500,20730.56,139.72138703935482
2023-10-02,NIFTY500,20600.47,138.84459667575877
2023-10-03,NIFTY500,20624.5,139.00655587659827
2023-10-04,NIFTY500,20660.8,139.25121334603125
2023-10-05,NIFTY500,20944.78,141.16520310276894
2023-10-06,NIFTY500,20973.16,141.35648076068927
2023-10-09,NIFTY500,21301.83,143.57167553971237
2023-10-10,NIFTY500,21282.62,143.4422025372934
2023-10-11,NIFTY500,21187.4,142.80043162160726
2023-10-12,NIFTY500,21478.63,144.7632854734796
2023-10-13,NIFTY500,21755.67,146.6305004963918
2023-10-16,NIFTY500,21781.67,146.80573725135758
2023-10-17,NIFTY500,21858.8,147.32558382483873
2023-10-18,NIFTY500,21925.17,147.7729093412648
2023-10-19,NIFTY500,21977.41,148.1250004212422
2023-10-20,NIFTY500,21916.81,147.71656398466814
2023-10-23,NIFTY500,22396.41,150.94900812626753
2023-10-24,NIFTY500,22329.07,150.49514493090618
2023-10-25,NIFTY500,22450.41,151.31296138658104
2023-10-26,NIFTY500,22499.74,151.64543942975266
2023-10-27,NIFTY500,22016.98,148.39169728254973
2023-10-30,NIFTY500,22051.24,148.6226054065931
2023-10-31,NIFTY500,22007.92,148.33063401331935
2023-11-01,NIFTY500,21911.46,147.68050565239633
2023-11-02,NIFTY500,21722.83,146.4091629951197
2023-11-03,NIFTY500,22082.36,148.83235032253674
2023-11-06,NIFTY500,21877.96,147.4547198334981
2023-11-07,NIFTY500,21852.33,147.28197683235302
2023-11-08,NIFTY500,21763.07,146.68037557280513
2023-11-09,NIFTY500,21572.17,145.39373339884492
2023-11-10,NIFTY500,21729.89,146.45674651396806
2023-11-13,NIFTY500,21826.56,147.1082902486812
2023-11-14,NIFTY500,21742.13,146.5392425863058
2023-11-15,NIFTY500,21577.5,145.4296569336129
2023-11-16,NIFTY500,21688.63,146.17865926358778
2023-11-17,NIFTY500,21783.41,146.8174646341899
2023-11-20,NIFTY500,21766.76,146.70524571225988
2023-11-21,NIFTY500,22055.7,148.6526652499449
2023-11-22,NIFTY500,22374.86,150.80376381590165
2023-11-23,NIFTY500,22286.27,150.20667827273175
2023-11-24,NIFTY500,22712.24,153.0776629078383
2023-11-27,NIFTY500,22668.86,152.7852871220531
2023-11-28,NIFTY500,22628.15,152.51090680302784
2023-11-29,NIFTY500,22782.65,153.55221752003598
2023-11-30,NIFTY500,22864.44,154.10347191190712
2023-12-01,NIFTY500,22882.82,154.22735081791757
2023-12-04,NIFTY500,22511.19,151.72261100068948
2023-12-05,NIFTY500,22208.0,149.67914824153286
2023-12-06,NIFTY500,21969.29,148.07027263469138
2023-12-07,NIFTY500,21982.67,148.1604521647468
2023-12-08,NIFTY500,21893.71,147.56087286775625
2023-12-11,NIFTY500,21832.19,147.14623574600645
2023-12-12,NIFTY500,21786.47,146.83808865227434
2023-12-13,NIFTY500,21986.45,148.18592889296878
2023-12-14,NIFTY500,22148.47,149.27792347141317
2023-12-15,NIFTY500,22078.77,148.80815417060106
2023-12-18,NIFTY500,22030.93,148.48571854146405
2023-12-19,NIFTY500,21875.14,147.43571338545954
2023-12-20,NIFTY500,21821.61,147.07492786648578
2023-12-21,NIFTY500,22084.5,148.84677365544545
2023-12-22,NIFTY500,22275.7,150.13543779196297
2023-12-25,NIFTY500,22362.63,150.72133514231584
2023-12-26,NIFTY500,22163.48,149.37908899802994
2023-12-27,NIFTY500,22164.57,149.3864354619881
2023-12-28,NIFTY500,22100.9,148.95730760857774
2023-12-29,NIFTY500,22082.34,148.83221552503292
2024-01-01,NIFTY500,22248.26,149.95049561672215
2024-01-02,NIFTY500,22472.32,151.46063205201565
2024-01-03,NIFTY500,22974.3,154.8439146003894
2024-01-04,NIFTY500,22804.87,153.7019775467798
2024-01-05,NIFTY500,23065.54,155.4588608128155
2024-01-08,NIFTY500,23049.65,155.35176419603062
2024-01-09,NIFTY500,22916.8,154.45637177690742
2024-01-10,NIFTY500,23372.32,157.52651972390774
2024-01-11,NIFTY500,23750.47,160.0752035273811
2024-01-12,NIFTY500,23703.9,159.76132753973664
2024-01-15,NIFTY500,23565.5,158.82852881330345
2024-01-16,NIFTY500,23214.6,156.4635066087846
2024-01-17,NIFTY500,23484.97,158.28576666417294
2024-01-18,NIFTY500,23076.75,155.5344148137065
2024-01-19,NIFTY500,23059.05,155.41511902282593
2024-01-22,NIFTY500,22889.87,154.27486693801404
2024-01-23,NIFTY500,23184.94,156.2636019106198
2024-01-24,NIFTY500,23577.38,158.90859853057242
2024-01-25,NIFTY500,23237.71,156.61926512444842
2024-01-26,NIFTY500,23266.43,156.8128343399337
2024-01-29,NIFTY500,23333.91,157.2676411178218
2024-01-30,NIFTY500,23286.71,156.949519008807
2024-01-31,NIFTY500,23167.34,156.14498010725836
2024-02-01,NIFTY500,23501.33,158.39603102229754
2024-02-02,NIFTY500,23405.26,157.748531212699
2024-02-05,NIFTY500,23830.38,160.6137869538932
2024-02-06,NIFTY500,23703.89,159.76126014098472
2024-02-07,NIFTY500,23878.12,160.9355485955111
2024-02-08,NIFTY500,24067.09,162.20918281035273
2024-02-09,NIFTY500,23939.14,161.34681577966538
2024-02-12,NIFTY500,23578.8,158.91816915334363
2024-02-13,NIFTY500,23412.88,157.79988906165437
2024-02-14,NIFTY500,23182.57,156.24762840641716
2024-02-15,NIFTY500,23363.69,157.4683546010095
2024-02-16,NIFTY500,23297.7,157.023590237156
2024-02-19,NIFTY500,23593.9,159.0199412687276
2024-02-20,NIFTY500,23725.63,159.90778502763686
2024-02-21,NIFTY500,23697.62,159.7190011235372
2024-02-22,NIFTY500,23727.37,159.91951241046917
2024-02-23,NIFTY500,23463.38,158.14025275879942
2024-02-26,NIFTY500,23435.29,157.95092966468448
2024-02-27,NIFTY500,23477.08,158.23258904891603
2024-02-28,NIFTY500,23409.72,157.77859105605083
2024-02-29,NIFTY500,23305.84,157.07845282121067
2024-03-01,NIFTY500,23525.56,158.55933819817525
2024-03-04,NIFTY500,23342.71,157.3269520195025
2024-03-05,NIFTY500,23475.51,158.2220074448661
2024-03-06,NIFTY500,23716.62,159.84705875216602
2024-03-07,NIFTY500,23832.62,160.628884274321
2024-03-08,NIFTY500,23593.02,159.01401017855952
2024-03-11,NIFTY500,23628.96,159.25624129292373
2024-03-12,NIFTY500,23828.17,160.59889182972108
2024-03-13,NIFTY500,23779.83,160.27308626298858
2024-03-14,NIFTY500,23613.68,159.1532560000054
2024-03-15,NIFTY500,23441.46,157.99251469461288
2024-03-18,NIFTY500,23520.23,158.52341466340727
2024-03-19,NIFTY500,23463.48,158.1409267463185
2024-03-20,NIFTY500,23347.97,157.3624037630071
2024-03-21,NIFTY500,22931.61,154.55618932848603
2024-03-22,NIFTY500,23311.25,157.11491554599394
2024-03-25,NIFTY500,23258.72,156.76086990221117
2024-03-26,NIFTY500,23438.39,157.97182327777654
2024-03-27,NIFTY500,23728.92,159.9299592170152
2024-03-28,NIFTY500,24465.05,164.89138354135957
2024-03-29,NIFTY500,24625.32,165.97158333821974
2024-04-01,NIFTY500,24710.96,166.54878624957624
2024-04-02,NIFTY500,24388.09,164.3726827466609
2024-04-03,NIFTY500,23968.38,161.54388973025
2024-04-04,NIFTY500,23481.21,158.26042473345478
2024-04-05,NIFTY500,23458.27,158.10581199657346
2024-04-08,NIFTY500,23264.7,156.80117435585328
2024-04-09,NIFTY500,23177.23,156.21163747289728
2024-04-10,NIFTY500,23485.02,158.28610365793247
2024-04-11,NIFTY500,23604.47,159.09118174949637
2024-04-12,NIFTY500,23613.77,159.15386258877257
2024-04-15,NIFTY500,23666.75,159.5109411763913
2024-04-16,NIFTY500,23533.93,158.61575095352384
2024-04-17,NIFTY500,23446.85,158.02884262189232
2024-04-18,NIFTY500,23174.56,156.19364200613734
2024-04-19,NIFTY500,23346.03,157.3493284051366
2024-04-22,NIFTY500,23725.7,159.90825681890024
2024-04-23,NIFTY500,24024.7,161.9234795010066
2024-04-24,NIFTY500,24042.36,162.04250569687952
2024-04-25,NIFTY500,24258.6,163.49993630817943
2024-04-26,NIFTY500,24387.88,164.3712673728708
2024-04-29,NIFTY500,24437.67,164.70684575863024
2024-04-30,NIFTY500,24526.31,165.30426829555972
2024-05-01,NIFTY500,24255.33,163.47789691630493
2024-05-02,NIFTY500,24165.31,162.8711733516119
2024-05-03,NIFTY500,24032.75,161.9777354962941
2024-05-06,NIFTY500,23726.66,159.9147270990836
2024-05-07,NIFTY500,23859.98,160.81328725954654
2024-05-08,NIFTY500,24020.62,161.89598081022737
2024-05-09,NIFTY500,23501.77,158.39899656738157
2024-05-10,NIFTY500,23510.84,158.46012723536387
2024-05-13,NIFTY500,23452.74,158.0685404867673
2024-05-14,NIFTY500,23335.98,157.28159265946712
2024-05-15,NIFTY500,23011.19,155.09254859618508
2024-05-16,NIFTY500,23035.4,155.25572097455898
2024-05-17,NIFTY500,23051.09,155.36146961630567
2024-05-20,NIFTY500,22986.43,154.92566928645616
2024-05-21,NIFTY500,23162.88,156.11492026390655
2024-05-22,NIFTY500,23331.69,157.2526785948978
2024-05-23,NIFTY500,22963.31,154.76984337204044
2024-05-24,NIFTY500,23130.23,155.8948633389207
2024-05-27,NIFTY500,22947.9,154.66598189534727
2024-05-28,NIFTY500,22904.57,154.3739431033216
2024-05-29,NIFTY500,23251.95,156.71524094716816
2024-05-30,NIFTY500,23255.08,156.73633675651595
2024-05-31,NIFTY500,23478.88,158.2447208242598
2024-06-03,NIFTY500,23438.49,157.97249726529566
2024-06-04,NIFTY500,23645.04,159.36461848599487
2024-06-05,NIFTY500,23645.91,159.37048217741102
2024-06-06,NIFTY500,23602.06,159.07493865028607
2024-06-07,NIFTY500,23639.83,159.32950373624982
2024-06-10,NIFTY500,23419.81,157.84659639672793
2024-06-11,NIFTY500,23325.61,157.21170015373656
2024-06-12,NIFTY500,23463.75,158.14274651262008
2024-06-13,NIFTY500,23650.0,159.3980482669422
2024-06-14,NIFTY500,23472.75,158.20340538933903
2024-06-17,NIFTY500,23844.44,160.7085495990785
2024-06-18,NIFTY500,24240.12,163.37538341464992
2024-06-19,NIFTY500,24055.68,162.1322808344235
2024-06-20,NIFTY500,23971.49,161.56485074209397
2024-06-21,NIFTY500,23977.41,161.60475080322462
2024-06-24,NIFTY500,24248.12,163.42930241617785
2024-06-25,NIFTY500,24383.55,164.3420837132938
2024-06-26,NIFTY500,24330.34,163.98345495438116
2024-06-27,NIFTY500,24073.11,162.2497568590025
2024-06-28,NIFTY500,23673.46,159.55616573892283
2024-07-01,NIFTY500,23745.46,160.0414367526742
2024-07-02,NIFTY500,24142.21,162.71548223469998
2024-07-03,NIFTY500,24155.47,162.80485297973252
2024-07-04,NIFTY500,24256.59,163.48638915904556
2024-07-05,NIFTY500,24314.28,163.87521255881384
2024-07-08,NIFTY500,23977.75,161.60704236078956
2024-07-09,NIFTY500,24324.87,163.9465878370864
2024-07-10,NIFTY500,24168.88,162.8952347060437
2024-07-11,NIFTY500,24011.37,161.8336369647107
2024-07-12,NIFTY500,24122.79,162.58459385849093
2024-07-15,NIFTY500,23982.81,161.641146129256
2024-07-16,NIFTY500,23720.95,159.87624241174302
2024-07-17,NIFTY500,23936.64,161.3299660916879
2024-07-18,NIFTY500,23976.03,161.59544977546105
2024-07-19,NIFTY500,24192.22,163.05254339300146
2024-07-22,NIFTY500,24126.28,162.60811602290747
2024-07-23,NIFTY500,24042.12,162.04088812683366
2024-07-24,NIFTY500,24108.17,162.48605688319864
2024-07-25,NIFTY500,24195.5,163.0746501836279
2024-07-26,NIFTY500,24071.29,162.2374902861549
2024-07-29,NIFTY500,23922.51,161.23473165523922
2024-07-30,NIFTY500,24127.03,162.6131709293007
2024-07-31,NIFTY500,24210.66,163.17682669152333
2024-08-01,NIFTY500,24281.92,163.65711019763336
2024-08-02,NIFTY500,23874.95,160.91418319115567
2024-08-05,NIFTY500,23941.69,161.3640024614024
2024-08-06,NIFTY500,24032.79,161.97800509130172
2024-08-07,NIFTY500,23977.43,161.60488560072847
2024-08-08,NIFTY500,24109.54,162.4952905122103
2024-08-09,NIFTY500,23975.05,161.58884469777388
2024-08-12,NIFTY500,24060.03,162.1615992915043
2024-08-13,NIFTY500,23750.83,160.07762988244986
2024-08-14,NIFTY500,23953.37,161.4427242036332
2024-08-15,NIFTY500,23803.08,160.42978836117913
2024-08-16,NIFTY500,23906.78,161.12871341848492
2024-08-19,NIFTY500,24182.83,162.98925596495806
2024-08-20,NIFTY500,24406.89,164.49939240025154
2024-08-21,NIFTY500,24512.37,165.2103144353973
2024-08-22,NIFTY500,24703.44,166.49810238813998
2024-08-23,NIFTY500,25044.06,168.7938386756954
2024-08-26,NIFTY500,25083.57,169.06013114449146
2024-08-27,NIFTY500,25312.18,170.60093401190397
2024-08-28,NIFTY500,25063.38,168.92405306438536
2024-08-29,NIFTY500,24917.35,167.9398290902449
2024-08-30,NIFTY500,25263.67,170.27398266638897
2024-09-02,NIFTY500,25221.47,169.98955993332916
2024-09-03,NIFTY500,25118.02,169.29231984482112
2024-09-04,NIFTY500,25067.76,168.9535737177219
2024-09-05,NIFTY500,24923.71,167.98269469645962
2024-09-06,NIFTY500,24899.11,167.81689376676124
2024-09-09,NIFTY500,24682.56,166.3573737941521
2024-09-10,NIFTY500,24571.86,165.61126961050937
2024-09-11,NIFTY500,24601.59,165.81164609993752
2024-09-12,NIFTY500,24958.0,168.2138050167587
2024-09-13,NIFTY500,24961.05,168.23436163609122
2024-09-16,NIFTY500,24596.8,165.77936209777266
2024-09-17,NIFTY500,24828.81,167.34308054083456
2024-09-18,NIFTY500,25018.79,168.62352202961907
2024-09-19,NIFTY500,24857.0,167.5330776224686
2024-09-20,NIFTY500,25043.56,168.79046873809992
2024-09-23,NIFTY500,25027.43,168.68175455126922
2024-09-24,NIFTY500,25361.33,170.9321988775412
2024-09-25,NIFTY500,25914.42,174.65995644692651
2024-09-26,NIFTY500,26019.04,175.36508218940804
2024-09-27,NIFTY500,26209.35,176.64774783700554
2024-09-30,NIFTY500,26596.2,179.2550685546405
2024-10-01,NIFTY500,26836.51,180.8747279617876
2024-10-02,NIFTY500,26958.29,181.69550996254654
2024-10-03,NIFTY500,26946.23,181.61422706774314
2024-10-04,NIFTY500,26691.79,179.89933322414737
2024-10-07,NIFTY500,26640.36,179.55270144307468
2024-10-08,NIFTY500,26598.69,179.27185084386608
2024-10-09,NIFTY500,26617.47,179.3984256999529
2024-10-10,NIFTY500,26204.2,176.61303747977195
2024-10-11,NIFTY500,26134.54,176.14353777396752
2024-10-14,NIFTY500,26088.37,175.83235773639942
2024-10-15,NIFTY500,25783.18,173.77541522686084
2024-10-16,NIFTY500,25889.05,174.48896581333108
2024-10-17,NIFTY500,26114.95,176.011503618976
2024-10-18,NIFTY500,26127.48,176.0959542551191
2024-10-21,NIFTY500,25856.25,174.26789790706655
2024-10-22,NIFTY500,25846.05,174.19915118011843
2024-10-23,NIFTY500,26027.18,175.4199447734627
2024-10-24,NIFTY500,26201.53,176.595042013012
2024-10-25,NIFTY500,26204.27,176.61350927103533
2024-10-28,NIFTY500,26312.74,177.34458353300215
2024-10-29,NIFTY500,26179.28,176.44507979001244
2024-10-30,NIFTY500,26365.46,177.69990975307118
2024-10-31,NIFTY500,26284.09,177.15148610878023
2024-11-01,NIFTY500,26120.99,176.0522124651296
2024-11-04,NIFTY500,26354.8,177.6280626835352
2024-11-05,NIFTY500,26399.43,177.92886331330917
2024-11-06,NIFTY500,26432.22,178.1498638208218
2024-11-07,NIFTY500,26570.64,179.08279734475877
2024-11-08,NIFTY500,26568.5,179.06837401185004
2024-11-11,NIFTY500,26364.64,177.6943830554146
2024-11-12,NIFTY500,26326.02,177.4340890755385
2024-11-13,NIFTY500,25995.86,175.20885188248084
2024-11-14,NIFTY500,26279.61,177.1212914679246
2024-11-15,NIFTY500,26037.24,175.48774791788406
2024-11-18,NIFTY500,26501.05,178.6137694302177
2024-11-19,NIFTY500,26330.86,177.4667100714629
2024-11-20,NIFTY500,26488.04,178.5260836539829
2024-11-21,NIFTY500,26944.27,181.60101691236883
2024-11-22,NIFTY500,27020.38,182.11398881315517
2024-11-25,NIFTY500,26957.63,181.69106164492047
2024-11-26,NIFTY500,26979.24,181.8367103477978
2024-11-27,NIFTY500,26787.95,180.54743962251308
2024-11-28,NIFTY500,26327.15,177.44170513450433
2024-11-29,NIFTY500,26479.58,178.46906430986712
2024-12-02,NIFTY500,26024.02,175.39864676785916
2024-12-03,NIFTY500,25725.11,173.38403067451998
2024-12-04,NIFTY500,25751.46,173.56162638580258
2024-12-05,NIFTY500,25615.27,172.6437227835415
2024-12-06,NIFTY500,25739.62,173.48182626354125
2024-12-09,NIFTY500,26118.64,176.03637375843073
2024-12-10,NIFTY500,26073.19,175.73004643100018
2024-12-11,NIFTY500,25947.15,174.88055256192766
2024-12-12,NIFTY500,26368.59,177.721005562419
2024-12-13,NIFTY500,26541.71,178.8878127554834
2024-12-16,NIFTY500,26772.66,180.44438693084282
2024-12-17,NIFTY500,26986.74,181.88725941173024
2024-12-18,NIFTY500,26942.01,181.58578479443716
2024-12-19,NIFTY500,26866.71,181.07827219255554
2024-12-20,NIFTY500,26656.09,179.65871967982898
2024-12-23,NIFTY500,26841.32,180.90714676145626
2024-12-24,NIFTY500,26946.6,181.6167208215638
2024-12-25,NIFTY500,27114.54,182.7486154611389
2024-12-26,NIFTY500,26684.48,179.8500647365012
2024-12-27,NIFTY500,26918.31,181.4260497524107
2024-12-30,NIFTY500,26823.28,180.7855594130108
2024-12-31,NIFTY500,26344.73,177.56019214036195
2025-01-01,NIFTY500,26058.06,175.62807211936052
2025-01-02,NIFTY500,25956.52,174.94370519246723
2025-01-03,NIFTY500,25806.28,173.9311063437727
2025-01-06,NIFTY500,25822.49,174.0403597206187
2025-01-07,NIFTY500,25940.51,174.83579979065945
2025-01-08,NIFTY500,25927.71,174.7495293882148
2025-01-09,NIFTY500,25833.22,174.11267858141804
2025-01-10,NIFTY500,25878.91,174.4206234788944
2025-01-13,NIFTY500,25927.87,174.75060776824535
2025-01-14,NIFTY500,26233.15,176.80815686655114
2025-01-15,NIFTY500,26105.68,175.9490249759555
2025-01-16,NIFTY500,26093.57,175.8674050873926
2025-01-17,NIFTY500,26489.21,178.53396930795634
2025-01-20,NIFTY500,26219.37,176.71528138641926
2025-01-21,NIFTY500,26148.59,176.23823302040094
2025-01-22,NIFTY500,25951.95,174.9129039628444
2025-01-23,NIFTY500,25679.74,173.0782425371047
2025-01-24,NIFTY500,25744.08,173.5118861068931
2025-01-27,NIFTY500,26061.36,175.65031370749077
2025-01-28,NIFTY500,26561.68,179.0224080630475
2025-01-29,NIFTY500,26565.52,179.0482891837809
2025-01-30,NIFTY500,26697.83,179.94004207030096
2025-01-31,NIFTY500,26839.46,180.89461059360104
2025-02-03,NIFTY500,26804.56,180.65938894943545
2025-02-04,NIFTY500,27122.99,182.80556740650277
2025-02-05,NIFTY500,27097.65,182.63477896916308
2025-02-06,NIFTY500,27372.52,184.4873684629108
2025-02-07,NIFTY500,27300.66,184.0030410316862
2025-02-10,NIFTY500,27038.39,182.2353739653449
2025-02-11,NIFTY500,26793.34,180.5837675497925
2025-02-12,NIFTY500,26427.25,178.11636664112254
2025-02-13,NIFTY500,26737.16,180.20512136156265
2025-02-14,NIFTY500,27053.97,182.34038122082057
2025-02-17,NIFTY500,26897.95,181.2888258935221
2025-02-18,NIFTY500,26659.64,179.682646236757
2025-02-19,NIFTY500,26491.39,178.5486622358727
2025-02-20,NIFTY500,26546.7,178.92144473268644
2025-02-21,NIFTY500,26342.08,177.54233147110583
2025-02-24,NIFTY500,26483.79,178.4974391844212
2025-02-25,NIFTY500,26426.49,178.1112443359774
2025-02-26,NIFTY500,26694.04,179.9144979433271
2025-02-27,NIFTY500,26867.15,181.08123773763958
2025-02-28,NIFTY500,26616.33,179.39074224223518
2025-03-03,NIFTY500,26335.65,177.49899407362776
2025-03-04,NIFTY500,26397.53,177.91605755044628
2025-03-05,NIFTY500,26368.82,177.7225557337129
2025-03-06,NIFTY500,26680.53,179.8234422294968
2025-03-07,NIFTY500,26786.23,180.53584703718457
2025-03-10,NIFTY500,26692.08,179.90128778795275
2025-03-11,NIFTY500,27104.84,182.68323867178628
2025-03-12,NIFTY500,27016.48,182.0877032999103
2025-03-13,NIFTY500,26713.2,180.0436339519865
2025-03-14,NIFTY500,26678.52,179.8098950803629
2025-03-17,NIFTY500,26503.29,178.62886675064553
2025-03-18,NIFTY500,26748.86,180.28397790129722
2025-03-19,NIFTY500,26497.45,178.58950587953012
2025-03-20,NIFTY500,26710.38,180.0246275039479
2025-03-21,NIFTY500,26662.84,179.70421383736817
2025-03-24,NIFTY500,26306.34,177.3014483317798
2025-03-25,NIFTY500,26419.06,178.06116706330832
2025-03-26,NIFTY500,26710.74,180.02705385901666
2025-03-27,NIFTY500,26748.69,180.28283212251475
2025-03-28,NIFTY500,26717.5,180.07261541530775
2025-03-31,NIFTY500,27173.08,183.14316775481953
2025-04-01,NIFTY500,27476.34,185.1871023052395
2025-04-02,NIFTY500,27678.13,186.54714172002963
2025-04-03,NIFTY500,27205.67,183.3628202872939
2025-04-04,NIFTY500,27052.7,182.33182157932802
2025-04-07,NIFTY500,27015.71,182.08251359601323
2025-04-08,NIFTY500,27140.28,182.922099848555
2025-04-09,NIFTY500,27369.71,184.4684294136241
2025-04-10,NIFTY500,27133.46,182.87613389975243
2025-04-11,NIFTY500,27286.56,183.90800879149322
2025-04-14,NIFTY500,27021.71,182.12295284715918
2025-04-15,NIFTY500,27205.69,183.36295508479773
2025-04-16,NIFTY500,26956.24,181.681693218405
2025-04-17,NIFTY500,27267.31,183.77826619406662
2025-04-18,NIFTY500,27342.64,184.285980992204
2025-04-21,NIFTY500,27264.24,183.7575747772303
2025-04-22,NIFTY500,27351.45,184.34535929263663
2025-04-23,NIFTY500,27208.05,183.3788611902485
2025-04-24,NIFTY500,27227.52,183.51008656021708
2025-04-25,NIFTY500,27002.82,181.99563660480135
2025-04-28,NIFTY500,27087.54,182.56663883098213
2025-04-29,NIFTY500,27041.23,182.25451521088735
2025-04-30,NIFTY500,27005.98,182.0169346104049
2025-05-01,NIFTY500,27009.92,182.04348971865738
2025-05-02,NIFTY500,26812.7,180.7142515334901
2025-05-05,NIFTY500,27322.68,184.1514530833918
2025-05-06,NIFTY500,27287.59,183.91495086293992
2025-05-07,NIFTY500,27567.51,185.80157672640217
2025-05-08,NIFTY500,27299.92,183.99805352404485
2025-05-09,NIFTY500,26776.39,180.4695266653052
2025-05-12,NIFTY500,26851.04,180.9726583483127
2025-05-13,NIFTY500,27118.65,182.77631634817388
2025-05-14,NIFTY500,27424.98,184.8409423154302
2025-05-15,NIFTY500,27666.01,186.4654544327148
2025-05-16,NIFTY500,27628.78,186.21452887935422
2025-05-19,NIFTY500,27783.79,187.25927693270975
2025-05-20,NIFTY500,27642.52,186.30713476447843
2025-05-21,NIFTY500,27507.92,185.399947563771
2025-05-22,NIFTY500,27575.33,185.85428255039577
2025-05-23,NIFTY500,27647.3,186.33935136789137
2025-05-26,NIFTY500,27532.55,185.56595068972513
2025-05-27,NIFTY500,27591.11,185.9606377809096
2025-05-28,NIFTY500,27884.64,187.93899334572123
2025-05-29,NIFTY500,27681.69,186.57113567570954
2025-05-30,NIFTY500,27860.87,187.77878651243137
2025-06-02,NIFTY500,27541.89,185.628901124009
2025-06-03,NIFTY500,27150.64,182.99192495553368
2025-06-04,NIFTY500,27237.26,183.5757329445773
2025-06-05,NIFTY500,27235.8,183.5658927267985
2025-06-06,NIFTY500,27277.58,183.84748471227812
2025-06-09,NIFTY500,27315.52,184.1031955770243
2025-06-10,NIFTY500,27561.0,185.75770013890883
2025-06-11,NIFTY500,27704.88,186.72743338138866
2025-06-12,NIFTY500,27833.91,187.59707947728225
2025-06-13,NIFTY500,28190.11,189.99782302031332
2025-06-16,NIFTY500,28430.19,191.61593225616647
2025-06-17,NIFTY500,28489.93,192.0185724000763
2025-06-18,NIFTY500,28771.25,193.91463408880594
2025-06-19,NIFTY500,28716.16,193.54333436453425
2025-06-20,NIFTY500,28667.87,193.21786579156125
2025-06-23,NIFTY500,29017.15,195.5719693982707
2025-06-24,NIFTY500,28974.0,195.2811437837794
2025-06-25,NIFTY500,29092.64,196.08076257643862
2025-06-26,NIFTY500,29198.08,196.79141501657674
2025-06-27,NIFTY500,29253.13,197.1624451458408
2025-06-30,NIFTY500,29736.7,200.42164659194844
2025-07-01,NIFTY500,29719.76,200.30747310621302
2025-07-02,NIFTY500,30203.76,203.56957269865273
2025-07-03,NIFTY500,29934.06,201.75182835964245
2025-07-04,NIFTY500,29937.0,201.77164359270395
2025-07-07,NIFTY500,29889.19,201.44941015982266
2025-07-08,NIFTY500,30109.66,202.9353504431805
2025-07-09,NIFTY500,29766.78,200.62438203769344
2025-07-10,NIFTY500,29882.58,201.40485958481023
2025-07-11,NIFTY500,30142.84,203.1589795020176
2025-07-14,NIFTY500,30071.5,202.67815680589229
2025-07-15,NIFTY500,29922.59,201.67452199120177
2025-07-16,NIFTY500,29776.37,200.68901744077502
2025-07-17,NIFTY500,29921.89,201.6698040785681
2025-07-18,NIFTY500,29521.59,198.9718320396143
2025-07-21,NIFTY500,29197.94,196.79047143404998
2025-07-22,NIFTY500,29234.5,197.03688127103263
2025-07-23,NIFTY500,29400.68,198.15691373027155
2025-07-24,NIFTY500,29487.34,198.74099131432286
2025-07-25,NIFTY500,29659.41,199.90072163843672
2025-07-28,NIFTY500,29401.97,198.16560816926793
2025-07-29,NIFTY500,28967.05,195.234301651202
2025-07-30,NIFTY500,29208.54,196.8619141110745
2025-07-31,NIFTY500,28898.71,194.7736985806497
2025-08-01,NIFTY500,29045.22,195.76115769488183
2025-08-04,NIFTY500,28595.25,192.72841605519147
2025-08-05,NIFTY500,28781.28,193.9822350369716
2025-08-06,NIFTY500,28795.69,194.07935663847377
2025-08-07,NIFTY500,29076.24,195.97022862330638
2025-08-08,NIFTY500,29295.23,197.4461938913815
2025-08-11,NIFTY500,29221.28,196.9477801210077
2025-08-12,NIFTY500,29095.57,196.1005104107482
2025-08-13,NIFTY500,29191.85,196.74942559413685
2025-08-14,NIFTY500,29078.0,195.9820908036425
2025-08-15,NIFTY500,28264.29,190.49778696198106
2025-08-18,NIFTY500,28208.95,190.1248022689116
2025-08-19,NIFTY500,28010.11,188.7846454859349
2025-08-20,NIFTY500,27892.58,187.99250795473773
2025-08-21,NIFTY500,27980.22,188.58319061647617
2025-08-22,NIFTY500,28302.75,190.75700256182657
2025-08-25,NIFTY500,28780.02,193.97374279423093
2025-08-26,NIFTY500,28919.48,194.91368578836656
2025-08-27,NIFTY500,28782.96,193.99355802729247
2025-08-28,NIFTY500,29045.06,195.76007931485125
2025-08-29,NIFTY500,28675.37,193.26841485549372
2025-09-01,NIFTY500,28515.93,192.19380915504206
2025-09-02,NIFTY500,28472.92,191.90392712307752
2025-09-03,NIFTY500,28007.99,188.77035695053
2025-09-04,NIFTY500,28083.53,189.27948712245745
2025-09-05,NIFTY500,27895.02,188.00895325020372
2025-09-08,NIFTY500,27969.82,188.51309591448987
2025-09-09,NIFTY500,27918.76,188.16895788723784
2025-09-10,NIFTY500,27726.67,186.87429526180034
2025-09-11,NIFTY500,27497.61,185.3304594505519
2025-09-12,NIFTY500,27500.06,185.34697214476984
2025-09-15,NIFTY500,27690.7,186.6318619511804
2025-09-16,NIFTY500,27875.06,187.87442534139154
2025-09-17,NIFTY500,27961.73,188.45857032419474
2025-09-18,NIFTY500,28117.79,189.51039524650085
2025-09-19,NIFTY500,28150.75,189.7325415327959
2025-09-22,NIFTY500,28002.35,188.7323440544528
2025-09-23,NIFTY500,28365.97,191.18309747140103
2025-09-24,NIFTY500,28217.1,190.17973225171815
2025-09-25,NIFTY500,28626.77,192.94085692121155
2025-09-26,NIFTY500,28802.72,194.12673796106645
2025-09-29,NIFTY500,28753.36,193.79405772163912
2025-09-30,NIFTY500,28444.08,191.70954912256937
2025-10-01,NIFTY500,28543.42,192.3790883240424
2025-10-02,NIFTY500,28546.17,192.39762298081763
2025-10-03,NIFTY500,28868.18,194.56793019106874
2025-10-06,NIFTY500,28619.76,192.89361039612268
2025-10-07,NIFTY500,28902.69,194.80052328390983
2025-10-08,NIFTY500,29296.19,197.45266417156486
2025-10-09,NIFTY500,29125.95,196.30526781905053
2025-10-10,NIFTY500,29331.25,197.68896419576103
2025-10-13,NIFTY500,29711.93,200.25469988346757
2025-10-14,NIFTY500,30086.24,202.7775025662075
2025-10-15,NIFTY500,30382.49,204.77419059153866
2025-10-16,NIFTY500,30862.74,208.01101565201216
2025-10-17,NIFTY500,30896.85,208.24091279477685
2025-10-20,NIFTY500,30900.56,208.26591773173547
2025-10-21,NIFTY500,31347.36,211.2772939670703
2025-10-22,NIFTY500,30717.62,207.03292496429552
2025-10-23,NIFTY500,30656.38,206.62017500759924
2025-10-24,NIFTY500,30452.17,205.24382509484687
2025-10-27,NIFTY500,30479.11,205.4253973324922
2025-10-28,NIFTY500,30607.19,206.28864054695435
2025-10-29,NIFTY500,30781.96,207.46656853408388
2025-10-30,NIFTY500,30819.15,207.71722449243688
2025-10-31,NIFTY500,30881.97,208.1406234519349
2025-11-03,NIFTY500,31163.15,210.03574155813786
2025-11-04,NIFTY500,31022.5,209.08777811252492
2025-11-05,NIFTY500,30944.33,208.56092206884514
2025-11-06,NIFTY500,30711.38,206.9908681431037
2025-11-07,NIFTY500,30723.73,207.07410560171246
2025-11-10,NIFTY500,30303.1,204.23911190012583
2025-11-11,NIFTY500,30668.24,206.7001099273644
2025-11-12,NIFTY500,30900.17,208.26328918041094
2025-11-13,NIFTY500,30649.55,206.57414166004475
2025-11-14,NIFTY500,31001.26,208.94462316346826
2025-11-17,NIFTY500,30944.57,208.56253963889094
2025-11-18,NIFTY500,30769.7,207.38393766424235
2025-11-19,NIFTY500,30887.19,208.1758056004319
2025-11-20,NIFTY500,30456.38,205.272199969401
2025-11-21,NIFTY500,30379.16,204.75174680715264
2025-11-24,NIFTY500,30494.98,205.53235915177322
2025-11-25,NIFTY500,30994.15,208.8967026508603
2025-11-26,NIFTY500,30664.05,206.6718698503141
2025-11-27,NIFTY500,30358.88,204.6150621382793
2025-11-28,NIFTY500,30310.29,204.28757160274907
2025-12-01,NIFTY500,30239.55,203.81079283173835
2025-12-02,NIFTY500,30465.1,205.33097168106642
2025-12-03,NIFTY500,30892.98,208.21482947778773
2025-12-04,NIFTY500,31190.19,210.21798778330222
2025-12-05,NIFTY500,31085.07,209.50949210322523
2025-12-08,NIFTY500,31501.78,212.31806549406315
2025-12-09,NIFTY500,31496.69,212.283759529341
2025-12-10,NIFTY500,31657.41,213.36699227003714
2025-12-11,NIFTY500,31791.03,214.26757439305737
2025-12-12,NIFTY500,31933.17,215.22558025270487
2025-12-15,NIFTY500,32196.83,217.00261574556166
2025-12-16,NIFTY500,32443.13,218.66264700510277
2025-12-17,NIFTY500,32668.27,220.1800625056025
2025-12-18,NIFTY500,32534.25,219.27678443250588
2025-12-19,NIFTY500,32302.55,217.7151553507532
2025-12-22,NIFTY500,32532.07,219.26209150458953
2025-12-23,NIFTY500,32645.1,220.02389959742726
2025-12-24,NIFTY500,32916.02,221.84986658417057
2025-12-25,NIFTY500,32798.95,221.06082939556126
2025-12-26,NIFTY500,33031.2,222.62616540866892
2025-12-29,NIFTY500,32959.96,222.14601670006275
2025-12-30,NIFTY500,32870.98,221.54630260556837
2025-12-31,NIFTY500,33230.1,223.96672658415713
2026-01-01,NIFTY500,33571.28,226.2662372018195
2026-01-02,NIFTY500,33653.42,226.81985055000752
2026-01-05,NIFTY500,33568.07,226.2446022024564
2026-01-06,NIFTY500,33560.81,226.19567070856982
2026-01-07,NIFTY500,33621.87,226.60720748773176
2026-01-08,NIFTY500,33524.45,225.95060884662536
2026-01-09,NIFTY500,33637.11,226.70992318564248
2026-01-12,NIFTY500,33504.72,225.81763110910714
2026-01-13,NIFTY500,33984.43,229.05081663697752
2026-01-14,NIFTY500,33412.5,225.1960798189939
2026-01-15,NIFTY500,33243.44,224.05663651920497
2026-01-16,NIFTY500,33488.11,225.70568178218474
2026-01-19,NIFTY500,33974.62,228.9846984613539
2026-01-20,NIFTY500,33813.26,227.89715220053557
2026-01-21,NIFTY500,33762.06,227.55207059075678
2026-01-22,NIFTY500,33916.67,228.59412269403597
2026-01-23,NIFTY500,34083.98,229.7217712122407
2026-01-26,NIFTY500,34142.45,230.11585171465794
2026-01-27,NIFTY500,34396.06,231.82515146184522
2026-01-28,NIFTY500,34503.72,232.55076642490735
2026-01-29,NIFTY500,34617.89,233.32025797546282
2026-01-30,NIFTY500,35118.14,236.69188053975617
2026-02-02,NIFTY500,35084.87,236.46764489215192
2026-02-03,NIFTY500,35028.32,236.08650495010136
2026-02-04,NIFTY500,34952.53,235.57568980937612
2026-02-05,NIFTY500,34789.12,234.47432680441628
2026-02-06,NIFTY500,34771.71,234.35698557734108
2026-02-09,NIFTY500,34601.37,233.20891523730768
2026-02-10,NIFTY500,34760.46,234.28116198144244
2026-02-11,NIFTY500,34924.42,235.38623191775736
2026-02-12,NIFTY500,35017.03,236.01041175919505
2026-02-13,NIFTY500,35158.47,236.96369970620887
2026-02-16,NIFTY500,35429.45,238.7900710854636
2026-02-17,NIFTY500,35128.61,236.76244703300586
2026-02-18,NIFTY500,35231.41,237.45530620263975
2026-02-19,NIFTY500,35752.53,240.9675899621691
2026-02-20,NIFTY500,35603.65,239.96415734373434
2026-02-23,NIFTY500,36418.15,245.45378568679666
2026-02-24,NIFTY500,36339.84,244.92598606059013
2026-02-25,NIFTY500,36438.27,245.5893919756394
2026-02-26,NIFTY500,36551.17,246.35032388470228
2026-02-27,NIFTY500,36111.37,243.38612677570438
2026-03-02,NIFTY500,35876.16,241.80084073203133
2026-03-03,NIFTY500,36104.36,243.33888025061552
2026-03-04,NIFTY500,36049.18,242.96697393757665
2026-03-05,NIFTY500,35792.23,241.2351630072515
2026-03-06,NIFTY500,36196.72,243.9613751232555
2026-03-09,NIFTY500,36314.15,244.75283866693357
2026-03-10,NIFTY500,36287.63,244.5740971768685
2026-03-11,NIFTY500,37045.24,249.68029402031533
2026-03-12,NIFTY500,36739.01,247.6163420405781
2026-03-13,NIFTY500,36424.66,245.49766227429
2026-03-16,NIFTY500,36315.8,244.7639594609987
2026-03-17,NIFTY500,36424.03,245.49341615291968
2026-03-18,NIFTY500,36588.4,246.60124943806295
2026-03-19,NIFTY500,36373.23,245.15103049321735
2026-03-20,NIFTY500,35947.96,242.28476377074452
2026-03-23,NIFTY500,36152.24,243.6615854747602
2026-03-24,NIFTY500,36030.26,242.8394554989631
2026-03-25,NIFTY500,36051.39,242.9818690617487
2026-03-26,NIFTY500,36097.46,243.2923751117977
2026-03-27,NIFTY500,36421.99,245.47966680753004
2026-03-30,NIFTY500,36276.4,244.49840837847367
2026-03-31,NIFTY500,36807.25,248.07627112361135
2026-04-01,NIFTY500,36778.65,247.883510693149
2026-04-02,NIFTY500,36364.63,245.09306756657477
2026-04-03,NIFTY500,36061.37,243.04913301615483
2026-04-06,NIFTY500,35746.47,240.92674631851168
2026-04-07,NIFTY500,35535.93,239.50773299580038
2026-04-08,NIFTY500,35635.3,240.17747439352922
2026-04-09,NIFTY500,35971.46,242.4431508377328
2026-04-10,NIFTY500,35291.81,237.86239466417558
2026-04-13,NIFTY500,35589.83,239.87101226859485
2026-04-14,NIFTY500,36054.78,243.00471723864615
2026-04-15,NIFTY500,36731.91,247.5684889267221
2026-04-16,NIFTY500,36887.15,248.61478715137153
2026-04-17,NIFTY500,36331.91,244.87253885032558
2026-04-20,NIFTY500,35922.39,242.11242516211087
2026-04-21,NIFTY500,36224.88,244.15117000863376
2026-04-22,NIFTY500,36273.42,244.4783235504045
2026-04-23,NIFTY500,36091.04,243.24910511307155
2026-04-24,NIFTY500,35637.61,240.19304350522037
2026-04-27,NIFTY500,35319.08,238.04619106063396
2026-04-28,NIFTY500,35501.26,239.27406152292875
2026-04-29,NIFTY500,35669.99,240.41128066390468
2026-04-30,NIFTY500,35993.84,242.59398924450716
2026-05-01,NIFTY500,36434.05,245.56094970233343
2026-05-04,NIFTY500,36171.78,243.79328263599214
2026-05-05,NIFTY500,36486.19,245.9123667947917
2026-05-06,NIFTY500,36266.94,244.4346491591669
2026-05-07,NIFTY500,36245.67,244.29129201385447
2026-05-08,NIFTY500,36030.83,242.84329722782195
2026-05-11,NIFTY500,36295.09,244.62437664579326
2026-05-12,NIFTY500,36128.67,243.50272661650848
2026-05-13,NIFTY500,36354.36,245.02384904836333
2026-05-14,NIFTY500,36527.04,246.1876906963437
2026-05-15,NIFTY500,36914.79,248.80107730165057
2026-05-18,NIFTY500,37124.71,250.2159119017434
2026-05-19,NIFTY500,37761.23,254.50597725831315
2026-05-20,NIFTY500,37567.22,253.19837407250895
2026-05-21,NIFTY500,37851.06,255.11142024671986
2026-05-22,NIFTY500,38004.83,256.1478108548386
2026-05-25,NIFTY500,37772.25,254.58025068291786
2026-05-26,NIFTY500,38111.96,256.8698536840495
2026-05-27,NIFTY500,38418.87,258.9383887789166
2026-05-28,NIFTY500,38220.66,257.6024781173102
2026-05-29,NIFTY500,37680.76,253.9636195016941
2022-01-03,NIFTY_MIDCAP150,9721.79,100.0
2022-01-04,NIFTY_MIDCAP150,9954.23,102.39091772194213
2022-01-05,NIFTY_MIDCAP150,9859.05,101.41187991100402
2022-01-06,NIFTY_MIDCAP150,9787.54,100.67631578135303
2022-01-07,NIFTY_MIDCAP150,9803.31,100.83852870716194
2022-01-10,NIFTY_MIDCAP150,9844.45,101.26170180594313
2022-01-11,NIFTY_MIDCAP150,9791.21,100.71406603104982
2022-01-12,NIFTY_MIDCAP150,9876.14,101.58767058329792
2022-01-13,NIFTY_MIDCAP150,9873.26,101.55804640914891
2022-01-14,NIFTY_MIDCAP150,10002.73,102.88979704354855
2022-01-17,NIFTY_MIDCAP150,9933.58,102.17850827882518
2022-01-18,NIFTY_MIDCAP150,9843.49,101.25182708122679
2022-01-19,NIFTY_MIDCAP150,9827.96,101.09208283659694
2022-01-20,NIFTY_MIDCAP150,9817.39,100.98335800300148
2022-01-21,NIFTY_MIDCAP150,9724.35,100.02633259924355
2022-01-24,NIFTY_MIDCAP150,9742.25,100.21045507051684
2022-01-25,NIFTY_MIDCAP150,9676.3,99.5320820548479
2022-01-26,NIFTY_MIDCAP150,9893.28,101.76397556417078
2022-01-27,NIFTY_MIDCAP150,9892.88,101.75986109553898
2022-01-28,NIFTY_MIDCAP150,9940.6,102.25071720331339
2022-01-31,NIFTY_MIDCAP150,9807.35,100.88008484034319
2022-02-01,NIFTY_MIDCAP150,9874.99,101.57584148598148
2022-02-02,NIFTY_MIDCAP150,9791.4,100.71602040364994
2022-02-03,NIFTY_MIDCAP150,9899.67,101.82970420056388
2022-02-04,NIFTY_MIDCAP150,9734.45,100.13022293219665
2022-02-07,NIFTY_MIDCAP150,9737.12,100.15768701031394
2022-02-08,NIFTY_MIDCAP150,9858.09,101.40200518628771
2022-02-09,NIFTY_MIDCAP150,9884.01,101.6686227536287
2022-02-10,NIFTY_MIDCAP150,9874.6,101.57182987906548
2022-02-11,NIFTY_MIDCAP150,10031.8,103.18881605136501
2022-02-14,NIFTY_MIDCAP150,9945.15,102.29751928400015
2022-02-15,NIFTY_MIDCAP150,9820.24,101.0126735920031
2022-02-16,NIFTY_MIDCAP150,9710.87,99.8876750063517
2022-02-17,NIFTY_MIDCAP150,9606.86,98.81781030036649
2022-02-18,NIFTY_MIDCAP150,9658.37,99.34765099842724
2022-02-21,NIFTY_MIDCAP150,9631.55,99.07177587666467
2022-02-22,NIFTY_MIDCAP150,9745.75,100.24645667104515
2022-02-23,NIFTY_MIDCAP150,9803.0,100.8353399939723
2022-02-24,NIFTY_MIDCAP150,9849.92,101.31796716448306
2022-02-25,NIFTY_MIDCAP150,9664.02,99.4057678678515
2022-02-28,NIFTY_MIDCAP150,9733.14,100.11674804742748
2022-03-01,NIFTY_MIDCAP150,9878.28,101.60968299047808
2022-03-02,NIFTY_MIDCAP150,9896.16,101.79359973831978
2022-03-03,NIFTY_MIDCAP150,9794.5,100.74790753554643
2022-03-04,NIFTY_MIDCAP150,9629.72,99.05295218267416
2022-03-07,NIFTY_MIDCAP150,9745.27,100.24151930868696
2022-03-08,NIFTY_MIDCAP150,9762.76,100.42142444961266
2022-03-09,NIFTY_MIDCAP150,9619.52,98.94803323256313
2022-03-10,NIFTY_MIDCAP150,9667.41,99.44063798950604
2022-03-11,NIFTY_MIDCAP150,9671.17,99.47931399464501
2022-03-14,NIFTY_MIDCAP150,9853.29,101.35263156270604
2022-03-15,NIFTY_MIDCAP150,9769.94,100.49527916155358
2022-03-16,NIFTY_MIDCAP150,9817.55,100.98500379045421
2022-03-17,NIFTY_MIDCAP150,9956.83,102.41766176804887
2022-03-18,NIFTY_MIDCAP150,10015.42,103.02032856089258
2022-03-21,NIFTY_MIDCAP150,10003.95,102.90234617287557
2022-03-22,NIFTY_MIDCAP150,9972.09,102.57462874635226
2022-03-23,NIFTY_MIDCAP150,9943.17,102.27715266427273
2022-03-24,NIFTY_MIDCAP150,9892.43,101.7552323183282
2022-03-25,NIFTY_MIDCAP150,9820.37,101.01401079430845
2022-03-28,NIFTY_MIDCAP150,9954.12,102.3897862430684
2022-03-29,NIFTY_MIDCAP150,10079.59,103.68039219114998
2022-03-30,NIFTY_MIDCAP150,10169.59,104.60614763330621
2022-03-31,NIFTY_MIDCAP150,10201.64,104.9358194324296
2022-04-01,NIFTY_MIDCAP150,10229.89,105.22640377955086
2022-04-04,NIFTY_MIDCAP150,10056.36,103.44144442535787
2022-04-05,NIFTY_MIDCAP150,10142.53,104.32780383036457
2022-04-06,NIFTY_MIDCAP150,10150.44,104.40916744755853
2022-04-07,NIFTY_MIDCAP150,10019.96,103.06702777986357
2022-04-08,NIFTY_MIDCAP150,10146.23,104.36586266520875
2022-04-11,NIFTY_MIDCAP150,10134.08,104.24088568051768
2022-04-12,NIFTY_MIDCAP150,10227.08,105.19749963741245
2022-04-13,NIFTY_MIDCAP150,10284.67,105.78988025867663
2022-04-14,NIFTY_MIDCAP150,10186.01,104.77504657064183
2022-04-15,NIFTY_MIDCAP150,10279.11,105.73268914469453
2022-04-18,NIFTY_MIDCAP150,10208.04,105.0016509305385
2022-04-19,NIFTY_MIDCAP150,10023.58,103.10426372098141
2022-04-20,NIFTY_MIDCAP150,10114.81,104.04267115418044
2022-04-21,NIFTY_MIDCAP150,10144.26,104.34559890719713
2022-04-22,NIFTY_MIDCAP150,10163.64,104.54494491240808
2022-04-25,NIFTY_MIDCAP150,10257.69,105.51235934946138
2022-04-26,NIFTY_MIDCAP150,10131.6,104.21537597500048
2022-04-27,NIFTY_MIDCAP150,10029.2,103.16207200525828
2022-04-28,NIFTY_MIDCAP150,9909.79,101.93380025694856
2022-04-29,NIFTY_MIDCAP150,9863.14,101.45395035276424
2022-05-02,NIFTY_MIDCAP150,9906.82,101.90325032735741
2022-05-03,NIFTY_MIDCAP150,10144.9,104.35218205700801
2022-05-04,NIFTY_MIDCAP150,10123.45,104.13154367662744
2022-05-05,NIFTY_MIDCAP150,10148.68,104.39106378557858
2022-05-06,NIFTY_MIDCAP150,9992.14,102.78086648652149
2022-05-09,NIFTY_MIDCAP150,9936.43,102.2078238678268
2022-05-10,NIFTY_MIDCAP150,9713.54,99.91513908446902
2022-05-11,NIFTY_MIDCAP150,9974.15,102.59581825980607
2022-05-12,NIFTY_MIDCAP150,9768.68,100.48231858536339
2022-05-13,NIFTY_MIDCAP150,9717.68,99.95772383480819
2022-05-16,NIFTY_MIDCAP150,9708.02,99.8583594173501
2022-05-17,NIFTY_MIDCAP150,9910.95,101.9457322159808
2022-05-18,NIFTY_MIDCAP150,9942.45,102.26974662073549
2022-05-19,NIFTY_MIDCAP150,9791.56,100.71766619110265
2022-05-20,NIFTY_MIDCAP150,9764.3,100.4372651538451
2022-05-23,NIFTY_MIDCAP150,9777.26,100.5705739375156
2022-05-24,NIFTY_MIDCAP150,9712.12,99.9005327208261
2022-05-25,NIFTY_MIDCAP150,9636.84,99.12618972432031
2022-05-26,NIFTY_MIDCAP150,9554.26,98.27675767528407
2022-05-27,NIFTY_MIDCAP150,9475.47,97.46631021653418
2022-05-30,NIFTY_MIDCAP150,9381.9,96.5038331418391
2022-05-31,NIFTY_MIDCAP150,9292.94,95.58877531812556
2022-06-01,NIFTY_MIDCAP150,9262.6,95.27669287240312
2022-06-02,NIFTY_MIDCAP150,9345.89,96.13342810326081
2022-06-03,NIFTY_MIDCAP150,9216.09,94.79828303223994
2022-06-06,NIFTY_MIDCAP150,9135.72,93.97158342239442
2022-06-07,NIFTY_MIDCAP150,9145.49,94.07207931872628
2022-06-08,NIFTY_MIDCAP150,9203.88,94.67268887725407
2022-06-09,NIFTY_MIDCAP150,9363.82,96.31785915968149
2022-06-10,NIFTY_MIDCAP150,9443.04,97.13272967221057
2022-06-13,NIFTY_MIDCAP150,9463.63,97.34452194503274
2022-06-14,NIFTY_MIDCAP150,9464.46,97.35305946744374
2022-06-15,NIFTY_MIDCAP150,9455.05,97.25626659288051
2022-06-16,NIFTY_MIDCAP150,9334.81,96.0194573221598
2022-06-17,NIFTY_MIDCAP150,9380.43,96.48871246961721
2022-06-20,NIFTY_MIDCAP150,9337.91,96.05134445405629
2022-06-21,NIFTY_MIDCAP150,9357.74,96.25531923647804
2022-06-22,NIFTY_MIDCAP150,9262.84,95.2791615535822
2022-06-23,NIFTY_MIDCAP150,9256.79,95.21693021552615
2022-06-24,NIFTY_MIDCAP150,9163.59,94.25825902431548
2022-06-27,NIFTY_MIDCAP150,9222.81,94.86740610525428
2022-06-28,NIFTY_MIDCAP150,9199.52,94.6278411691674
2022-06-29,NIFTY_MIDCAP150,9221.5,94.85393122048511
2022-06-30,NIFTY_MIDCAP150,9179.32,94.42006050326121
2022-07-01,NIFTY_MIDCAP150,9254.75,95.19594642550395
2022-07-04,NIFTY_MIDCAP150,9295.78,95.61798804541138
2022-07-05,NIFTY_MIDCAP150,9211.53,94.75137808983737
2022-07-06,NIFTY_MIDCAP150,9119.79,93.80772470913278
2022-07-07,NIFTY_MIDCAP150,9213.66,94.77328763530171
2022-07-08,NIFTY_MIDCAP150,8980.6,92.37599248698028
2022-07-11,NIFTY_MIDCAP150,9125.44,93.86584157855702
2022-07-12,NIFTY_MIDCAP150,9053.99,93.13089461920077
2022-07-13,NIFTY_MIDCAP150,9124.04,93.85144093834572
2022-07-14,NIFTY_MIDCAP150,9166.32,94.28634027272754
2022-07-15,NIFTY_MIDCAP150,9132.0,93.93331886411863
2022-07-18,NIFTY_MIDCAP150,9166.8,94.2912776350857
2022-07-19,NIFTY_MIDCAP150,9176.51,94.3911563611228
2022-07-20,NIFTY_MIDCAP150,9259.94,95.24933165600162
2022-07-21,NIFTY_MIDCAP150,9182.66,94.4544163163368
2022-07-22,NIFTY_MIDCAP150,9255.87,95.207466937673
2022-07-25,NIFTY_MIDCAP150,9058.19,93.17409653983474
2022-07-26,NIFTY_MIDCAP150,9121.97,93.83014856317611
2022-07-27,NIFTY_MIDCAP150,9125.24,93.86378434424113
2022-07-28,NIFTY_MIDCAP150,9177.54,94.4017511178497
2022-07-29,NIFTY_MIDCAP150,9243.75,95.08279853812928
2022-08-01,NIFTY_MIDCAP150,9400.94,96.69968184871304
2022-08-02,NIFTY_MIDCAP150,9417.04,96.8652892111432
2022-08-03,NIFTY_MIDCAP150,9327.66,95.94591119536628
2022-08-04,NIFTY_MIDCAP150,9524.35,97.96909828334081
2022-08-05,NIFTY_MIDCAP150,9566.41,98.40173465997516
2022-08-08,NIFTY_MIDCAP150,9663.72,99.40268201637763
2022-08-09,NIFTY_MIDCAP150,9624.67,99.00100701619763
2022-08-10,NIFTY_MIDCAP150,9584.78,98.59069163189083
2022-08-11,NIFTY_MIDCAP150,9603.1,98.77913429522752
2022-08-12,NIFTY_MIDCAP150,9667.97,99.44639824559056
2022-08-15,NIFTY_MIDCAP150,9704.15,99.81855193333736
2022-08-16,NIFTY_MIDCAP150,9601.26,98.7602077395212
2022-08-17,NIFTY_MIDCAP150,9774.39,100.5410526250824
2022-08-18,NIFTY_MIDCAP150,9649.15,99.25281249646412
2022-08-19,NIFTY_MIDCAP150,9691.39,99.68730038398277
2022-08-22,NIFTY_MIDCAP150,9700.27,99.77864158760886
2022-08-23,NIFTY_MIDCAP150,9988.6,102.74445343913004
2022-08-24,NIFTY_MIDCAP150,9945.85,102.30471960410583
2022-08-25,NIFTY_MIDCAP150,9814.76,100.95630537174738
2022-08-26,NIFTY_MIDCAP150,9893.68,101.7680900328026
2022-08-29,NIFTY_MIDCAP150,9843.74,101.25439862412169
2022-08-30,NIFTY_MIDCAP150,9969.54,102.5483990088245
2022-08-31,NIFTY_MIDCAP150,10075.44,103.637704579095
2022-09-01,NIFTY_MIDCAP150,10162.9,104.53733314543925
2022-09-02,NIFTY_MIDCAP150,10080.16,103.68625530895031
2022-09-05,NIFTY_MIDCAP150,10185.96,104.77453226206283
2022-09-06,NIFTY_MIDCAP150,10462.37,107.61773294835622
2022-09-07,NIFTY_MIDCAP150,10424.04,107.22346399171346
2022-09-08,NIFTY_MIDCAP150,10407.45,107.05281640520931
2022-09-09,NIFTY_MIDCAP150,10397.42,106.9496461042668
2022-09-12,NIFTY_MIDCAP150,10368.33,106.65042137301874
2022-09-13,NIFTY_MIDCAP150,10391.07,106.8843289147369
2022-09-14,NIFTY_MIDCAP150,10400.07,106.97690445895252
2022-09-15,NIFTY_MIDCAP150,10399.81,106.97423005434183
2022-09-16,NIFTY_MIDCAP150,10302.19,105.97009398474972
2022-09-19,NIFTY_MIDCAP150,10448.81,107.478252461738
2022-09-20,NIFTY_MIDCAP150,10499.98,108.00459586146172
2022-09-21,NIFTY_MIDCAP150,10622.83,109.26825204000497
2022-09-22,NIFTY_MIDCAP150,10701.85,110.08106531821815
2022-09-23,NIFTY_MIDCAP150,10390.8,106.8815516484104
2022-09-26,NIFTY_MIDCAP150,10504.55,108.05160366558009
2022-09-27,NIFTY_MIDCAP150,10608.35,109.11930827553363
2022-09-28,NIFTY_MIDCAP150,10644.04,109.48642173920646
2022-09-29,NIFTY_MIDCAP150,10916.17,112.2855976111395
2022-09-30,NIFTY_MIDCAP150,11053.32,113.69634604326978
2022-10-03,NIFTY_MIDCAP150,11187.51,115.07664740752475
2022-10-04,NIFTY_MIDCAP150,10980.96,112.9520386677762
2022-10-05,NIFTY_MIDCAP150,11156.66,114.75931901429675
2022-10-06,NIFTY_MIDCAP150,11249.84,115.71778448207581
2022-10-07,NIFTY_MIDCAP150,11087.15,114.04432722780473
2022-10-10,NIFTY_MIDCAP150,11134.51,114.5314803138105
2022-10-11,NIFTY_MIDCAP150,10930.32,112.43114693898961
2022-10-12,NIFTY_MIDCAP150,11022.46,113.378914788326
2022-10-13,NIFTY_MIDCAP150,11052.19,113.68472266938497
2022-10-14,NIFTY_MIDCAP150,10984.46,112.98804026830449
2022-10-17,NIFTY_MIDCAP150,11079.72,113.96790097296896
2022-10-18,NIFTY_MIDCAP150,10991.99,113.06549514029822
2022-10-19,NIFTY_MIDCAP150,11013.96,113.29148232990013
2022-10-20,NIFTY_MIDCAP150,11160.19,114.79562919997244
2022-10-21,NIFTY_MIDCAP150,11124.26,114.42604705512049
2022-10-24,NIFTY_MIDCAP150,11012.02,113.2715271570359
2022-10-25,NIFTY_MIDCAP150,11156.21,114.75469023708595
2022-10-26,NIFTY_MIDCAP150,11177.36,114.97224276599268
2022-10-27,NIFTY_MIDCAP150,11442.01,117.69447807451097
2022-10-28,NIFTY_MIDCAP150,11516.82,118.46398657037437
2022-10-31,NIFTY_MIDCAP150,11624.26,119.56913284487732
2022-11-01,NIFTY_MIDCAP150,11679.69,120.13929533552977
2022-11-02,NIFTY_MIDCAP150,11761.12,120.97689828724955
2022-11-03,NIFTY_MIDCAP150,11850.16,121.89277900468944
2022-11-04,NIFTY_MIDCAP150,11949.23,122.91183002307187
2022-11-07,NIFTY_MIDCAP150,11806.28,121.44142179578041
2022-11-08,NIFTY_MIDCAP150,11699.3,120.34100716020401
2022-11-09,NIFTY_MIDCAP150,11794.88,121.32415943977392
2022-11-10,NIFTY_MIDCAP150,11814.8,121.52905997763786
2022-11-11,NIFTY_MIDCAP150,11720.43,120.55835396567916
2022-11-14,NIFTY_MIDCAP150,11767.97,121.04735856256923
2022-11-15,NIFTY_MIDCAP150,11992.88,123.36082141251762
2022-11-16,NIFTY_MIDCAP150,12026.56,123.70725967131565
2022-11-17,NIFTY_MIDCAP150,12091.91,124.37946098403687
2022-11-18,NIFTY_MIDCAP150,12162.05,125.10093305862395
2022-11-21,NIFTY_MIDCAP150,12085.84,124.31702392254924
2022-11-22,NIFTY_MIDCAP150,12086.57,124.32453282780227
2022-11-23,NIFTY_MIDCAP150,11811.16,121.49161831308841
2022-11-24,NIFTY_MIDCAP150,11692.8,120.27414704493718
2022-11-25,NIFTY_MIDCAP150,11689.79,120.24318566848287
2022-11-28,NIFTY_MIDCAP150,11540.22,118.70468298533498
2022-11-29,NIFTY_MIDCAP150,11544.89,118.75271940661132
2022-11-30,NIFTY_MIDCAP150,11513.49,118.42973361901458
2022-12-01,NIFTY_MIDCAP150,11695.01,120.2968794841279
2022-12-02,NIFTY_MIDCAP150,11974.0,123.16661849309642
2022-12-05,NIFTY_MIDCAP150,11974.01,123.16672135481221
2022-12-06,NIFTY_MIDCAP150,12032.93,123.77278258427718
2022-12-07,NIFTY_MIDCAP150,12206.9,125.56226785396515
2022-12-08,NIFTY_MIDCAP150,12213.89,125.63416819330595
2022-12-09,NIFTY_MIDCAP150,12280.09,126.31511275186975
2022-12-12,NIFTY_MIDCAP150,12095.25,124.41381679711245
2022-12-13,NIFTY_MIDCAP150,12174.02,125.22405853243075
2022-12-14,NIFTY_MIDCAP150,12359.38,127.1307032964094
2022-12-15,NIFTY_MIDCAP150,12211.47,125.60927565808353
2022-12-16,NIFTY_MIDCAP150,11991.47,123.34631791059051
2022-12-19,NIFTY_MIDCAP150,12176.42,125.24874534422156
2022-12-20,NIFTY_MIDCAP150,12140.49,124.87916319936964
2022-12-21,NIFTY_MIDCAP150,12041.15,123.85733491466075
2022-12-22,NIFTY_MIDCAP150,12062.03,124.07211017724103
2022-12-23,NIFTY_MIDCAP150,11995.13,123.38396529857154
2022-12-26,NIFTY_MIDCAP150,11862.7,122.02176759629657
2022-12-27,NIFTY_MIDCAP150,11666.78,120.00650086043825
2022-12-28,NIFTY_MIDCAP150,11915.48,122.56467173226329
2022-12-29,NIFTY_MIDCAP150,12150.5,124.98212777688057
2022-12-30,NIFTY_MIDCAP150,12123.91,124.70861847458133
2023-01-02,NIFTY_MIDCAP150,12497.13,128.5476234314874
2023-01-03,NIFTY_MIDCAP150,12694.86,130.58150813790462
2023-01-04,NIFTY_MIDCAP150,12695.85,130.59169144776837
2023-01-05,NIFTY_MIDCAP150,13035.18,134.08209804984472
2023-01-06,NIFTY_MIDCAP150,12744.58,131.09293658883806
2023-01-09,NIFTY_MIDCAP150,12722.57,130.86653795237297
2023-01-10,NIFTY_MIDCAP150,12987.26,133.58918470775444
2023-01-11,NIFTY_MIDCAP150,12945.39,133.1585027037202
2023-01-12,NIFTY_MIDCAP150,13127.16,135.0282201117284
2023-01-13,NIFTY_MIDCAP150,12990.23,133.61973463734557
2023-01-16,NIFTY_MIDCAP150,12901.38,132.70580829250576
2023-01-17,NIFTY_MIDCAP150,12966.54,133.3760552326269
2023-01-18,NIFTY_MIDCAP150,13072.53,134.46628655833956
2023-01-19,NIFTY_MIDCAP150,13111.81,134.87032737798285
2023-01-20,NIFTY_MIDCAP150,13058.78,134.32485169912124
2023-01-23,NIFTY_MIDCAP150,12930.11,133.00133000198522
2023-01-24,NIFTY_MIDCAP150,13289.73,136.70044302540992
2023-01-25,NIFTY_MIDCAP150,13351.11,137.33180823696048
2023-01-26,NIFTY_MIDCAP150,13528.16,139.15297491511336
2023-01-27,NIFTY_MIDCAP150,13689.31,140.810591465152
2023-01-30,NIFTY_MIDCAP150,13624.79,140.14692767484175
2023-01-31,NIFTY_MIDCAP150,13641.22,140.31592947389316
2023-02-01,NIFTY_MIDCAP150,13531.39,139.1861992493152
2023-02-02,NIFTY_MIDCAP150,13658.74,140.49614319996624
2023-02-03,NIFTY_MIDCAP150,13643.18,140.33609037018903
2023-02-06,NIFTY_MIDCAP150,13906.26,143.0421763893275
2023-02-07,NIFTY_MIDCAP150,13663.65,140.54664830242166
2023-02-08,NIFTY_MIDCAP150,13750.68,141.44185381498673
2023-02-09,NIFTY_MIDCAP150,14162.58,145.6787278885884
2023-02-10,NIFTY_MIDCAP150,14054.53,144.56730704942197
2023-02-13,NIFTY_MIDCAP150,14089.33,144.92526582038903
2023-02-14,NIFTY_MIDCAP150,14042.6,144.44459302247836
2023-02-15,NIFTY_MIDCAP150,14195.39,146.01621717811224
2023-02-16,NIFTY_MIDCAP150,13885.8,142.83172131881062
2023-02-17,NIFTY_MIDCAP150,13706.59,140.988336510046
2023-02-20,NIFTY_MIDCAP150,13562.22,139.50332191911158
2023-02-21,NIFTY_MIDCAP150,13707.26,140.99522824500426
2023-02-22,NIFTY_MIDCAP150,13688.13,140.79845378268814
2023-02-23,NIFTY_MIDCAP150,13598.59,139.8774299794585
2023-02-24,NIFTY_MIDCAP150,13670.62,140.61834291833088
2023-02-27,NIFTY_MIDCAP150,13714.25,141.06712858434506
2023-02-28,NIFTY_MIDCAP150,13692.83,140.84679878911186
2023-03-01,NIFTY_MIDCAP150,13624.58,140.14476757881008
2023-03-02,NIFTY_MIDCAP150,13494.2,138.80365652827308
2023-03-03,NIFTY_MIDCAP150,13723.27,141.15990985199227
2023-03-06,NIFTY_MIDCAP150,13966.91,143.66603269562498
2023-03-07,NIFTY_MIDCAP150,13769.57,141.63615959612375
2023-03-08,NIFTY_MIDCAP150,13717.73,141.10292446144175
2023-03-09,NIFTY_MIDCAP150,13797.18,141.92016079343412
2023-03-10,NIFTY_MIDCAP150,13665.87,140.5694836033282
2023-03-13,NIFTY_MIDCAP150,13790.31,141.84949479468284
2023-03-14,NIFTY_MIDCAP150,13833.31,142.29180017260194
2023-03-15,NIFTY_MIDCAP150,13973.58,143.73464146006032
2023-03-16,NIFTY_MIDCAP150,14354.96,147.65758157705525
2023-03-17,NIFTY_MIDCAP150,14094.87,144.98225121093955
2023-03-20,NIFTY_MIDCAP150,14340.02,147.50390617365733
2023-03-21,NIFTY_MIDCAP150,14264.24,146.72442009136176
2023-03-22,NIFTY_MIDCAP150,14387.77,147.99507086657908
2023-03-23,NIFTY_MIDCAP150,14488.98,149.03613429214167
2023-03-24,NIFTY_MIDCAP150,14732.68,151.54287430606914
2023-03-27,NIFTY_MIDCAP150,14760.04,151.82430396048463
2023-03-28,NIFTY_MIDCAP150,14640.29,150.59253491383788
2023-03-29,NIFTY_MIDCAP150,14697.94,151.18553270539684
2023-03-30,NIFTY_MIDCAP150,14999.15,154.28383044686214
2023-03-31,NIFTY_MIDCAP150,15076.41,155.07854006309537
2023-04-03,NIFTY_MIDCAP150,14996.61,154.25770357105017
2023-04-04,NIFTY_MIDCAP150,14987.98,154.16893391031897
2023-04-05,NIFTY_MIDCAP150,15048.48,154.79124729087954
2023-04-06,NIFTY_MIDCAP150,15086.34,155.18068174687994
2023-04-07,NIFTY_MIDCAP150,15100.72,155.32859689419334
2023-04-10,NIFTY_MIDCAP150,15288.02,157.25519683103627
2023-04-11,NIFTY_MIDCAP150,15661.74,161.09934487373206
2023-04-12,NIFTY_MIDCAP150,15850.3,163.03890538676518
2023-04-13,NIFTY_MIDCAP150,15981.76,164.39112550260805
2023-04-14,NIFTY_MIDCAP150,16189.47,166.52766620138883
2023-04-17,NIFTY_MIDCAP150,16328.14,167.95404961431996
2023-04-18,NIFTY_MIDCAP150,16374.7,168.43297376306214
2023-04-19,NIFTY_MIDCAP150,16287.04,167.53128796240196
2023-04-20,NIFTY_MIDCAP150,16199.82,166.6341280772368
2023-04-21,NIFTY_MIDCAP150,16217.05,166.8113588135518
2023-04-24,NIFTY_MIDCAP150,16290.46,167.5664666692039
2023-04-25,NIFTY_MIDCAP150,16521.95,169.94761252814553
2023-04-26,NIFTY_MIDCAP150,16521.88,169.94689249613498
2023-04-27,NIFTY_MIDCAP150,16476.46,169.47969458299343
2023-04-28,NIFTY_MIDCAP150,16547.44,170.2098070417073
2023-05-01,NIFTY_MIDCAP150,16648.14,171.24562451976436
2023-05-02,NIFTY_MIDCAP150,16558.97,170.32840660001912
2023-05-03,NIFTY_MIDCAP150,16444.41,169.15002278387004
2023-05-04,NIFTY_MIDCAP150,16584.96,170.59574419937067
2023-05-05,NIFTY_MIDCAP150,16581.98,170.56509140806372
2023-05-08,NIFTY_MIDCAP150,16825.55,173.07049421968586
2023-05-09,NIFTY_MIDCAP150,16899.12,173.82724786279067
2023-05-10,NIFTY_MIDCAP150,16905.96,173.89760527639456
2023-05-11,NIFTY_MIDCAP150,16701.72,171.7967575929947
2023-05-12,NIFTY_MIDCAP150,16723.65,172.02233333573344
2023-05-15,NIFTY_MIDCAP150,16558.53,170.3238806845241
2023-05-16,NIFTY_MIDCAP150,16339.42,168.0700776297369
2023-05-17,NIFTY_MIDCAP150,16641.91,171.18154167082398
2023-05-18,NIFTY_MIDCAP150,16570.47,170.44669757318354
2023-05-19,NIFTY_MIDCAP150,16759.27,172.3887267673957
2023-05-22,NIFTY_MIDCAP150,16570.19,170.44381744514126
2023-05-23,NIFTY_MIDCAP150,16457.12,169.28076002464564
2023-05-24,NIFTY_MIDCAP150,16328.21,167.95476964633053
2023-05-25,NIFTY_MIDCAP150,16475.63,169.47115706058247
2023-05-26,NIFTY_MIDCAP150,16579.37,170.53824450024118
2023-05-29,NIFTY_MIDCAP150,16352.23,168.20184348767046
2023-05-30,NIFTY_MIDCAP150,16111.41,165.724727647892
2023-05-31,NIFTY_MIDCAP150,16219.35,166.8350170081847
2023-06-01,NIFTY_MIDCAP150,16481.87,169.53534277123862
2023-06-02,NIFTY_MIDCAP150,16739.23,172.18259188894226
2023-06-05,NIFTY_MIDCAP150,16612.56,170.87964253496526
2023-06-06,NIFTY_MIDCAP150,16551.2,170.2484830468463
2023-06-07,NIFTY_MIDCAP150,16660.56,171.37337877078193
2023-06-08,NIFTY_MIDCAP150,16784.15,172.64464671629403
2023-06-09,NIFTY_MIDCAP150,16842.56,173.2454619982534
2023-06-12,NIFTY_MIDCAP150,16783.89,172.64197231168333
2023-06-13,NIFTY_MIDCAP150,16885.31,173.68519583327762
2023-06-14,NIFTY_MIDCAP150,16927.5,174.11916941221727
2023-06-15,NIFTY_MIDCAP150,16976.93,174.62761487339264
2023-06-16,NIFTY_MIDCAP150,17160.64,176.5172874542651
2023-06-19,NIFTY_MIDCAP150,17389.48,178.87117495852098
2023-06-20,NIFTY_MIDCAP150,17469.49,179.69417154659791
2023-06-21,NIFTY_MIDCAP150,17539.37,180.41296921657428
2023-06-22,NIFTY_MIDCAP150,17519.45,180.2080686787104
2023-06-23,NIFTY_MIDCAP150,17556.8,180.5922571872052
2023-06-26,NIFTY_MIDCAP150,17719.87,182.2696231866765
2023-06-27,NIFTY_MIDCAP150,17830.77,183.41035961484457
2023-06-28,NIFTY_MIDCAP150,17732.67,182.40128618289427
2023-06-29,NIFTY_MIDCAP150,17624.46,181.2882195562751
2023-06-30,NIFTY_MIDCAP150,17510.71,180.11816753910543
2023-07-03,NIFTY_MIDCAP150,17751.6,182.59600341089447
2023-07-04,NIFTY_MIDCAP150,17431.64,179.30483995231327
2023-07-05,NIFTY_MIDCAP150,17176.68,176.6822776464005
2023-07-06,NIFTY_MIDCAP150,17068.19,175.56633089173906
2023-07-07,NIFTY_MIDCAP150,17225.63,177.18578574521771
2023-07-10,NIFTY_MIDCAP150,17184.39,176.76158402927854
2023-07-11,NIFTY_MIDCAP150,17034.86,175.22349279299388
2023-07-12,NIFTY_MIDCAP150,17114.42,176.04186060385996
2023-07-13,NIFTY_MIDCAP150,17204.4,176.96741032258464
2023-07-14,NIFTY_MIDCAP150,17369.57,178.66637728237288
2023-07-17,NIFTY_MIDCAP150,17651.35,181.5648147100482
2023-07-18,NIFTY_MIDCAP150,17910.93,184.2348991286584
2023-07-19,NIFTY_MIDCAP150,18035.51,185.51635038403418
2023-07-20,NIFTY_MIDCAP150,18029.75,185.4571020357362
2023-07-21,NIFTY_MIDCAP150,18129.54,186.48355909765587
2023-07-24,NIFTY_MIDCAP150,18056.95,185.736885902699
2023-07-25,NIFTY_MIDCAP150,18251.89,187.74207219040935
2023-07-26,NIFTY_MIDCAP150,18160.92,186.806339161821
2023-07-27,NIFTY_MIDCAP150,18017.07,185.32667338010796
2023-07-28,NIFTY_MIDCAP150,18223.83,187.45344221588823
2023-07-31,NIFTY_MIDCAP150,17939.84,184.53227234902212
2023-08-01,NIFTY_MIDCAP150,17829.97,183.40213067758097
2023-08-02,NIFTY_MIDCAP150,17963.2,184.77255731711958
2023-08-03,NIFTY_MIDCAP150,17957.03,184.70909163847395
2023-08-04,NIFTY_MIDCAP150,17942.46,184.55922211856043
2023-08-07,NIFTY_MIDCAP150,17741.25,182.4895415350465
2023-08-08,NIFTY_MIDCAP150,17558.18,180.60645210398496
2023-08-09,NIFTY_MIDCAP150,17533.05,180.34796061219177
2023-08-10,NIFTY_MIDCAP150,17247.91,177.41496164800924
2023-08-11,NIFTY_MIDCAP150,17257.03,177.50877153281442
2023-08-14,NIFTY_MIDCAP150,17491.93,179.92499323684217
2023-08-15,NIFTY_MIDCAP150,17712.29,182.1916540061038
2023-08-16,NIFTY_MIDCAP150,17831.05,183.41323974288684
2023-08-17,NIFTY_MIDCAP150,17881.18,183.92888552416787
2023-08-18,NIFTY_MIDCAP150,17875.8,183.87354592107005
2023-08-21,NIFTY_MIDCAP150,17898.6,184.10807063308297
2023-08-22,NIFTY_MIDCAP150,17738.34,182.45960877575013
2023-08-23,NIFTY_MIDCAP150,17636.21,181.4090820723344
2023-08-24,NIFTY_MIDCAP150,17348.68,178.45149915807684
2023-08-25,NIFTY_MIDCAP150,17526.24,180.27791178373528
2023-08-28,NIFTY_MIDCAP150,17516.73,180.18009029201409
2023-08-29,NIFTY_MIDCAP150,17890.17,184.02135820666768
2023-08-30,NIFTY_MIDCAP150,17793.76,183.02966840468676
2023-08-31,NIFTY_MIDCAP150,17803.51,183.12995857758702
2023-09-01,NIFTY_MIDCAP150,17943.9,184.57403420563497
2023-09-04,NIFTY_MIDCAP150,18032.5,185.48538900757987
2023-09-05,NIFTY_MIDCAP150,18028.95,185.4488730984726
2023-09-06,NIFTY_MIDCAP150,18370.34,188.96046921400276
2023-09-07,NIFTY_MIDCAP150,18208.43,187.2950351735637
2023-09-08,NIFTY_MIDCAP150,18338.67,188.63470616007953
2023-09-11,NIFTY_MIDCAP150,18268.95,187.91755427755587
2023-09-12,NIFTY_MIDCAP150,18254.73,187.77128491769517
2023-09-13,NIFTY_MIDCAP150,18314.57,188.38680942501327
2023-09-14,NIFTY_MIDCAP150,18302.67,188.26440398321705
2023-09-15,NIFTY_MIDCAP150,18283.26,188.0647493928587
2023-09-18,NIFTY_MIDCAP150,18010.44,185.25847606253578
2023-09-19,NIFTY_MIDCAP150,18187.29,187.0775855063728
2023-09-20,NIFTY_MIDCAP150,17914.33,184.26987211202874
2023-09-21,NIFTY_MIDCAP150,18188.96,187.09476341291057
2023-09-22,NIFTY_MIDCAP150,18180.98,187.01267976370605
2023-09-25,NIFTY_MIDCAP150,18365.07,188.9062610897787
2023-09-26,NIFTY_MIDCAP150,17927.55,184.4058553003099
2023-09-27,NIFTY_MIDCAP150,17931.99,184.45152590212297
2023-09-28,NIFTY_MIDCAP150,17940.97,184.543895722907
2023-09-29,NIFTY_MIDCAP150,17791.39,183.0052901780433
2023-10-02,NIFTY_MIDCAP150,17959.68,184.73634999315968
2023-10-03,NIFTY_MIDCAP150,17857.59,183.68623473660713
2023-10-04,NIFTY_MIDCAP150,17709.55,182.1634698959759
2023-10-05,NIFTY_MIDCAP150,17655.87,181.61130820558762
2023-10-06,NIFTY_MIDCAP150,17840.1,183.50632959568142
2023-10-09,NIFTY_MIDCAP150,17900.97,184.13244885972645
2023-10-10,NIFTY_MIDCAP150,17983.74,184.9838352813628
2023-10-11,NIFTY_MIDCAP150,18134.58,186.53540140241665
2023-10-12,NIFTY_MIDCAP150,18106.45,186.2460513958849
2023-10-13,NIFTY_MIDCAP150,18310.37,188.3436075043793
2023-10-16,NIFTY_MIDCAP150,18392.39,189.18727929733103
2023-10-17,NIFTY_MIDCAP150,18561.39,190.92564229426884
2023-10-18,NIFTY_MIDCAP150,18426.4,189.53711199275028
2023-10-19,NIFTY_MIDCAP150,18456.22,189.8438456292514
2023-10-20,NIFTY_MIDCAP150,18647.36,191.8099444649596
2023-10-23,NIFTY_MIDCAP150,19010.11,195.5412532054282
2023-10-24,NIFTY_MIDCAP150,19227.26,197.77489536391957
2023-10-25,NIFTY_MIDCAP150,19456.11,200.1288857298913
2023-10-26,NIFTY_MIDCAP150,19161.57,197.09919675286133
2023-10-27,NIFTY_MIDCAP150,19115.79,196.6282958179512
2023-10-30,NIFTY_MIDCAP150,19249.55,198.00417412842694
2023-10-31,NIFTY_MIDCAP150,18994.46,195.38027462020878
2023-11-01,NIFTY_MIDCAP150,19092.71,196.39089097789602
2023-11-02,NIFTY_MIDCAP150,19033.87,195.78565264215743
2023-11-03,NIFTY_MIDCAP150,18985.65,195.2896534485933
2023-11-06,NIFTY_MIDCAP150,19011.72,195.5578139416712
2023-11-07,NIFTY_MIDCAP150,19100.07,196.46659720072122
2023-11-08,NIFTY_MIDCAP150,19271.2,198.22686974312342
2023-11-09,NIFTY_MIDCAP150,19049.32,195.94457399306094
2023-11-10,NIFTY_MIDCAP150,19266.74,198.1809934178788
2023-11-13,NIFTY_MIDCAP150,19417.82,199.7350282201117
2023-11-14,NIFTY_MIDCAP150,19375.32,199.29786592798237
2023-11-15,NIFTY_MIDCAP150,19598.15,201.5899335410454
2023-11-16,NIFTY_MIDCAP150,19243.13,197.93813690688648
2023-11-17,NIFTY_MIDCAP150,19291.42,198.43485613246116
2023-11-20,NIFTY_MIDCAP150,19182.16,197.3109890256835
2023-11-21,NIFTY_MIDCAP150,18968.25,195.11067406310977
2023-11-22,NIFTY_MIDCAP150,18663.56,191.97658044454775
2023-11-23,NIFTY_MIDCAP150,18809.64,193.47918438888308
2023-11-24,NIFTY_MIDCAP150,18931.06,194.72813134206766
2023-11-27,NIFTY_MIDCAP150,19202.31,197.51825538301074
2023-11-28,NIFTY_MIDCAP150,19359.98,199.14007605595262
2023-11-29,NIFTY_MIDCAP150,19307.85,198.60385793151258
2023-11-30,NIFTY_MIDCAP150,19923.74,204.93900814561928
2023-12-01,NIFTY_MIDCAP150,20167.14,207.44266230807287
2023-12-04,NIFTY_MIDCAP150,19918.39,204.88397712766883
2023-12-05,NIFTY_MIDCAP150,19901.79,204.71322667944895
2023-12-06,NIFTY_MIDCAP150,19965.7,205.37061590509563
2023-12-07,NIFTY_MIDCAP150,19918.88,204.8890173517428
2023-12-08,NIFTY_MIDCAP150,20401.09,209.84911214910008
2023-12-11,NIFTY_MIDCAP150,20347.07,209.29345316037478
2023-12-12,NIFTY_MIDCAP150,20270.96,208.51057264145797
2023-12-13,NIFTY_MIDCAP150,20455.03,210.40394824409904
2023-12-14,NIFTY_MIDCAP150,20495.99,210.82526983199594
2023-12-15,NIFTY_MIDCAP150,20457.41,210.4284293324583
2023-12-18,NIFTY_MIDCAP150,20979.35,215.79719372666966
2023-12-19,NIFTY_MIDCAP150,21361.54,219.72846564264395
2023-12-20,NIFTY_MIDCAP150,21036.04,216.3803167935123
2023-12-21,NIFTY_MIDCAP150,21501.23,221.16534095058623
2023-12-22,NIFTY_MIDCAP150,21471.29,220.8573729734956
2023-12-25,NIFTY_MIDCAP150,21763.11,223.85908356382927
2023-12-26,NIFTY_MIDCAP150,22271.96,229.0932019720648
2023-12-27,NIFTY_MIDCAP150,22491.73,231.35379390009453
2023-12-28,NIFTY_MIDCAP150,23095.81,237.5674644278471
2023-12-29,NIFTY_MIDCAP150,23335.22,240.03007676569848
2024-01-01,NIFTY_MIDCAP150,23517.16,241.9015428228752
2024-01-02,NIFTY_MIDCAP150,23802.98,244.84153638373178
2024-01-03,NIFTY_MIDCAP150,23486.07,241.58174574846808
2024-01-04,NIFTY_MIDCAP150,23446.63,241.17605914137212
2024-01-05,NIFTY_MIDCAP150,23178.28,238.4157649980096
2024-01-08,NIFTY_MIDCAP150,23146.2,238.08578461373878
2024-01-09,NIFTY_MIDCAP150,23279.3,239.45487405097205
2024-01-10,NIFTY_MIDCAP150,23255.26,239.20759448620058
2024-01-11,NIFTY_MIDCAP150,23232.12,238.9695724758506
2024-01-12,NIFTY_MIDCAP150,22892.05,235.4715541068054
2024-01-15,NIFTY_MIDCAP150,22770.75,234.22384149421043
2024-01-16,NIFTY_MIDCAP150,23220.3,238.84798992778076
2024-01-17,NIFTY_MIDCAP150,23088.78,237.4951526416431
2024-01-18,NIFTY_MIDCAP150,23013.35,236.71926671940042
2024-01-19,NIFTY_MIDCAP150,23088.95,237.49690129081165
2024-01-22,NIFTY_MIDCAP150,23201.06,238.65008398659094
2024-01-23,NIFTY_MIDCAP150,23179.79,238.4312971170947
2024-01-24,NIFTY_MIDCAP150,22830.29,234.83628015005468
2024-01-25,NIFTY_MIDCAP150,22985.32,236.43094533002667
2024-01-26,NIFTY_MIDCAP150,23506.3,241.78983499952164
2024-01-29,NIFTY_MIDCAP150,24015.96,247.0322852067366
2024-01-30,NIFTY_MIDCAP150,23836.51,245.18643171679284
2024-01-31,NIFTY_MIDCAP150,23960.69,246.46376850353687
2024-02-01,NIFTY_MIDCAP150,24673.62,253.79708880771955
2024-02-02,NIFTY_MIDCAP150,24688.25,253.9475754979278
2024-02-05,NIFTY_MIDCAP150,24775.39,254.84391248936663
2024-02-06,NIFTY_MIDCAP150,24374.77,250.72306643118188
2024-02-07,NIFTY_MIDCAP150,24680.14,253.86415464641797
2024-02-08,NIFTY_MIDCAP150,24773.83,254.82786606170262
2024-02-09,NIFTY_MIDCAP150,24540.12,252.42388490185448
2024-02-12,NIFTY_MIDCAP150,24749.54,254.57801495403623
2024-02-13,NIFTY_MIDCAP150,25041.46,257.5807541615278
2024-02-14,NIFTY_MIDCAP150,24861.04,255.72492308515197
2024-02-15,NIFTY_MIDCAP150,24412.57,251.1118837168875
2024-02-16,NIFTY_MIDCAP150,24466.64,251.66805701419182
2024-02-19,NIFTY_MIDCAP150,24675.17,253.81303237366777
2024-02-20,NIFTY_MIDCAP150,24765.68,254.74403376332958
2024-02-21,NIFTY_MIDCAP150,25108.96,258.275070743145
2024-02-22,NIFTY_MIDCAP150,24641.79,253.46967996634362
2024-02-23,NIFTY_MIDCAP150,24375.39,250.72944385756117
2024-02-26,NIFTY_MIDCAP150,24452.26,251.5201418668784
2024-02-27,NIFTY_MIDCAP150,24039.49,247.27431882400256
2024-02-28,NIFTY_MIDCAP150,23848.94,245.3142888295262
2024-02-29,NIFTY_MIDCAP150,23721.89,244.00743073034903
2024-03-01,NIFTY_MIDCAP150,24012.16,246.99319775473444
2024-03-04,NIFTY_MIDCAP150,24385.97,250.83827155287244
2024-03-05,NIFTY_MIDCAP150,24602.54,253.06594773184773
2024-03-06,NIFTY_MIDCAP150,25147.03,258.6666652951771
2024-03-07,NIFTY_MIDCAP150,25565.49,262.9710166543404
2024-03-08,NIFTY_MIDCAP150,25811.91,265.50573505496413
2024-03-11,NIFTY_MIDCAP150,26051.84,267.9736962020368
2024-03-12,NIFTY_MIDCAP150,25895.63,266.366893339601
2024-03-13,NIFTY_MIDCAP150,25505.48,262.35374349785377
2024-03-14,NIFTY_MIDCAP150,25315.89,260.4035882280938
2024-03-15,NIFTY_MIDCAP150,25574.86,263.0673980820404
2024-03-18,NIFTY_MIDCAP150,25500.36,262.3010782993667
2024-03-19,NIFTY_MIDCAP150,25694.01,264.29299542573943
2024-03-20,NIFTY_MIDCAP150,25182.78,259.0343959291447
2024-03-21,NIFTY_MIDCAP150,25349.46,260.74889500801805
2024-03-22,NIFTY_MIDCAP150,25120.74,258.39624184435166
2024-03-25,NIFTY_MIDCAP150,24929.87,256.4329202749699
2024-03-26,NIFTY_MIDCAP150,25421.46,261.489499361743
2024-03-27,NIFTY_MIDCAP150,26065.73,268.11657112527627
2024-03-28,NIFTY_MIDCAP150,25766.61,265.03977148241216
2024-03-29,NIFTY_MIDCAP150,25715.61,264.51517673185697
2024-04-01,NIFTY_MIDCAP150,25695.82,264.3116133962984
2024-04-02,NIFTY_MIDCAP150,25927.97,266.6995481284825
2024-04-03,NIFTY_MIDCAP150,25806.46,265.4496754198558
2024-04-04,NIFTY_MIDCAP150,25588.14,263.2039984406164
2024-04-05,NIFTY_MIDCAP150,25689.63,264.24794199422126
2024-04-08,NIFTY_MIDCAP150,25729.56,264.6586688253912
2024-04-09,NIFTY_MIDCAP150,26000.44,267.4449869828498
2024-04-10,NIFTY_MIDCAP150,25816.42,265.5521256887877
2024-04-11,NIFTY_MIDCAP150,25772.88,265.10426577821573
2024-04-12,NIFTY_MIDCAP150,26017.53,267.62077765514374
2024-04-15,NIFTY_MIDCAP150,26016.11,267.6061712915008
2024-04-16,NIFTY_MIDCAP150,25541.71,262.72641149417956
2024-04-17,NIFTY_MIDCAP150,26033.2,267.7819619637947
2024-04-18,NIFTY_MIDCAP150,26024.84,267.69596956939
2024-04-19,NIFTY_MIDCAP150,26021.75,267.66418529920924
2024-04-22,NIFTY_MIDCAP150,26795.23,275.6203332925315
2024-04-23,NIFTY_MIDCAP150,27462.3,282.4819297680777
2024-04-24,NIFTY_MIDCAP150,27777.35,285.7225881242034
2024-04-25,NIFTY_MIDCAP150,27454.75,282.40426917265233
2024-04-26,NIFTY_MIDCAP150,27903.93,287.02461172273826
2024-04-29,NIFTY_MIDCAP150,27366.36,281.49507446673914
2024-04-30,NIFTY_MIDCAP150,27425.99,282.10843887802554
2024-05-01,NIFTY_MIDCAP150,27299.31,280.80538666233275
2024-05-02,NIFTY_MIDCAP150,27100.19,278.75720417741996
2024-05-03,NIFTY_MIDCAP150,27188.78,279.6684561176491
2024-05-06,NIFTY_MIDCAP150,27395.82,281.7981050814716
2024-05-07,NIFTY_MIDCAP150,27658.74,284.5025453131573
2024-05-08,NIFTY_MIDCAP150,27650.75,284.420358802237
2024-05-09,NIFTY_MIDCAP150,27602.49,283.9239481618097
2024-05-10,NIFTY_MIDCAP150,27888.82,286.86918767017187
2024-05-13,NIFTY_MIDCAP150,28185.85,289.92448921443474
2024-05-14,NIFTY_MIDCAP150,28247.89,290.5626432992278
2024-05-15,NIFTY_MIDCAP150,27989.76,287.90747382940793
2024-05-16,NIFTY_MIDCAP150,27475.73,282.6200730523905
2024-05-17,NIFTY_MIDCAP150,27699.54,284.9222211136015
2024-05-20,NIFTY_MIDCAP150,28024.56,288.26543260037505
2024-05-21,NIFTY_MIDCAP150,27977.94,287.7858912813381
2024-05-22,NIFTY_MIDCAP150,28114.42,289.18974797851007
2024-05-23,NIFTY_MIDCAP150,28556.53,293.7373672955289
2024-05-24,NIFTY_MIDCAP150,29233.71,300.7029569657439
2024-05-27,NIFTY_MIDCAP150,29121.41,299.54781989736455
2024-05-28,NIFTY_MIDCAP150,29110.99,299.44063798950606
2024-05-29,NIFTY_MIDCAP150,29279.9,301.1780752310017
2024-05-30,NIFTY_MIDCAP150,28897.63,297.245980421301
2024-05-31,NIFTY_MIDCAP150,28221.43,290.2904711992339
2024-06-03,NIFTY_MIDCAP150,27815.24,286.11233116535124
2024-06-04,NIFTY_MIDCAP150,27746.21,285.4022767412174
2024-06-05,NIFTY_MIDCAP150,27536.84,283.24866099761465
2024-06-06,NIFTY_MIDCAP150,27300.7,280.81968444082827
2024-06-07,NIFTY_MIDCAP150,27333.86,281.1607738904049
2024-06-10,NIFTY_MIDCAP150,27346.65,281.29233402490695
2024-06-11,NIFTY_MIDCAP150,27130.41,279.06805228255286
2024-06-12,NIFTY_MIDCAP150,26655.2,274.1799606862522
2024-06-13,NIFTY_MIDCAP150,26795.81,275.6262992720477
2024-06-14,NIFTY_MIDCAP150,27135.17,279.11701445927133
2024-06-17,NIFTY_MIDCAP150,26962.64,277.34234127665786
2024-06-18,NIFTY_MIDCAP150,26862.34,276.31063826723266
2024-06-19,NIFTY_MIDCAP150,27128.23,279.04562842850953
2024-06-20,NIFTY_MIDCAP150,27470.09,282.56205904468203
2024-06-21,NIFTY_MIDCAP150,27345.17,281.2771104909692
2024-06-24,NIFTY_MIDCAP150,27330.37,281.1248751515924
2024-06-25,NIFTY_MIDCAP150,27808.99,286.04804259297924
2024-06-26,NIFTY_MIDCAP150,28104.76,289.09038356105196
2024-06-27,NIFTY_MIDCAP150,27761.45,285.5590379960892
2024-06-28,NIFTY_MIDCAP150,27243.68,280.2331669373644
2024-07-01,NIFTY_MIDCAP150,27175.42,279.5310328653468
2024-07-02,NIFTY_MIDCAP150,26896.48,276.6618081649573
2024-07-03,NIFTY_MIDCAP150,27056.68,278.30965285199534
2024-07-04,NIFTY_MIDCAP150,27293.8,280.74870985692957
2024-07-05,NIFTY_MIDCAP150,27390.57,281.74410268067913
2024-07-08,NIFTY_MIDCAP150,27158.7,279.3590480765373
2024-07-09,NIFTY_MIDCAP150,26787.25,275.53824964332694
2024-07-10,NIFTY_MIDCAP150,27005.95,277.7878353677666
2024-07-11,NIFTY_MIDCAP150,27278.3,280.58927419744714
2024-07-12,NIFTY_MIDCAP150,27640.52,284.3151312669786
2024-07-15,NIFTY_MIDCAP150,27567.21,283.5610520284844
2024-07-16,NIFTY_MIDCAP150,27556.16,283.4473898325308
2024-07-17,NIFTY_MIDCAP150,27828.51,286.24882866221134
2024-07-18,NIFTY_MIDCAP150,27849.89,286.46874701058135
2024-07-19,NIFTY_MIDCAP150,27687.25,284.79580406488924
2024-07-22,NIFTY_MIDCAP150,27442.49,282.27816070908756
2024-07-23,NIFTY_MIDCAP150,27684.51,284.76761995476136
2024-07-24,NIFTY_MIDCAP150,27610.56,284.0069575664564
2024-07-25,NIFTY_MIDCAP150,27458.11,282.4388307091595
2024-07-26,NIFTY_MIDCAP150,27616.14,284.06435440387
2024-07-29,NIFTY_MIDCAP150,27411.37,281.958055049533
2024-07-30,NIFTY_MIDCAP150,27249.63,280.2943696582625
2024-07-31,NIFTY_MIDCAP150,27279.32,280.59976609245825
2024-08-01,NIFTY_MIDCAP150,27152.66,279.29691960019704
2024-08-02,NIFTY_MIDCAP150,27609.24,283.99337981997144
2024-08-05,NIFTY_MIDCAP150,27794.38,285.89776162620257
2024-08-06,NIFTY_MIDCAP150,27852.07,286.4911708646247
2024-08-07,NIFTY_MIDCAP150,28317.15,291.2750635428249
2024-08-08,NIFTY_MIDCAP150,28360.75,291.7235406236917
2024-08-09,NIFTY_MIDCAP150,28729.05,295.51193761642656
2024-08-12,NIFTY_MIDCAP150,28424.91,292.3835013922333
2024-08-13,NIFTY_MIDCAP150,28239.86,290.48004534144434
2024-08-14,NIFTY_MIDCAP150,27952.48,287.52400535292367
2024-08-15,NIFTY_MIDCAP150,28130.66,289.3567954049614
2024-08-16,NIFTY_MIDCAP150,27659.71,284.51252289958944
2024-08-19,NIFTY_MIDCAP150,27777.14,285.72042802817174
2024-08-20,NIFTY_MIDCAP150,27639.56,284.30525654226227
2024-08-21,NIFTY_MIDCAP150,27698.08,284.9072033030954
2024-08-22,NIFTY_MIDCAP150,27709.53,285.0249799676808
2024-08-23,NIFTY_MIDCAP150,27902.21,287.0069195076215
2024-08-26,NIFTY_MIDCAP150,28636.89,294.5639640436586
2024-08-27,NIFTY_MIDCAP150,29318.73,301.57748727343414
2024-08-28,NIFTY_MIDCAP150,29610.33,304.57693490602037
2024-08-29,NIFTY_MIDCAP150,29514.1,303.5870966149238
2024-08-30,NIFTY_MIDCAP150,29596.07,304.4302540992965
2024-09-02,NIFTY_MIDCAP150,29481.68,303.25361893231593
2024-09-03,NIFTY_MIDCAP150,29255.28,300.924829686714
2024-09-04,NIFTY_MIDCAP150,28632.74,294.52127643160367
2024-09-05,NIFTY_MIDCAP150,28576.99,293.9478223660457
2024-09-06,NIFTY_MIDCAP150,28684.76,295.0563630771699
2024-09-09,NIFTY_MIDCAP150,28902.69,297.2980284494933
2024-09-10,NIFTY_MIDCAP150,28958.06,297.86757376985105
2024-09-11,NIFTY_MIDCAP150,28749.24,295.719615420617
2024-09-12,NIFTY_MIDCAP150,28605.42,294.24025822405133
2024-09-13,NIFTY_MIDCAP150,28924.9,297.52648432027434
2024-09-16,NIFTY_MIDCAP150,28387.59,291.99962146888583
2024-09-17,NIFTY_MIDCAP150,28242.01,290.50216061034024
2024-09-18,NIFTY_MIDCAP150,28267.44,290.76373795360723
2024-09-19,NIFTY_MIDCAP150,28154.12,289.59810899021676
2024-09-20,NIFTY_MIDCAP150,27691.17,284.8361258574809
2024-09-23,NIFTY_MIDCAP150,28004.07,288.0546689447108
2024-09-24,NIFTY_MIDCAP150,28394.2,292.06761306302644
2024-09-25,NIFTY_MIDCAP150,28095.96,288.9998652511523
2024-09-26,NIFTY_MIDCAP150,27109.45,278.85245412624624
2024-09-27,NIFTY_MIDCAP150,27748.81,285.42902078732413
2024-09-30,NIFTY_MIDCAP150,27635.87,284.26730056913385
2024-10-01,NIFTY_MIDCAP150,27350.11,281.32792417857206
2024-10-02,NIFTY_MIDCAP150,27332.93,281.15120775083597
2024-10-03,NIFTY_MIDCAP150,27449.92,282.3545869639233
2024-10-04,NIFTY_MIDCAP150,27272.19,280.5264256890963
2024-10-07,NIFTY_MIDCAP150,27329.83,281.1193206189395
2024-10-08,NIFTY_MIDCAP150,27310.18,280.91719734740207
2024-10-09,NIFTY_MIDCAP150,27115.28,278.91242250655483
2024-10-10,NIFTY_MIDCAP150,26634.68,273.9688884454406
2024-10-11,NIFTY_MIDCAP150,27057.16,278.31459021435353
2024-10-14,NIFTY_MIDCAP150,27248.24,280.280071879767
2024-10-15,NIFTY_MIDCAP150,27029.11,278.0260631015481
2024-10-16,NIFTY_MIDCAP150,27170.99,279.48546512524956
2024-10-17,NIFTY_MIDCAP150,26921.58,276.9199910716031
2024-10-18,NIFTY_MIDCAP150,26926.99,276.9756392598482
2024-10-21,NIFTY_MIDCAP150,27126.03,279.02299885103463
2024-10-22,NIFTY_MIDCAP150,27286.43,280.67290077238863
2024-10-23,NIFTY_MIDCAP150,27178.22,279.55983414576946
2024-10-24,NIFTY_MIDCAP150,27448.38,282.3387462596909
2024-10-25,NIFTY_MIDCAP150,27469.11,282.5519785965342
2024-10-28,NIFTY_MIDCAP150,27322.79,281.0469059710197
2024-10-29,NIFTY_MIDCAP150,27864.48,286.61882225392645
2024-10-30,NIFTY_MIDCAP150,27529.05,283.1685317210102
2024-10-31,NIFTY_MIDCAP150,27671.69,284.635751235112
2024-11-01,NIFTY_MIDCAP150,28137.69,289.4291071911654
2024-11-04,NIFTY_MIDCAP150,27617.39,284.07721211834445
2024-11-05,NIFTY_MIDCAP150,28152.57,289.58216542426857
2024-11-06,NIFTY_MIDCAP150,28715.39,295.3714285126504
2024-11-07,NIFTY_MIDCAP150,28581.36,293.9927729358482
2024-11-08,NIFTY_MIDCAP150,28693.51,295.14636707849064
2024-11-11,NIFTY_MIDCAP150,28472.99,292.8780605217763
2024-11-12,NIFTY_MIDCAP150,28225.76,290.3350103221731
2024-11-13,NIFTY_MIDCAP150,27883.52,286.8146709608004
2024-11-14,NIFTY_MIDCAP150,28442.44,292.5638179800222
2024-11-15,NIFTY_MIDCAP150,28385.63,291.97946057259
2024-11-18,NIFTY_MIDCAP150,27960.82,287.60979202389683
2024-11-19,NIFTY_MIDCAP150,28310.01,291.20162027774717
2024-11-20,NIFTY_MIDCAP150,28545.1,293.619796354375
2024-11-21,NIFTY_MIDCAP150,28685.21,295.0609918543807
2024-11-22,NIFTY_MIDCAP150,28489.96,293.05261685348063
2024-11-25,NIFTY_MIDCAP150,28377.97,291.90066849829094
2024-11-26,NIFTY_MIDCAP150,29071.23,299.0316598075045
2024-11-27,NIFTY_MIDCAP150,29217.02,300.53128076208185
2024-11-28,NIFTY_MIDCAP150,29060.84,298.9247864847934
2024-11-29,NIFTY_MIDCAP150,29325.47,301.6468160698801
2024-12-02,NIFTY_MIDCAP150,29626.17,304.7398678638399
2024-12-03,NIFTY_MIDCAP150,30260.81,311.2678837950624
2024-12-04,NIFTY_MIDCAP150,30302.55,311.6972285967913
2024-12-05,NIFTY_MIDCAP150,30574.68,314.49640446872434
2024-12-06,NIFTY_MIDCAP150,30779.0,316.5980750458506
2024-12-09,NIFTY_MIDCAP150,30550.08,314.24336464786836
2024-12-10,NIFTY_MIDCAP150,30099.69,309.6105758301711
2024-12-11,NIFTY_MIDCAP150,30331.81,311.9982019772079
2024-12-12,NIFTY_MIDCAP150,30590.31,314.6571773305121
2024-12-13,NIFTY_MIDCAP150,29777.13,306.29266832548325
2024-12-16,NIFTY_MIDCAP150,29975.62,308.3343705223009
2024-12-17,NIFTY_MIDCAP150,29967.79,308.2538297988333
2024-12-18,NIFTY_MIDCAP150,30135.31,309.97696926183346
2024-12-19,NIFTY_MIDCAP150,29990.34,308.48578296795137
2024-12-20,NIFTY_MIDCAP150,30508.39,313.8145341547184
2024-12-23,NIFTY_MIDCAP150,30886.4,317.70280987349037
2024-12-24,NIFTY_MIDCAP150,30423.0,312.9361979635437
2024-12-25,NIFTY_MIDCAP150,30106.07,309.6762016048485
2024-12-26,NIFTY_MIDCAP150,30145.79,310.0847683399868
2024-12-27,NIFTY_MIDCAP150,29954.01,308.1120863544676
2024-12-30,NIFTY_MIDCAP150,30342.83,312.1115555880141
2024-12-31,NIFTY_MIDCAP150,30015.58,308.74540593861826
2025-01-01,NIFTY_MIDCAP150,30402.21,312.72234845640565
2025-01-02,NIFTY_MIDCAP150,29595.57,304.42511101350675
2025-01-03,NIFTY_MIDCAP150,29478.76,303.22358331130374
2025-01-06,NIFTY_MIDCAP150,29965.55,308.2307887744952
2025-01-07,NIFTY_MIDCAP150,29965.1,308.2261599972844
2025-01-08,NIFTY_MIDCAP150,29993.57,308.51900730215317
2025-01-09,NIFTY_MIDCAP150,30278.52,311.4500518937356
2025-01-10,NIFTY_MIDCAP150,30479.55,313.51788096636517
2025-01-13,NIFTY_MIDCAP150,30460.14,313.31822637600686
2025-01-14,NIFTY_MIDCAP150,30938.52,318.23892513621456
2025-01-15,NIFTY_MIDCAP150,31003.57,318.90804059746193
2025-01-16,NIFTY_MIDCAP150,31214.67,321.07945141789725
2025-01-17,NIFTY_MIDCAP150,31571.01,324.74482579854117
2025-01-20,NIFTY_MIDCAP150,30732.77,316.12254533372965
2025-01-21,NIFTY_MIDCAP150,30502.46,313.75353715725186
2025-01-22,NIFTY_MIDCAP150,30318.42,311.86047013975815
2025-01-23,NIFTY_MIDCAP150,30565.15,314.3983772535716
2025-01-24,NIFTY_MIDCAP150,31195.14,320.87856248694936
2025-01-27,NIFTY_MIDCAP150,30561.45,314.3603184187274
2025-01-28,NIFTY_MIDCAP150,30436.93,313.07948433364635
2025-01-29,NIFTY_MIDCAP150,30836.5,317.1895299116726
2025-01-30,NIFTY_MIDCAP150,30253.33,311.1909432316477
2025-01-31,NIFTY_MIDCAP150,30404.41,312.74497803388056
2025-02-03,NIFTY_MIDCAP150,30581.28,314.5642932011491
2025-02-04,NIFTY_MIDCAP150,30787.79,316.6884904940345
2025-02-05,NIFTY_MIDCAP150,30417.12,312.87571527465616
2025-02-06,NIFTY_MIDCAP150,30422.48,312.9308491543224
2025-02-07,NIFTY_MIDCAP150,30029.74,308.8910581281842
2025-02-10,NIFTY_MIDCAP150,30428.47,312.99246332208367
2025-02-11,NIFTY_MIDCAP150,30082.58,309.4345794344457
2025-02-12,NIFTY_MIDCAP150,30114.49,309.762811169548
2025-02-13,NIFTY_MIDCAP150,30856.56,317.39587051355767
2025-02-14,NIFTY_MIDCAP150,31273.5,321.68458689192005
2025-02-17,NIFTY_MIDCAP150,30672.14,315.49889475086377
2025-02-18,NIFTY_MIDCAP150,30586.08,314.61366682473084
2025-02-19,NIFTY_MIDCAP150,30628.36,315.0485661591126
2025-02-20,NIFTY_MIDCAP150,30581.87,314.570362042381
2025-02-21,NIFTY_MIDCAP150,30736.33,316.15916410455276
2025-02-24,NIFTY_MIDCAP150,30971.31,318.5762087023069
2025-02-25,NIFTY_MIDCAP150,31642.0,325.47504111897086
2025-02-26,NIFTY_MIDCAP150,31494.8,323.96091666246645
2025-02-27,NIFTY_MIDCAP150,31781.54,326.9103735011762
2025-02-28,NIFTY_MIDCAP150,31736.23,326.44430706690844
2025-03-03,NIFTY_MIDCAP150,32326.19,332.5127368519583
2025-03-04,NIFTY_MIDCAP150,32490.53,334.20316628933557
2025-03-05,NIFTY_MIDCAP150,32526.17,334.56976544442944
2025-03-06,NIFTY_MIDCAP150,32450.48,333.79120511757606
2025-03-07,NIFTY_MIDCAP150,32152.27,330.7237658908493
2025-03-10,NIFTY_MIDCAP150,32490.39,334.2017262253144
2025-03-11,NIFTY_MIDCAP150,32209.86,331.3161465121135
2025-03-12,NIFTY_MIDCAP150,31555.45,324.58477296876396
2025-03-13,NIFTY_MIDCAP150,31233.4,321.2721114115816
2025-03-14,NIFTY_MIDCAP150,31307.49,322.0342138639078
2025-03-17,NIFTY_MIDCAP150,30896.39,317.80556872756966
2025-03-18,NIFTY_MIDCAP150,30635.08,315.11768923212696
2025-03-19,NIFTY_MIDCAP150,30004.32,308.6295836466329
2025-03-20,NIFTY_MIDCAP150,29743.03,305.9419098746218
2025-03-21,NIFTY_MIDCAP150,30345.26,312.1365509849523
2025-03-24,NIFTY_MIDCAP150,30147.32,310.10050618250335
2025-03-25,NIFTY_MIDCAP150,30129.46,309.9167951580933
2025-03-26,NIFTY_MIDCAP150,30924.71,318.0968731067015
2025-03-27,NIFTY_MIDCAP150,31060.78,319.4965124735259
2025-03-28,NIFTY_MIDCAP150,31183.52,320.75903717319545
2025-03-31,NIFTY_MIDCAP150,30867.41,317.5074754751954
2025-04-01,NIFTY_MIDCAP150,30966.5,318.5267322170094
2025-04-02,NIFTY_MIDCAP150,31600.7,325.0502222327369
2025-04-03,NIFTY_MIDCAP150,31190.44,320.8302174805257
2025-04-04,NIFTY_MIDCAP150,31144.6,320.3586993753208
2025-04-07,NIFTY_MIDCAP150,30752.24,316.3228170943828
2025-04-08,NIFTY_MIDCAP150,31340.99,322.3788006118215
2025-04-09,NIFTY_MIDCAP150,30944.13,318.2966305587757
2025-04-10,NIFTY_MIDCAP150,30717.7,315.9675327280264
2025-04-11,NIFTY_MIDCAP150,30335.75,312.03872949323113
2025-04-14,NIFTY_MIDCAP150,29882.89,307.3805338317326
2025-04-15,NIFTY_MIDCAP150,29933.13,307.89731109188733
2025-04-16,NIFTY_MIDCAP150,29833.5,306.8724998174204
2025-04-17,NIFTY_MIDCAP150,29971.49,308.29188863367756
2025-04-18,NIFTY_MIDCAP150,30202.55,310.66861143883995
2025-04-21,NIFTY_MIDCAP150,29650.96,304.99486205729596
2025-04-22,NIFTY_MIDCAP150,29771.52,306.2349629029222
2025-04-23,NIFTY_MIDCAP150,29483.71,303.27449986062237
2025-04-24,NIFTY_MIDCAP150,29550.61,303.9626447392918
2025-04-25,NIFTY_MIDCAP150,29681.49,305.3088988756186
2025-04-28,NIFTY_MIDCAP150,29613.28,304.6072791121799
2025-04-29,NIFTY_MIDCAP150,30077.78,309.385205810864
2025-04-30,NIFTY_MIDCAP150,29611.85,304.5925698868212
2025-05-01,NIFTY_MIDCAP150,29254.78,300.91968660092425
2025-05-02,NIFTY_MIDCAP150,29354.44,301.9448064605386
2025-05-05,NIFTY_MIDCAP150,30084.96,309.4590605228049
2025-05-06,NIFTY_MIDCAP150,29784.44,306.36786023972945
2025-05-07,NIFTY_MIDCAP150,29781.31,306.3356645226856
2025-05-08,NIFTY_MIDCAP150,30205.38,310.69772130441
2025-05-09,NIFTY_MIDCAP150,30540.16,314.1413258257995
2025-05-12,NIFTY_MIDCAP150,30773.41,316.5405753467211
2025-05-13,NIFTY_MIDCAP150,30542.78,314.16827559533783
2025-05-14,NIFTY_MIDCAP150,30553.37,314.2772061523649
2025-05-15,NIFTY_MIDCAP150,30583.05,314.58249972484487
2025-05-16,NIFTY_MIDCAP150,30966.6,318.52776083416734
2025-05-19,NIFTY_MIDCAP150,30939.58,318.2498284780889
2025-05-20,NIFTY_MIDCAP150,31438.92,323.38612539460325
2025-05-21,NIFTY_MIDCAP150,31439.4,323.3910627569614
2025-05-22,NIFTY_MIDCAP150,31509.14,324.10842036291666
2025-05-23,NIFTY_MIDCAP150,31483.39,323.8435514447442
2025-05-26,NIFTY_MIDCAP150,31440.07,323.3979544919197
2025-05-27,NIFTY_MIDCAP150,31434.69,323.34261488882186
2025-05-28,NIFTY_MIDCAP150,31466.92,323.6741381988296
2025-05-29,NIFTY_MIDCAP150,30913.33,317.97981647412666
2025-05-30,NIFTY_MIDCAP150,30834.97,317.173792069156
2025-06-02,NIFTY_MIDCAP150,31451.06,323.5109995175785
2025-06-03,NIFTY_MIDCAP150,30830.52,317.1280186056271
2025-06-04,NIFTY_MIDCAP150,30764.57,316.4496455899582
2025-06-05,NIFTY_MIDCAP150,30588.81,314.6417480731429
2025-06-06,NIFTY_MIDCAP150,30721.85,316.0102203400814
2025-06-09,NIFTY_MIDCAP150,30919.72,318.04554511051975
2025-06-10,NIFTY_MIDCAP150,30990.57,318.7743203669283
2025-06-11,NIFTY_MIDCAP150,30310.63,311.7803408631538
2025-06-12,NIFTY_MIDCAP150,29640.44,304.8866515322795
2025-06-13,NIFTY_MIDCAP150,28776.7,296.0020736921904
2025-06-16,NIFTY_MIDCAP150,28750.66,295.7342217842599
2025-06-17,NIFTY_MIDCAP150,28237.73,290.45813579597996
2025-06-18,NIFTY_MIDCAP150,27513.22,283.0057016249065
2025-06-19,NIFTY_MIDCAP150,27245.07,280.2474647158599
2025-06-20,NIFTY_MIDCAP150,27052.15,278.26305649474017
2025-06-23,NIFTY_MIDCAP150,27044.13,278.18056139867247
2025-06-24,NIFTY_MIDCAP150,27063.55,278.38031885074656
2025-06-25,NIFTY_MIDCAP150,27099.35,278.74856379329316
2025-06-26,NIFTY_MIDCAP150,27369.87,281.5311789289832
2025-06-27,NIFTY_MIDCAP150,27296.36,280.7750424561732
2025-06-30,NIFTY_MIDCAP150,27546.64,283.34946547909385
2025-07-01,NIFTY_MIDCAP150,27454.98,282.40663499211564
2025-07-02,NIFTY_MIDCAP150,27348.67,281.31311209149754
2025-07-03,NIFTY_MIDCAP150,27189.32,279.674010650302
2025-07-04,NIFTY_MIDCAP150,27195.37,279.7362419883581
2025-07-07,NIFTY_MIDCAP150,27417.0,282.0159661955257
2025-07-08,NIFTY_MIDCAP150,27634.14,284.2495054923013
2025-07-09,NIFTY_MIDCAP150,27843.41,286.4020926187461
2025-07-10,NIFTY_MIDCAP150,27959.35,287.5946713516749
2025-07-11,NIFTY_MIDCAP150,27613.89,284.0412105178161
2025-07-14,NIFTY_MIDCAP150,28508.94,293.2478483900598
2025-07-15,NIFTY_MIDCAP150,28098.98,289.03092948932243
2025-07-16,NIFTY_MIDCAP150,28155.85,289.61590406704937
2025-07-17,NIFTY_MIDCAP150,29147.84,299.8196834122111
2025-07-18,NIFTY_MIDCAP150,29459.64,303.0269117107034
2025-07-21,NIFTY_MIDCAP150,29245.2,300.82114507719257
2025-07-22,NIFTY_MIDCAP150,29670.86,305.1995568717283
2025-07-23,NIFTY_MIDCAP150,29755.46,306.06976698735514
2025-07-24,NIFTY_MIDCAP150,29500.02,303.44226731908424
2025-07-25,NIFTY_MIDCAP150,29591.85,304.3868464552309
2025-07-28,NIFTY_MIDCAP150,29489.1,303.3299423254359
2025-07-29,NIFTY_MIDCAP150,29436.08,302.78456950829013
2025-07-30,NIFTY_MIDCAP150,29468.96,303.12277882982454
2025-07-31,NIFTY_MIDCAP150,29722.51,305.7308376338102
2025-08-01,NIFTY_MIDCAP150,30047.02,309.06880317307815
2025-08-04,NIFTY_MIDCAP150,29818.84,306.72170454206474
2025-08-05,NIFTY_MIDCAP150,29959.88,308.1724661816394
2025-08-06,NIFTY_MIDCAP150,29888.06,307.4337133387987
2025-08-07,NIFTY_MIDCAP150,30168.35,310.3168243708206
2025-08-08,NIFTY_MIDCAP150,29839.93,306.93863990067666
2025-08-11,NIFTY_MIDCAP150,29851.86,307.0613539276203
2025-08-12,NIFTY_MIDCAP150,29257.7,300.9497222219365
2025-08-13,NIFTY_MIDCAP150,29511.01,303.5553123447431
2025-08-14,NIFTY_MIDCAP150,30139.19,310.0168796075619
2025-08-15,NIFTY_MIDCAP150,30691.92,315.70235522470654
2025-08-18,NIFTY_MIDCAP150,31004.49,318.91750387531516
2025-08-19,NIFTY_MIDCAP150,31227.06,321.20689708376744
2025-08-20,NIFTY_MIDCAP150,31987.55,329.0294277082718
2025-08-21,NIFTY_MIDCAP150,31806.46,327.16670489693763
2025-08-22,NIFTY_MIDCAP150,31735.38,326.43556382106584
2025-08-25,NIFTY_MIDCAP150,32268.28,331.91706465578864
2025-08-26,NIFTY_MIDCAP150,32237.8,331.6035421460451
2025-08-27,NIFTY_MIDCAP150,31921.64,328.3514661394661
2025-08-28,NIFTY_MIDCAP150,31396.03,322.94495149555786
2025-08-29,NIFTY_MIDCAP150,31118.29,320.0880702010638
2025-09-01,NIFTY_MIDCAP150,31765.03,326.7405488083984
2025-09-02,NIFTY_MIDCAP150,31747.98,326.5651695829677
2025-09-03,NIFTY_MIDCAP150,31495.39,323.96698550369837
2025-09-04,NIFTY_MIDCAP150,31483.81,323.8478716368076
2025-09-05,NIFTY_MIDCAP150,31620.21,325.25090544025323
2025-09-08,NIFTY_MIDCAP150,30980.47,318.6704300339752
2025-09-09,NIFTY_MIDCAP150,30688.66,315.6688223053573
2025-09-10,NIFTY_MIDCAP150,30194.5,310.5858077576249
2025-09-11,NIFTY_MIDCAP150,30719.14,315.9823448151009
2025-09-12,NIFTY_MIDCAP150,30697.57,315.76047209413076
2025-09-15,NIFTY_MIDCAP150,30656.11,315.33400742044415
2025-09-16,NIFTY_MIDCAP150,30612.92,314.88974766992493
2025-09-17,NIFTY_MIDCAP150,30245.84,311.1138998065171
2025-09-18,NIFTY_MIDCAP150,30443.35,313.1455215551868
2025-09-19,NIFTY_MIDCAP150,31103.25,319.9333661805079
2025-09-22,NIFTY_MIDCAP150,30905.79,317.90225874041715
2025-09-23,NIFTY_MIDCAP150,31238.47,321.32426230148974
2025-09-24,NIFTY_MIDCAP150,31218.75,321.1214189979417
2025-09-25,NIFTY_MIDCAP150,30969.29,318.5554306357163
2025-09-26,NIFTY_MIDCAP150,31308.76,322.0472773018137
2025-09-29,NIFTY_MIDCAP150,30758.05,316.3825797512598
2025-09-30,NIFTY_MIDCAP150,30285.16,311.51835207302355
2025-10-01,NIFTY_MIDCAP150,30917.91,318.02692713996083
2025-10-02,NIFTY_MIDCAP150,30796.43,316.7773630164815
2025-10-03,NIFTY_MIDCAP150,31235.16,321.2902150735615
2025-10-06,NIFTY_MIDCAP150,31213.34,321.0657708096965
2025-10-07,NIFTY_MIDCAP150,30347.31,312.15763763669037
2025-10-08,NIFTY_MIDCAP150,30601.69,314.774233963087
2025-10-09,NIFTY_MIDCAP150,30749.15,316.29103282420215
2025-10-10,NIFTY_MIDCAP150,30508.98,313.8206029959503
2025-10-13,NIFTY_MIDCAP150,30910.17,317.9473121719353
2025-10-14,NIFTY_MIDCAP150,31259.55,321.5410947983858
2025-10-15,NIFTY_MIDCAP150,31012.76,319.0025705142777
2025-10-16,NIFTY_MIDCAP150,31415.78,323.14810338425326
2025-10-17,NIFTY_MIDCAP150,31514.25,324.16098269968796
2025-10-20,NIFTY_MIDCAP150,31558.95,324.6207745692923
2025-10-21,NIFTY_MIDCAP150,31316.12,322.1229835246389
2025-10-22,NIFTY_MIDCAP150,31012.22,318.99701598162477
2025-10-23,NIFTY_MIDCAP150,31535.25,324.3769923028578
2025-10-24,NIFTY_MIDCAP150,31692.73,325.9968586031996
2025-10-27,NIFTY_MIDCAP150,32054.25,329.71551535262535
2025-10-28,NIFTY_MIDCAP150,31900.64,328.13545653629626
2025-10-29,NIFTY_MIDCAP150,32103.83,330.22550373953766
2025-10-30,NIFTY_MIDCAP150,31997.5,329.1317751154879
2025-10-31,NIFTY_MIDCAP150,32260.83,331.84043267752133
2025-11-03,NIFTY_MIDCAP150,31771.89,326.8111119454339
2025-11-04,NIFTY_MIDCAP150,31296.59,321.92209459369104
2025-11-05,NIFTY_MIDCAP150,30926.29,318.11312525779715
2025-11-06,NIFTY_MIDCAP150,30941.68,318.27142943840585
2025-11-07,NIFTY_MIDCAP150,30192.05,310.56060663725503
2025-11-10,NIFTY_MIDCAP150,30369.47,312.38557919889234
2025-11-11,NIFTY_MIDCAP150,30600.75,314.76456496180225
2025-11-12,NIFTY_MIDCAP150,30019.5,308.78572773120993
2025-11-13,NIFTY_MIDCAP150,29900.49,307.5615704515321
2025-11-14,NIFTY_MIDCAP150,30556.05,314.304773092198
2025-11-17,NIFTY_MIDCAP150,30423.58,312.9421639430598
2025-11-18,NIFTY_MIDCAP150,30097.03,309.58321461376966
2025-11-19,NIFTY_MIDCAP150,29988.21,308.463873422487
2025-11-20,NIFTY_MIDCAP150,30408.66,312.7886942630935
2025-11-21,NIFTY_MIDCAP150,30034.14,308.93631728313403
2025-11-24,NIFTY_MIDCAP150,30242.04,311.0748123545149
2025-11-25,NIFTY_MIDCAP150,30406.8,312.76956198395555
2025-11-26,NIFTY_MIDCAP150,30422.44,312.9304377074592
2025-11-27,NIFTY_MIDCAP150,30311.71,311.7914499284596
2025-11-28,NIFTY_MIDCAP150,30651.57,315.28730820147314
2025-12-01,NIFTY_MIDCAP150,30277.25,311.4369884558296
2025-12-02,NIFTY_MIDCAP150,30435.44,313.0641579379929
2025-12-03,NIFTY_MIDCAP150,29923.96,307.8029868985032
2025-12-04,NIFTY_MIDCAP150,30272.29,311.3859690447952
2025-12-05,NIFTY_MIDCAP150,30552.69,314.2702115556908
2025-12-08,NIFTY_MIDCAP150,30427.87,312.98629161913595
2025-12-09,NIFTY_MIDCAP150,30366.77,312.3578065356277
2025-12-10,NIFTY_MIDCAP150,30551.15,314.2543708514584
2025-12-11,NIFTY_MIDCAP150,30104.14,309.6563492937
2025-12-12,NIFTY_MIDCAP150,30021.57,308.8070201063795
2025-12-15,NIFTY_MIDCAP150,30039.92,308.9957713548636
2025-12-16,NIFTY_MIDCAP150,29483.0,303.2671966788009
2025-12-17,NIFTY_MIDCAP150,29803.55,306.564428978614
2025-12-18,NIFTY_MIDCAP150,30534.29,314.0809459986278
2025-12-19,NIFTY_MIDCAP150,31398.29,322.9681982433276
2025-12-22,NIFTY_MIDCAP150,30730.64,316.10063578826527
2025-12-23,NIFTY_MIDCAP150,31157.45,320.4908766801175
2025-12-24,NIFTY_MIDCAP150,30954.95,318.407926935266
2025-12-25,NIFTY_MIDCAP150,30935.73,318.21022671750774
2025-12-26,NIFTY_MIDCAP150,30612.61,314.8865589567353
2025-12-29,NIFTY_MIDCAP150,30843.73,317.2638989321925
2025-12-30,NIFTY_MIDCAP150,29999.82,308.58329587452516
2025-12-31,NIFTY_MIDCAP150,29613.27,304.60717625046414
2026-01-01,NIFTY_MIDCAP150,28882.82,297.0936422202084
2026-01-02,NIFTY_MIDCAP150,28712.3,295.3396442424697
2026-01-05,NIFTY_MIDCAP150,28628.65,294.4792059898434
2026-01-06,NIFTY_MIDCAP150,28140.18,289.45471975839837
2026-01-07,NIFTY_MIDCAP150,28325.04,291.3562214365873
2026-01-08,NIFTY_MIDCAP150,28482.63,292.97721921580285
2026-01-09,NIFTY_MIDCAP150,28781.91,296.0556646461197
2026-01-12,NIFTY_MIDCAP150,29263.11,301.0053704101816
2026-01-13,NIFTY_MIDCAP150,29193.46,300.2889385596685
2026-01-14,NIFTY_MIDCAP150,29285.83,301.2390722284682
2026-01-15,NIFTY_MIDCAP150,28966.56,297.9550062282769
2026-01-16,NIFTY_MIDCAP150,29007.09,298.37190476239454
2026-01-19,NIFTY_MIDCAP150,29062.67,298.9436101787839
2026-01-20,NIFTY_MIDCAP150,29588.43,304.351667748429
2026-01-21,NIFTY_MIDCAP150,29787.74,306.4018046059419
2026-01-22,NIFTY_MIDCAP150,29995.08,308.53453942123826
2026-01-23,NIFTY_MIDCAP150,29911.47,307.6745126154751
2026-01-26,NIFTY_MIDCAP150,28842.18,296.67561220721694
2026-01-27,NIFTY_MIDCAP150,28868.27,296.9439784237265
2026-01-28,NIFTY_MIDCAP150,28730.88,295.53076131041706
2026-01-29,NIFTY_MIDCAP150,28389.01,292.0142278325288
2026-01-30,NIFTY_MIDCAP150,28646.64,294.66425421655885
2026-02-02,NIFTY_MIDCAP150,28987.51,298.17050152286765
2026-02-03,NIFTY_MIDCAP150,28676.71,294.9735593959548
2026-02-04,NIFTY_MIDCAP150,28707.29,295.28811052285636
2026-02-05,NIFTY_MIDCAP150,28690.44,295.11478853174157
2026-02-06,NIFTY_MIDCAP150,29080.87,299.13081850153105
2026-02-09,NIFTY_MIDCAP150,29244.0,300.80880167129715
2026-02-10,NIFTY_MIDCAP150,29500.03,303.4423701808
2026-02-11,NIFTY_MIDCAP150,29395.55,302.3676709741724
2026-02-12,NIFTY_MIDCAP150,29552.37,303.98074840127174
2026-02-13,NIFTY_MIDCAP150,29865.06,307.19713139246994
2026-02-16,NIFTY_MIDCAP150,30679.14,315.5708979519203
2026-02-17,NIFTY_MIDCAP150,30510.85,313.83983813680396
2026-02-18,NIFTY_MIDCAP150,30404.11,312.74189218240673
2026-02-19,NIFTY_MIDCAP150,30169.65,310.33019639387396
2026-02-20,NIFTY_MIDCAP150,30036.14,308.9568896262931
2026-02-23,NIFTY_MIDCAP150,30529.92,314.0359954288253
2026-02-24,NIFTY_MIDCAP150,30263.53,311.29586218175865
2026-02-25,NIFTY_MIDCAP150,30416.85,312.8729380083297
2026-02-26,NIFTY_MIDCAP150,30782.5,316.6340766463789
2026-02-27,NIFTY_MIDCAP150,31223.71,321.17243840897606
2026-03-02,NIFTY_MIDCAP150,31763.06,326.7202850503868
2026-03-03,NIFTY_MIDCAP150,31953.29,328.6770234699577
2026-03-04,NIFTY_MIDCAP150,32109.07,330.2794032786143
2026-03-05,NIFTY_MIDCAP150,31923.09,328.36638108825633
2026-03-06,NIFTY_MIDCAP150,31238.0,321.3194278008474
2026-03-09,NIFTY_MIDCAP150,31047.48,319.3597063915184
2026-03-10,NIFTY_MIDCAP150,31123.31,320.1397067823929
2026-03-11,NIFTY_MIDCAP150,31503.08,324.0460861631449
2026-03-12,NIFTY_MIDCAP150,32064.32,329.81909710043107
2026-03-13,NIFTY_MIDCAP150,32087.05,330.0529017804334
2026-03-16,NIFTY_MIDCAP150,32519.41,334.50023092455194
2026-03-17,NIFTY_MIDCAP150,32601.9,335.348737218146
2026-03-18,NIFTY_MIDCAP150,32699.66,336.35431335175923
2026-03-19,NIFTY_MIDCAP150,32609.61,335.42804360102406
2026-03-20,NIFTY_MIDCAP150,32454.84,333.83605282566276
2026-03-23,NIFTY_MIDCAP150,32261.91,331.8515417428272
2026-03-24,NIFTY_MIDCAP150,32081.59,329.99673928360926
2026-03-25,NIFTY_MIDCAP150,31857.44,327.6910939240613
2026-03-26,NIFTY_MIDCAP150,32186.46,331.07545009715284
2026-03-27,NIFTY_MIDCAP150,32673.63,336.0865643055445
2026-03-30,NIFTY_MIDCAP150,32414.16,333.4176113658081
2026-03-31,NIFTY_MIDCAP150,32108.14,330.26983713904536
2026-04-01,NIFTY_MIDCAP150,32060.72,329.78206688274486
2026-04-02,NIFTY_MIDCAP150,31765.19,326.7421945958511
2026-04-03,NIFTY_MIDCAP150,31420.75,323.19922565700347
2026-04-06,NIFTY_MIDCAP150,31316.6,322.1279208869971
2026-04-07,NIFTY_MIDCAP150,31423.15,323.2239124687943
2026-04-08,NIFTY_MIDCAP150,31525.63,324.27803933226284
2026-04-09,NIFTY_MIDCAP150,31433.73,323.33274016410553
2026-04-10,NIFTY_MIDCAP150,31267.19,321.6196811492533
2026-04-13,NIFTY_MIDCAP150,31503.77,324.0531836215347
2026-04-14,NIFTY_MIDCAP150,31662.95,325.6905364135617
2026-04-15,NIFTY_MIDCAP150,31744.99,326.534413929945
2026-04-16,NIFTY_MIDCAP150,31562.54,324.65770192526276
2026-04-17,NIFTY_MIDCAP150,32063.61,329.8117939186096
2026-04-20,NIFTY_MIDCAP150,31610.65,325.15256963995313
2026-04-21,NIFTY_MIDCAP150,31430.8,323.3026016813776
2026-04-22,NIFTY_MIDCAP150,31100.86,319.90878223043285
2026-04-23,NIFTY_MIDCAP150,31121.22,320.11820868379175
2026-04-24,NIFTY_MIDCAP150,30906.25,317.9069903793437
2026-04-27,NIFTY_MIDCAP150,30958.91,318.4486601747209
2026-04-28,NIFTY_MIDCAP150,31163.05,320.5484792409628
2026-04-29,NIFTY_MIDCAP150,31633.27,325.3852428410817
2026-04-30,NIFTY_MIDCAP150,31730.44,326.38475013346306
2026-05-01,NIFTY_MIDCAP150,31822.38,327.3304607484835
2026-05-04,NIFTY_MIDCAP150,31998.33,329.140312637899
2026-05-05,NIFTY_MIDCAP150,31199.73,320.9257760144994
2026-05-06,NIFTY_MIDCAP150,31239.91,321.3390743885642
2026-05-07,NIFTY_MIDCAP150,30869.71,317.53113366982825
2026-05-08,NIFTY_MIDCAP150,30662.83,315.4031304934585
2026-05-11,NIFTY_MIDCAP150,30640.59,315.1743660375301
2026-05-12,NIFTY_MIDCAP150,30992.97,318.79900717871914
2026-05-13,NIFTY_MIDCAP150,30397.31,312.671946215666
2026-05-14,NIFTY_MIDCAP150,30499.17,313.71969565275526
2026-05-15,NIFTY_MIDCAP150,30554.41,314.2879037708076
2026-05-18,NIFTY_MIDCAP150,30723.63,316.0285297254929
2026-05-19,NIFTY_MIDCAP150,31532.84,324.35220262935115
2026-05-20,NIFTY_MIDCAP150,32114.68,330.33710870117534
2026-05-21,NIFTY_MIDCAP150,32241.35,331.64005805515234
2026-05-22,NIFTY_MIDCAP150,32467.58,333.96709865158573
2026-05-25,NIFTY_MIDCAP150,32474.69,334.04023333151605
2026-05-26,NIFTY_MIDCAP150,32776.35,337.14315985019215
2026-05-27,NIFTY_MIDCAP150,32810.37,337.49309540732725
2026-05-28,NIFTY_MIDCAP150,32990.66,339.3475892813978
2026-05-29,NIFTY_MIDCAP150,32763.85,337.0145827054482
